id,title,url,category,tags,text,days_old,source_score,citations
d0,Embeddings best practices and doc,https://example.com/embeddings/0,doc,"ui,transformers","This doc explains embeddings within RAG pipelines, covering optimization, trade-offs, and metadata usage.",2389,0.27063301091573716,209
d1,Bm25 best practices and benchmark,https://example.com/bm25/1,benchmark,"sklearn,api,faiss","This benchmark explains bm25 within RAG pipelines, covering optimization, trade-offs, and metadata usage.",2685,0.47809851817443594,135
d2,Random Forest best practices and benchmark,https://example.com/random-forest/2,benchmark,"transformers,ui","This benchmark explains random forest within RAG pipelines, covering optimization, trade-offs, and metadata usage.",2852,0.3704290413385827,133
d3,Embeddings best practices and blog,https://example.com/embeddings/3,blog,ui,"This blog explains embeddings within RAG pipelines, covering optimization, trade-offs, and metadata usage.",3240,0.6737482993415487,248
d4,Random Forest best practices and doc,https://example.com/random-forest/4,doc,"indexing,production","This doc explains random forest within RAG pipelines, covering optimization, trade-offs, and metadata usage.",2556,0.7837876228053213,267
d5,Evaluation best practices and tutorial,https://example.com/evaluation/5,tutorial,"transformers,production","This tutorial explains evaluation within RAG pipelines, covering optimization, trade-offs, and metadata usage.",1328,0.712286714931841,46
d6,Streamlit best practices and doc,https://example.com/streamlit/6,doc,"indexing,pytorch,ui","This doc explains streamlit within RAG pipelines, covering optimization, trade-offs, and metadata usage.",1338,0.34210351931321425,140
d7,Mpnet best practices and tutorial,https://example.com/mpnet/7,tutorial,"pytorch,indexing","This tutorial explains mpnet within RAG pipelines, covering optimization, trade-offs, and metadata usage.",2505,0.5278639391542481,200
d8,Random Forest best practices and benchmark,https://example.com/random-forest/8,benchmark,"pytorch,production,api","This benchmark explains random forest within RAG pipelines, covering optimization, trade-offs, and metadata usage.",2298,0.4906087842726308,241
d9,Throughput best practices and paper,https://example.com/throughput/9,paper,"ui,python,sklearn","This paper explains throughput within RAG pipelines, covering optimization, trade-offs, and metadata usage.",874,0.7901932831266039,2
d10,Evaluation best practices and doc,https://example.com/evaluation/10,doc,"python,faiss,api","This doc explains evaluation within RAG pipelines, covering optimization, trade-offs, and metadata usage.",1721,0.3048477485957431,170
d11,Ranking best practices and tutorial,https://example.com/ranking/11,tutorial,"ui,sklearn,transformers","This tutorial explains ranking within RAG pipelines, covering optimization, trade-offs, and metadata usage.",1604,0.6760387400004431,229
d12,Vector Db best practices and blog,https://example.com/vector-db/12,blog,"api,pytorch","This blog explains vector db within RAG pipelines, covering optimization, trade-offs, and metadata usage.",330,0.5275380419242718,9
d13,Fastapi best practices and paper,https://example.com/fastapi/13,paper,"indexing,ui","This paper explains fastapi within RAG pipelines, covering optimization, trade-offs, and metadata usage.",1009,0.24372705626679952,70
d14,Throughput best practices and paper,https://example.com/throughput/14,paper,transformers,"This paper explains throughput within RAG pipelines, covering optimization, trade-offs, and metadata usage.",3349,0.6177741142559587,198
d15,Bm25 best practices and doc,https://example.com/bm25/15,doc,"indexing,transformers","This doc explains bm25 within RAG pipelines, covering optimization, trade-offs, and metadata usage.",3635,0.32522968993077794,244
d16,Rag best practices and tutorial,https://example.com/rag/16,tutorial,api,"This tutorial explains rag within RAG pipelines, covering optimization, trade-offs, and metadata usage.",387,0.5464079226885405,216
d17,Reranker best practices and tutorial,https://example.com/reranker/17,tutorial,"python,ui","This tutorial explains reranker within RAG pipelines, covering optimization, trade-offs, and metadata usage.",3287,0.534617206680523,208
d18,Random Forest best practices and paper,https://example.com/random-forest/18,paper,api,"This paper explains random forest within RAG pipelines, covering optimization, trade-offs, and metadata usage.",871,0.4713594579150428,189
d19,Fastapi best practices and tutorial,https://example.com/fastapi/19,tutorial,transformers,"This tutorial explains fastapi within RAG pipelines, covering optimization, trade-offs, and metadata usage.",1250,0.8814355180307052,288
d20,Mpnet best practices and doc,https://example.com/mpnet/20,doc,api,"This doc explains mpnet within RAG pipelines, covering optimization, trade-offs, and metadata usage.",1669,0.7840631779743459,290
d21,Metadata best practices and doc,https://example.com/metadata/21,doc,"pytorch,faiss","This doc explains metadata within RAG pipelines, covering optimization, trade-offs, and metadata usage.",2879,0.8769517974078813,28
d22,Faiss best practices and blog,https://example.com/faiss/22,blog,api,"This blog explains faiss within RAG pipelines, covering optimization, trade-offs, and metadata usage.",2569,0.634414676706422,91
d23,Bm25 best practices and tutorial,https://example.com/bm25/23,tutorial,"production,api,sklearn","This tutorial explains bm25 within RAG pipelines, covering optimization, trade-offs, and metadata usage.",1690,0.6704816305268324,129
d24,Faiss best practices and blog,https://example.com/faiss/24,blog,"faiss,production","This blog explains faiss within RAG pipelines, covering optimization, trade-offs, and metadata usage.",345,0.23121063039641937,124
d25,Random Forest best practices and blog,https://example.com/random-forest/25,blog,faiss,"This blog explains random forest within RAG pipelines, covering optimization, trade-offs, and metadata usage.",687,0.27755222579191374,43
d26,Random Forest best practices and blog,https://example.com/random-forest/26,blog,pytorch,"This blog explains random forest within RAG pipelines, covering optimization, trade-offs, and metadata usage.",2896,0.6357958547752962,277
d27,Bert best practices and paper,https://example.com/bert/27,paper,"production,pytorch","This paper explains bert within RAG pipelines, covering optimization, trade-offs, and metadata usage.",2235,0.5617275777071752,287
d28,Mpnet best practices and doc,https://example.com/mpnet/28,doc,pytorch,"This doc explains mpnet within RAG pipelines, covering optimization, trade-offs, and metadata usage.",237,0.5680302457658908,145
d29,Bert best practices and benchmark,https://example.com/bert/29,benchmark,"sklearn,indexing","This benchmark explains bert within RAG pipelines, covering optimization, trade-offs, and metadata usage.",587,0.44867674800691415,80
d30,Bm25 best practices and blog,https://example.com/bm25/30,blog,"production,pytorch","This blog explains bm25 within RAG pipelines, covering optimization, trade-offs, and metadata usage.",3101,0.872120578879825,247
d31,Bm25 best practices and tutorial,https://example.com/bm25/31,tutorial,"pytorch,production","This tutorial explains bm25 within RAG pipelines, covering optimization, trade-offs, and metadata usage.",1102,0.4109253378792562,201
d32,Ranking best practices and doc,https://example.com/ranking/32,doc,"pytorch,ui,api","This doc explains ranking within RAG pipelines, covering optimization, trade-offs, and metadata usage.",2665,0.3726604931711606,274
d33,Ranking best practices and tutorial,https://example.com/ranking/33,tutorial,"transformers,sklearn","This tutorial explains ranking within RAG pipelines, covering optimization, trade-offs, and metadata usage.",515,0.8061886040482265,248
d34,Fastapi best practices and paper,https://example.com/fastapi/34,paper,"sklearn,faiss,pytorch","This paper explains fastapi within RAG pipelines, covering optimization, trade-offs, and metadata usage.",739,0.9020326775367224,76
d35,Random Forest best practices and tutorial,https://example.com/random-forest/35,tutorial,pytorch,"This tutorial explains random forest within RAG pipelines, covering optimization, trade-offs, and metadata usage.",1946,0.9442816730418777,130
d36,Random Forest best practices and benchmark,https://example.com/random-forest/36,benchmark,"ui,faiss,pytorch","This benchmark explains random forest within RAG pipelines, covering optimization, trade-offs, and metadata usage.",331,0.4369467888730948,155
d37,Retrieval best practices and doc,https://example.com/retrieval/37,doc,"transformers,indexing","This doc explains retrieval within RAG pipelines, covering optimization, trade-offs, and metadata usage.",1224,0.7600922085117694,28
d38,Similarity best practices and paper,https://example.com/similarity/38,paper,"python,production,api","This paper explains similarity within RAG pipelines, covering optimization, trade-offs, and metadata usage.",19,0.3149632374683705,249
d39,Reranker best practices and tutorial,https://example.com/reranker/39,tutorial,"ui,faiss","This tutorial explains reranker within RAG pipelines, covering optimization, trade-offs, and metadata usage.",1340,0.43274275467507106,58
d40,Fastapi best practices and doc,https://example.com/fastapi/40,doc,"indexing,sklearn,transformers","This doc explains fastapi within RAG pipelines, covering optimization, trade-offs, and metadata usage.",1169,0.37224202249914146,4
d41,Metadata best practices and tutorial,https://example.com/metadata/41,tutorial,"api,pytorch,production","This tutorial explains metadata within RAG pipelines, covering optimization, trade-offs, and metadata usage.",65,0.6358374569156768,208
d42,Bert best practices and tutorial,https://example.com/bert/42,tutorial,"production,faiss,indexing","This tutorial explains bert within RAG pipelines, covering optimization, trade-offs, and metadata usage.",3154,0.2928153527377585,39
d43,Vector Db best practices and benchmark,https://example.com/vector-db/43,benchmark,"pytorch,ui","This benchmark explains vector db within RAG pipelines, covering optimization, trade-offs, and metadata usage.",295,0.6971481595726868,146
d44,Rag best practices and benchmark,https://example.com/rag/44,benchmark,indexing,"This benchmark explains rag within RAG pipelines, covering optimization, trade-offs, and metadata usage.",1901,0.21864461853969225,277
d45,Vector Db best practices and blog,https://example.com/vector-db/45,blog,"api,production","This blog explains vector db within RAG pipelines, covering optimization, trade-offs, and metadata usage.",540,0.5143357394872279,42
d46,Retrieval best practices and benchmark,https://example.com/retrieval/46,benchmark,"python,indexing","This benchmark explains retrieval within RAG pipelines, covering optimization, trade-offs, and metadata usage.",605,0.5505362011664687,241
d47,Prompting best practices and doc,https://example.com/prompting/47,doc,faiss,"This doc explains prompting within RAG pipelines, covering optimization, trade-offs, and metadata usage.",3091,0.8220714611620523,32
d48,Metadata best practices and doc,https://example.com/metadata/48,doc,transformers,"This doc explains metadata within RAG pipelines, covering optimization, trade-offs, and metadata usage.",1689,0.6545118655250082,159
d49,Streamlit best practices and benchmark,https://example.com/streamlit/49,benchmark,"transformers,pytorch","This benchmark explains streamlit within RAG pipelines, covering optimization, trade-offs, and metadata usage.",2749,0.5194115647801325,112
d50,Faiss best practices and doc,https://example.com/faiss/50,doc,"transformers,sklearn,python","This doc explains faiss within RAG pipelines, covering optimization, trade-offs, and metadata usage.",3513,0.7595107101825849,70
d51,Latency best practices and benchmark,https://example.com/latency/51,benchmark,ui,"This benchmark explains latency within RAG pipelines, covering optimization, trade-offs, and metadata usage.",3500,0.6458252478173389,19
d52,Similarity best practices and tutorial,https://example.com/similarity/52,tutorial,"indexing,ui,pytorch","This tutorial explains similarity within RAG pipelines, covering optimization, trade-offs, and metadata usage.",701,0.32414879205145863,276
d53,Random Forest best practices and paper,https://example.com/random-forest/53,paper,sklearn,"This paper explains random forest within RAG pipelines, covering optimization, trade-offs, and metadata usage.",2107,0.21586101225233004,34
d54,Reranker best practices and tutorial,https://example.com/reranker/54,tutorial,ui,"This tutorial explains reranker within RAG pipelines, covering optimization, trade-offs, and metadata usage.",711,0.6433578620832284,16
d55,Bm25 best practices and doc,https://example.com/bm25/55,doc,"api,pytorch","This doc explains bm25 within RAG pipelines, covering optimization, trade-offs, and metadata usage.",2931,0.8562537066759563,151
d56,Evaluation best practices and benchmark,https://example.com/evaluation/56,benchmark,sklearn,"This benchmark explains evaluation within RAG pipelines, covering optimization, trade-offs, and metadata usage.",1958,0.377558653328297,54
d57,Ranking best practices and paper,https://example.com/ranking/57,paper,"transformers,ui","This paper explains ranking within RAG pipelines, covering optimization, trade-offs, and metadata usage.",2345,0.4802106038446787,14
d58,Streamlit best practices and blog,https://example.com/streamlit/58,blog,production,"This blog explains streamlit within RAG pipelines, covering optimization, trade-offs, and metadata usage.",3261,0.2389713998488282,250
d59,Bert best practices and benchmark,https://example.com/bert/59,benchmark,ui,"This benchmark explains bert within RAG pipelines, covering optimization, trade-offs, and metadata usage.",2516,0.8769898579457127,253
d60,Ranking best practices and benchmark,https://example.com/ranking/60,benchmark,"sklearn,faiss,api","This benchmark explains ranking within RAG pipelines, covering optimization, trade-offs, and metadata usage.",1170,0.3009141563098603,233
d61,Latency best practices and blog,https://example.com/latency/61,blog,"ui,indexing","This blog explains latency within RAG pipelines, covering optimization, trade-offs, and metadata usage.",1179,0.4888171220752651,138
d62,Hallucination best practices and doc,https://example.com/hallucination/62,doc,production,"This doc explains hallucination within RAG pipelines, covering optimization, trade-offs, and metadata usage.",911,0.5584079555178094,41
d63,Random Forest best practices and blog,https://example.com/random-forest/63,blog,transformers,"This blog explains random forest within RAG pipelines, covering optimization, trade-offs, and metadata usage.",2205,0.47479433736968557,110
d64,Reranker best practices and paper,https://example.com/reranker/64,paper,"api,python","This paper explains reranker within RAG pipelines, covering optimization, trade-offs, and metadata usage.",1583,0.9116434450365054,89
d65,Hallucination best practices and benchmark,https://example.com/hallucination/65,benchmark,"pytorch,api","This benchmark explains hallucination within RAG pipelines, covering optimization, trade-offs, and metadata usage.",3117,0.8364203665802183,160
d66,Mpnet best practices and doc,https://example.com/mpnet/66,doc,"api,transformers,sklearn","This doc explains mpnet within RAG pipelines, covering optimization, trade-offs, and metadata usage.",738,0.751169871732718,86
d67,Retrieval best practices and paper,https://example.com/retrieval/67,paper,"indexing,api,transformers","This paper explains retrieval within RAG pipelines, covering optimization, trade-offs, and metadata usage.",2180,0.27132181117245097,184
d68,Prompting best practices and doc,https://example.com/prompting/68,doc,sklearn,"This doc explains prompting within RAG pipelines, covering optimization, trade-offs, and metadata usage.",2119,0.30305594752835163,280
d69,Fastapi best practices and benchmark,https://example.com/fastapi/69,benchmark,"pytorch,sklearn,indexing","This benchmark explains fastapi within RAG pipelines, covering optimization, trade-offs, and metadata usage.",618,0.9095202971129976,238
d70,Embeddings best practices and paper,https://example.com/embeddings/70,paper,"production,indexing","This paper explains embeddings within RAG pipelines, covering optimization, trade-offs, and metadata usage.",2634,0.3284684780695916,184
d71,Faiss best practices and blog,https://example.com/faiss/71,blog,"transformers,sklearn","This blog explains faiss within RAG pipelines, covering optimization, trade-offs, and metadata usage.",28,0.772942542504941,156
d72,Streamlit best practices and doc,https://example.com/streamlit/72,doc,"faiss,python","This doc explains streamlit within RAG pipelines, covering optimization, trade-offs, and metadata usage.",1889,0.2898001913758421,279
d73,Evaluation best practices and tutorial,https://example.com/evaluation/73,tutorial,sklearn,"This tutorial explains evaluation within RAG pipelines, covering optimization, trade-offs, and metadata usage.",2632,0.5139562255927845,197
d74,Streamlit best practices and doc,https://example.com/streamlit/74,doc,"faiss,pytorch,api","This doc explains streamlit within RAG pipelines, covering optimization, trade-offs, and metadata usage.",760,0.40290120568263177,228
d75,Evaluation best practices and paper,https://example.com/evaluation/75,paper,pytorch,"This paper explains evaluation within RAG pipelines, covering optimization, trade-offs, and metadata usage.",1942,0.3108375294066438,47
d76,Embeddings best practices and benchmark,https://example.com/embeddings/76,benchmark,"transformers,faiss","This benchmark explains embeddings within RAG pipelines, covering optimization, trade-offs, and metadata usage.",2025,0.614744798939675,218
d77,Streamlit best practices and benchmark,https://example.com/streamlit/77,benchmark,"sklearn,python,transformers","This benchmark explains streamlit within RAG pipelines, covering optimization, trade-offs, and metadata usage.",1316,0.7383201770027326,295
d78,Latency best practices and benchmark,https://example.com/latency/78,benchmark,pytorch,"This benchmark explains latency within RAG pipelines, covering optimization, trade-offs, and metadata usage.",1546,0.6778054129934057,255
d79,Faiss best practices and tutorial,https://example.com/faiss/79,tutorial,"production,api","This tutorial explains faiss within RAG pipelines, covering optimization, trade-offs, and metadata usage.",1745,0.5407384713813099,3
d80,Reranker best practices and benchmark,https://example.com/reranker/80,benchmark,indexing,"This benchmark explains reranker within RAG pipelines, covering optimization, trade-offs, and metadata usage.",1574,0.53173559530092,137
d81,Retrieval best practices and paper,https://example.com/retrieval/81,paper,"api,sklearn,faiss","This paper explains retrieval within RAG pipelines, covering optimization, trade-offs, and metadata usage.",1881,0.859400018230809,299
d82,Hallucination best practices and paper,https://example.com/hallucination/82,paper,"ui,production,faiss","This paper explains hallucination within RAG pipelines, covering optimization, trade-offs, and metadata usage.",2839,0.6875937616690977,199
d83,Prompting best practices and tutorial,https://example.com/prompting/83,tutorial,"production,pytorch,api","This tutorial explains prompting within RAG pipelines, covering optimization, trade-offs, and metadata usage.",2484,0.7825759555191638,42
d84,Latency best practices and tutorial,https://example.com/latency/84,tutorial,"faiss,indexing,pytorch","This tutorial explains latency within RAG pipelines, covering optimization, trade-offs, and metadata usage.",53,0.2387434377607992,1
d85,Latency best practices and doc,https://example.com/latency/85,doc,"python,api,pytorch","This doc explains latency within RAG pipelines, covering optimization, trade-offs, and metadata usage.",3577,0.8007228902312571,17
d86,Fastapi best practices and benchmark,https://example.com/fastapi/86,benchmark,"ui,faiss,indexing","This benchmark explains fastapi within RAG pipelines, covering optimization, trade-offs, and metadata usage.",438,0.35133658303929155,12
d87,Faiss best practices and tutorial,https://example.com/faiss/87,tutorial,"sklearn,api","This tutorial explains faiss within RAG pipelines, covering optimization, trade-offs, and metadata usage.",2545,0.8383483248214512,189
d88,Bert best practices and tutorial,https://example.com/bert/88,tutorial,"python,indexing,production","This tutorial explains bert within RAG pipelines, covering optimization, trade-offs, and metadata usage.",2968,0.9351535886740114,212
d89,Reranker best practices and doc,https://example.com/reranker/89,doc,production,"This doc explains reranker within RAG pipelines, covering optimization, trade-offs, and metadata usage.",1858,0.23176291368512533,184
d90,Ranking best practices and benchmark,https://example.com/ranking/90,benchmark,"transformers,python,pytorch","This benchmark explains ranking within RAG pipelines, covering optimization, trade-offs, and metadata usage.",1675,0.9350203846656444,55
d91,Vector Db best practices and blog,https://example.com/vector-db/91,blog,"ui,python,faiss","This blog explains vector db within RAG pipelines, covering optimization, trade-offs, and metadata usage.",1981,0.9095183401685714,43
d92,Bm25 best practices and paper,https://example.com/bm25/92,paper,"api,sklearn","This paper explains bm25 within RAG pipelines, covering optimization, trade-offs, and metadata usage.",1527,0.9054458072716389,194
d93,Random Forest best practices and tutorial,https://example.com/random-forest/93,tutorial,"faiss,transformers","This tutorial explains random forest within RAG pipelines, covering optimization, trade-offs, and metadata usage.",1685,0.2894131446483085,142
d94,Fastapi best practices and tutorial,https://example.com/fastapi/94,tutorial,production,"This tutorial explains fastapi within RAG pipelines, covering optimization, trade-offs, and metadata usage.",3459,0.5209274102610124,91
d95,Evaluation best practices and doc,https://example.com/evaluation/95,doc,"transformers,ui","This doc explains evaluation within RAG pipelines, covering optimization, trade-offs, and metadata usage.",1462,0.3632213950227215,122
d96,Streamlit best practices and blog,https://example.com/streamlit/96,blog,indexing,"This blog explains streamlit within RAG pipelines, covering optimization, trade-offs, and metadata usage.",2195,0.5138000331176453,10
d97,Mpnet best practices and blog,https://example.com/mpnet/97,blog,production,"This blog explains mpnet within RAG pipelines, covering optimization, trade-offs, and metadata usage.",539,0.6243289253239408,171
d98,Vector Db best practices and doc,https://example.com/vector-db/98,doc,"sklearn,faiss","This doc explains vector db within RAG pipelines, covering optimization, trade-offs, and metadata usage.",1996,0.7905741664894654,94
d99,Rag best practices and blog,https://example.com/rag/99,blog,"sklearn,faiss","This blog explains rag within RAG pipelines, covering optimization, trade-offs, and metadata usage.",718,0.5845544334550687,108
d100,Latency best practices and doc,https://example.com/latency/100,doc,"production,indexing,ui","This doc explains latency within RAG pipelines, covering optimization, trade-offs, and metadata usage.",2037,0.7999028080728774,156
d101,Ranking best practices and paper,https://example.com/ranking/101,paper,"transformers,production,pytorch","This paper explains ranking within RAG pipelines, covering optimization, trade-offs, and metadata usage.",1895,0.8314949082795973,21
d102,Latency best practices and tutorial,https://example.com/latency/102,tutorial,faiss,"This tutorial explains latency within RAG pipelines, covering optimization, trade-offs, and metadata usage.",283,0.3297458338936954,100
d103,Reranker best practices and paper,https://example.com/reranker/103,paper,"api,production,transformers","This paper explains reranker within RAG pipelines, covering optimization, trade-offs, and metadata usage.",242,0.47919617989366114,256
d104,Reranker best practices and tutorial,https://example.com/reranker/104,tutorial,"faiss,python","This tutorial explains reranker within RAG pipelines, covering optimization, trade-offs, and metadata usage.",873,0.9188218856757293,109
d105,Embeddings best practices and benchmark,https://example.com/embeddings/105,benchmark,"ui,pytorch,api","This benchmark explains embeddings within RAG pipelines, covering optimization, trade-offs, and metadata usage.",1640,0.49088127137273735,211
d106,Streamlit best practices and doc,https://example.com/streamlit/106,doc,api,"This doc explains streamlit within RAG pipelines, covering optimization, trade-offs, and metadata usage.",1217,0.5938162272254459,62
d107,Mpnet best practices and tutorial,https://example.com/mpnet/107,tutorial,transformers,"This tutorial explains mpnet within RAG pipelines, covering optimization, trade-offs, and metadata usage.",2596,0.941849752012704,250
d108,Fastapi best practices and blog,https://example.com/fastapi/108,blog,"indexing,ui,faiss","This blog explains fastapi within RAG pipelines, covering optimization, trade-offs, and metadata usage.",731,0.4944295368814399,134
d109,Rag best practices and tutorial,https://example.com/rag/109,tutorial,"production,sklearn,transformers","This tutorial explains rag within RAG pipelines, covering optimization, trade-offs, and metadata usage.",3049,0.3356949891731511,45
d110,Ranking best practices and benchmark,https://example.com/ranking/110,benchmark,faiss,"This benchmark explains ranking within RAG pipelines, covering optimization, trade-offs, and metadata usage.",3433,0.41904449773589625,69
d111,Random Forest best practices and blog,https://example.com/random-forest/111,blog,"sklearn,faiss","This blog explains random forest within RAG pipelines, covering optimization, trade-offs, and metadata usage.",3633,0.3827505905417852,25
d112,Latency best practices and benchmark,https://example.com/latency/112,benchmark,"faiss,sklearn","This benchmark explains latency within RAG pipelines, covering optimization, trade-offs, and metadata usage.",3117,0.7721772642796467,201
d113,Prompting best practices and tutorial,https://example.com/prompting/113,tutorial,"faiss,sklearn","This tutorial explains prompting within RAG pipelines, covering optimization, trade-offs, and metadata usage.",2646,0.8333591549653898,101
d114,Rag best practices and blog,https://example.com/rag/114,blog,"transformers,sklearn,api","This blog explains rag within RAG pipelines, covering optimization, trade-offs, and metadata usage.",1939,0.6403429554027354,272
d115,Faiss best practices and benchmark,https://example.com/faiss/115,benchmark,"sklearn,indexing","This benchmark explains faiss within RAG pipelines, covering optimization, trade-offs, and metadata usage.",1402,0.27873478692205295,159
d116,Retrieval best practices and paper,https://example.com/retrieval/116,paper,"faiss,transformers,sklearn","This paper explains retrieval within RAG pipelines, covering optimization, trade-offs, and metadata usage.",3643,0.34370225724702486,101
d117,Metadata best practices and tutorial,https://example.com/metadata/117,tutorial,"transformers,indexing,sklearn","This tutorial explains metadata within RAG pipelines, covering optimization, trade-offs, and metadata usage.",2219,0.20548584221976174,179
d118,Bert best practices and paper,https://example.com/bert/118,paper,"transformers,faiss,api","This paper explains bert within RAG pipelines, covering optimization, trade-offs, and metadata usage.",621,0.5581294052207997,186
d119,Fastapi best practices and doc,https://example.com/fastapi/119,doc,"transformers,faiss,pytorch","This doc explains fastapi within RAG pipelines, covering optimization, trade-offs, and metadata usage.",2375,0.8501010786964449,234
d120,Embeddings best practices and tutorial,https://example.com/embeddings/120,tutorial,"faiss,indexing,transformers","This tutorial explains embeddings within RAG pipelines, covering optimization, trade-offs, and metadata usage.",1850,0.9273613375291772,196
d121,Faiss best practices and benchmark,https://example.com/faiss/121,benchmark,ui,"This benchmark explains faiss within RAG pipelines, covering optimization, trade-offs, and metadata usage.",562,0.7624876534514515,220
d122,Prompting best practices and paper,https://example.com/prompting/122,paper,pytorch,"This paper explains prompting within RAG pipelines, covering optimization, trade-offs, and metadata usage.",17,0.783007345646884,12
d123,Fastapi best practices and blog,https://example.com/fastapi/123,blog,"transformers,api,pytorch","This blog explains fastapi within RAG pipelines, covering optimization, trade-offs, and metadata usage.",3193,0.7952616129199794,123
d124,Prompting best practices and tutorial,https://example.com/prompting/124,tutorial,"ui,sklearn","This tutorial explains prompting within RAG pipelines, covering optimization, trade-offs, and metadata usage.",810,0.8169373179630737,277
d125,Ranking best practices and tutorial,https://example.com/ranking/125,tutorial,"production,ui","This tutorial explains ranking within RAG pipelines, covering optimization, trade-offs, and metadata usage.",200,0.706479221500613,32
d126,Evaluation best practices and doc,https://example.com/evaluation/126,doc,"api,production,indexing","This doc explains evaluation within RAG pipelines, covering optimization, trade-offs, and metadata usage.",2398,0.23672278236745944,240
d127,Streamlit best practices and paper,https://example.com/streamlit/127,paper,"ui,python","This paper explains streamlit within RAG pipelines, covering optimization, trade-offs, and metadata usage.",371,0.5859720065872625,1
d128,Metadata best practices and doc,https://example.com/metadata/128,doc,api,"This doc explains metadata within RAG pipelines, covering optimization, trade-offs, and metadata usage.",1936,0.8717261610377727,120
d129,Prompting best practices and doc,https://example.com/prompting/129,doc,transformers,"This doc explains prompting within RAG pipelines, covering optimization, trade-offs, and metadata usage.",929,0.46102356755713575,255
d130,Evaluation best practices and benchmark,https://example.com/evaluation/130,benchmark,api,"This benchmark explains evaluation within RAG pipelines, covering optimization, trade-offs, and metadata usage.",3294,0.49770505081087557,177
d131,Faiss best practices and paper,https://example.com/faiss/131,paper,"indexing,python,api","This paper explains faiss within RAG pipelines, covering optimization, trade-offs, and metadata usage.",2006,0.7382293607311756,102
d132,Bert best practices and benchmark,https://example.com/bert/132,benchmark,"sklearn,api,pytorch","This benchmark explains bert within RAG pipelines, covering optimization, trade-offs, and metadata usage.",1947,0.6311539472172751,41
d133,Random Forest best practices and benchmark,https://example.com/random-forest/133,benchmark,"production,faiss,sklearn","This benchmark explains random forest within RAG pipelines, covering optimization, trade-offs, and metadata usage.",3123,0.5726874470977621,274
d134,Rag best practices and tutorial,https://example.com/rag/134,tutorial,"indexing,production","This tutorial explains rag within RAG pipelines, covering optimization, trade-offs, and metadata usage.",376,0.21325158574993416,60
d135,Rag best practices and blog,https://example.com/rag/135,blog,"transformers,ui","This blog explains rag within RAG pipelines, covering optimization, trade-offs, and metadata usage.",3515,0.919406954633432,126
d136,Fastapi best practices and doc,https://example.com/fastapi/136,doc,"pytorch,ui","This doc explains fastapi within RAG pipelines, covering optimization, trade-offs, and metadata usage.",1836,0.3763228376604946,269
d137,Vector Db best practices and paper,https://example.com/vector-db/137,paper,"sklearn,pytorch,indexing","This paper explains vector db within RAG pipelines, covering optimization, trade-offs, and metadata usage.",3251,0.6900794067571214,177
d138,Retrieval best practices and paper,https://example.com/retrieval/138,paper,pytorch,"This paper explains retrieval within RAG pipelines, covering optimization, trade-offs, and metadata usage.",3119,0.31658117306256683,96
d139,Rag best practices and benchmark,https://example.com/rag/139,benchmark,production,"This benchmark explains rag within RAG pipelines, covering optimization, trade-offs, and metadata usage.",5,0.7939808188560304,168
d140,Vector Db best practices and doc,https://example.com/vector-db/140,doc,"api,sklearn","This doc explains vector db within RAG pipelines, covering optimization, trade-offs, and metadata usage.",2317,0.705948107734268,298
d141,Metadata best practices and benchmark,https://example.com/metadata/141,benchmark,"api,sklearn,python","This benchmark explains metadata within RAG pipelines, covering optimization, trade-offs, and metadata usage.",2451,0.27642061798590867,168
d142,Bert best practices and doc,https://example.com/bert/142,doc,"indexing,faiss,sklearn","This doc explains bert within RAG pipelines, covering optimization, trade-offs, and metadata usage.",1164,0.9198308917469153,10
d143,Reranker best practices and tutorial,https://example.com/reranker/143,tutorial,production,"This tutorial explains reranker within RAG pipelines, covering optimization, trade-offs, and metadata usage.",1071,0.24914782543878683,73
d144,Fastapi best practices and blog,https://example.com/fastapi/144,blog,"pytorch,api","This blog explains fastapi within RAG pipelines, covering optimization, trade-offs, and metadata usage.",963,0.28370027618692006,15
d145,Prompting best practices and paper,https://example.com/prompting/145,paper,indexing,"This paper explains prompting within RAG pipelines, covering optimization, trade-offs, and metadata usage.",2837,0.355265406143609,209
d146,Fastapi best practices and paper,https://example.com/fastapi/146,paper,"transformers,python","This paper explains fastapi within RAG pipelines, covering optimization, trade-offs, and metadata usage.",1790,0.2840527782490232,0
d147,Bert best practices and benchmark,https://example.com/bert/147,benchmark,production,"This benchmark explains bert within RAG pipelines, covering optimization, trade-offs, and metadata usage.",593,0.5671265048804062,152
d148,Retrieval best practices and paper,https://example.com/retrieval/148,paper,"ui,sklearn","This paper explains retrieval within RAG pipelines, covering optimization, trade-offs, and metadata usage.",1496,0.39526140756143757,252
d149,Ranking best practices and paper,https://example.com/ranking/149,paper,indexing,"This paper explains ranking within RAG pipelines, covering optimization, trade-offs, and metadata usage.",2180,0.7124437682441096,143
d150,Rag best practices and paper,https://example.com/rag/150,paper,pytorch,"This paper explains rag within RAG pipelines, covering optimization, trade-offs, and metadata usage.",2715,0.23642696738521857,279
d151,Mpnet best practices and blog,https://example.com/mpnet/151,blog,"ui,faiss,python","This blog explains mpnet within RAG pipelines, covering optimization, trade-offs, and metadata usage.",3153,0.8891173951480122,41
d152,Embeddings best practices and tutorial,https://example.com/embeddings/152,tutorial,ui,"This tutorial explains embeddings within RAG pipelines, covering optimization, trade-offs, and metadata usage.",3405,0.28297210067165246,9
d153,Reranker best practices and doc,https://example.com/reranker/153,doc,production,"This doc explains reranker within RAG pipelines, covering optimization, trade-offs, and metadata usage.",1735,0.6426465370745946,170
d154,Hallucination best practices and benchmark,https://example.com/hallucination/154,benchmark,pytorch,"This benchmark explains hallucination within RAG pipelines, covering optimization, trade-offs, and metadata usage.",1803,0.6643393148202306,256
d155,Mpnet best practices and tutorial,https://example.com/mpnet/155,tutorial,"ui,pytorch,api","This tutorial explains mpnet within RAG pipelines, covering optimization, trade-offs, and metadata usage.",3272,0.5408430727239935,275
d156,Fastapi best practices and doc,https://example.com/fastapi/156,doc,"pytorch,production,api","This doc explains fastapi within RAG pipelines, covering optimization, trade-offs, and metadata usage.",3319,0.7994101416811183,95
d157,Faiss best practices and doc,https://example.com/faiss/157,doc,sklearn,"This doc explains faiss within RAG pipelines, covering optimization, trade-offs, and metadata usage.",1082,0.4382267257726713,124
d158,Latency best practices and tutorial,https://example.com/latency/158,tutorial,api,"This tutorial explains latency within RAG pipelines, covering optimization, trade-offs, and metadata usage.",3145,0.21427561086311495,103
d159,Reranker best practices and tutorial,https://example.com/reranker/159,tutorial,"faiss,ui,pytorch","This tutorial explains reranker within RAG pipelines, covering optimization, trade-offs, and metadata usage.",2405,0.8675145928382717,95
d160,Faiss best practices and blog,https://example.com/faiss/160,blog,api,"This blog explains faiss within RAG pipelines, covering optimization, trade-offs, and metadata usage.",862,0.7198215701972761,43
d161,Embeddings best practices and tutorial,https://example.com/embeddings/161,tutorial,"indexing,production","This tutorial explains embeddings within RAG pipelines, covering optimization, trade-offs, and metadata usage.",2899,0.2124348514231677,1
d162,Vector Db best practices and benchmark,https://example.com/vector-db/162,benchmark,"transformers,python","This benchmark explains vector db within RAG pipelines, covering optimization, trade-offs, and metadata usage.",2109,0.8602852250957691,269
d163,Bert best practices and blog,https://example.com/bert/163,blog,"python,pytorch","This blog explains bert within RAG pipelines, covering optimization, trade-offs, and metadata usage.",603,0.6459257066681483,15
d164,Faiss best practices and paper,https://example.com/faiss/164,paper,"indexing,ui","This paper explains faiss within RAG pipelines, covering optimization, trade-offs, and metadata usage.",1253,0.6467853310142955,5
d165,Random Forest best practices and paper,https://example.com/random-forest/165,paper,"indexing,faiss,pytorch","This paper explains random forest within RAG pipelines, covering optimization, trade-offs, and metadata usage.",3092,0.4971248750444367,166
d166,Evaluation best practices and doc,https://example.com/evaluation/166,doc,"faiss,sklearn,pytorch","This doc explains evaluation within RAG pipelines, covering optimization, trade-offs, and metadata usage.",1944,0.5144542909256038,295
d167,Streamlit best practices and blog,https://example.com/streamlit/167,blog,production,"This blog explains streamlit within RAG pipelines, covering optimization, trade-offs, and metadata usage.",3440,0.5901725502844954,238
d168,Bert best practices and blog,https://example.com/bert/168,blog,api,"This blog explains bert within RAG pipelines, covering optimization, trade-offs, and metadata usage.",3429,0.49625543003041733,266
d169,Random Forest best practices and doc,https://example.com/random-forest/169,doc,transformers,"This doc explains random forest within RAG pipelines, covering optimization, trade-offs, and metadata usage.",1711,0.33383132136637317,288
d170,Hallucination best practices and tutorial,https://example.com/hallucination/170,tutorial,"ui,pytorch,api","This tutorial explains hallucination within RAG pipelines, covering optimization, trade-offs, and metadata usage.",3357,0.7501211784221224,140
d171,Prompting best practices and benchmark,https://example.com/prompting/171,benchmark,"sklearn,transformers","This benchmark explains prompting within RAG pipelines, covering optimization, trade-offs, and metadata usage.",2357,0.7483519824895966,222
d172,Bm25 best practices and doc,https://example.com/bm25/172,doc,"transformers,production","This doc explains bm25 within RAG pipelines, covering optimization, trade-offs, and metadata usage.",3466,0.8491794044907712,271
d173,Throughput best practices and doc,https://example.com/throughput/173,doc,production,"This doc explains throughput within RAG pipelines, covering optimization, trade-offs, and metadata usage.",1835,0.757700273830739,61
d174,Mpnet best practices and tutorial,https://example.com/mpnet/174,tutorial,"api,transformers,ui","This tutorial explains mpnet within RAG pipelines, covering optimization, trade-offs, and metadata usage.",767,0.4959724161125617,266
d175,Prompting best practices and paper,https://example.com/prompting/175,paper,"faiss,sklearn","This paper explains prompting within RAG pipelines, covering optimization, trade-offs, and metadata usage.",1270,0.6513310669007814,122
d176,Vector Db best practices and benchmark,https://example.com/vector-db/176,benchmark,"python,production","This benchmark explains vector db within RAG pipelines, covering optimization, trade-offs, and metadata usage.",1840,0.49558023694483894,113
d177,Evaluation best practices and tutorial,https://example.com/evaluation/177,tutorial,pytorch,"This tutorial explains evaluation within RAG pipelines, covering optimization, trade-offs, and metadata usage.",1212,0.45460831565667703,205
d178,Retrieval best practices and benchmark,https://example.com/retrieval/178,benchmark,python,"This benchmark explains retrieval within RAG pipelines, covering optimization, trade-offs, and metadata usage.",2654,0.7651284222501935,29
d179,Vector Db best practices and benchmark,https://example.com/vector-db/179,benchmark,sklearn,"This benchmark explains vector db within RAG pipelines, covering optimization, trade-offs, and metadata usage.",1254,0.3393246011533154,60
d180,Mpnet best practices and blog,https://example.com/mpnet/180,blog,"pytorch,transformers","This blog explains mpnet within RAG pipelines, covering optimization, trade-offs, and metadata usage.",208,0.5611185052447105,13
d181,Embeddings best practices and benchmark,https://example.com/embeddings/181,benchmark,"faiss,sklearn","This benchmark explains embeddings within RAG pipelines, covering optimization, trade-offs, and metadata usage.",893,0.3893272179121905,33
d182,Faiss best practices and paper,https://example.com/faiss/182,paper,"ui,pytorch,api","This paper explains faiss within RAG pipelines, covering optimization, trade-offs, and metadata usage.",1141,0.9367750123283993,295
d183,Similarity best practices and benchmark,https://example.com/similarity/183,benchmark,transformers,"This benchmark explains similarity within RAG pipelines, covering optimization, trade-offs, and metadata usage.",2148,0.4283498948570247,41
d184,Ranking best practices and blog,https://example.com/ranking/184,blog,ui,"This blog explains ranking within RAG pipelines, covering optimization, trade-offs, and metadata usage.",1551,0.6625671343079818,253
d185,Bert best practices and blog,https://example.com/bert/185,blog,production,"This blog explains bert within RAG pipelines, covering optimization, trade-offs, and metadata usage.",1901,0.32023401873669355,75
d186,Faiss best practices and benchmark,https://example.com/faiss/186,benchmark,"sklearn,api","This benchmark explains faiss within RAG pipelines, covering optimization, trade-offs, and metadata usage.",1368,0.4784394778162079,88
d187,Latency best practices and blog,https://example.com/latency/187,blog,"indexing,api,production","This blog explains latency within RAG pipelines, covering optimization, trade-offs, and metadata usage.",405,0.29049150308276483,282
d188,Ranking best practices and benchmark,https://example.com/ranking/188,benchmark,transformers,"This benchmark explains ranking within RAG pipelines, covering optimization, trade-offs, and metadata usage.",2652,0.8348589020509678,79
d189,Prompting best practices and tutorial,https://example.com/prompting/189,tutorial,"sklearn,production","This tutorial explains prompting within RAG pipelines, covering optimization, trade-offs, and metadata usage.",2375,0.7326839010019899,73
d190,Faiss best practices and benchmark,https://example.com/faiss/190,benchmark,"faiss,sklearn,pytorch","This benchmark explains faiss within RAG pipelines, covering optimization, trade-offs, and metadata usage.",2096,0.3835973761626091,74
d191,Metadata best practices and tutorial,https://example.com/metadata/191,tutorial,"ui,production,indexing","This tutorial explains metadata within RAG pipelines, covering optimization, trade-offs, and metadata usage.",133,0.567955936633904,155
d192,Mpnet best practices and blog,https://example.com/mpnet/192,blog,"transformers,api","This blog explains mpnet within RAG pipelines, covering optimization, trade-offs, and metadata usage.",1435,0.29424788965140203,39
d193,Random Forest best practices and benchmark,https://example.com/random-forest/193,benchmark,"indexing,api","This benchmark explains random forest within RAG pipelines, covering optimization, trade-offs, and metadata usage.",326,0.6158124140299501,49
d194,Fastapi best practices and paper,https://example.com/fastapi/194,paper,ui,"This paper explains fastapi within RAG pipelines, covering optimization, trade-offs, and metadata usage.",600,0.28921498305515847,9
d195,Random Forest best practices and benchmark,https://example.com/random-forest/195,benchmark,indexing,"This benchmark explains random forest within RAG pipelines, covering optimization, trade-offs, and metadata usage.",6,0.5487605989919548,182
d196,Fastapi best practices and blog,https://example.com/fastapi/196,blog,"faiss,python","This blog explains fastapi within RAG pipelines, covering optimization, trade-offs, and metadata usage.",1929,0.8137309015278973,296
d197,Latency best practices and doc,https://example.com/latency/197,doc,"api,python","This doc explains latency within RAG pipelines, covering optimization, trade-offs, and metadata usage.",1353,0.45604030053629574,276
d198,Vector Db best practices and tutorial,https://example.com/vector-db/198,tutorial,"production,ui","This tutorial explains vector db within RAG pipelines, covering optimization, trade-offs, and metadata usage.",3401,0.7631289385586448,186
d199,Prompting best practices and doc,https://example.com/prompting/199,doc,python,"This doc explains prompting within RAG pipelines, covering optimization, trade-offs, and metadata usage.",3019,0.5284922021902794,277
d200,Metadata best practices and doc,https://example.com/metadata/200,doc,sklearn,"This doc explains metadata within RAG pipelines, covering optimization, trade-offs, and metadata usage.",2751,0.41067228947311635,298
d201,Throughput best practices and tutorial,https://example.com/throughput/201,tutorial,"python,api","This tutorial explains throughput within RAG pipelines, covering optimization, trade-offs, and metadata usage.",1450,0.6742121097726577,45
d202,Mpnet best practices and paper,https://example.com/mpnet/202,paper,"sklearn,pytorch,transformers","This paper explains mpnet within RAG pipelines, covering optimization, trade-offs, and metadata usage.",559,0.6949634758469592,138
d203,Hallucination best practices and blog,https://example.com/hallucination/203,blog,"sklearn,indexing","This blog explains hallucination within RAG pipelines, covering optimization, trade-offs, and metadata usage.",265,0.33292662593695443,102
d204,Embeddings best practices and doc,https://example.com/embeddings/204,doc,"indexing,sklearn,production","This doc explains embeddings within RAG pipelines, covering optimization, trade-offs, and metadata usage.",3599,0.7622139641921506,267
d205,Metadata best practices and benchmark,https://example.com/metadata/205,benchmark,"faiss,api","This benchmark explains metadata within RAG pipelines, covering optimization, trade-offs, and metadata usage.",1652,0.9106516997494942,90
d206,Reranker best practices and paper,https://example.com/reranker/206,paper,"indexing,pytorch,transformers","This paper explains reranker within RAG pipelines, covering optimization, trade-offs, and metadata usage.",2681,0.5817006138135157,215
d207,Reranker best practices and benchmark,https://example.com/reranker/207,benchmark,"faiss,python","This benchmark explains reranker within RAG pipelines, covering optimization, trade-offs, and metadata usage.",1206,0.5061175011732597,102
d208,Mpnet best practices and blog,https://example.com/mpnet/208,blog,ui,"This blog explains mpnet within RAG pipelines, covering optimization, trade-offs, and metadata usage.",943,0.7006174423600684,27
d209,Faiss best practices and doc,https://example.com/faiss/209,doc,"pytorch,production","This doc explains faiss within RAG pipelines, covering optimization, trade-offs, and metadata usage.",2675,0.3483573854443977,97
d210,Random Forest best practices and doc,https://example.com/random-forest/210,doc,"python,faiss,indexing","This doc explains random forest within RAG pipelines, covering optimization, trade-offs, and metadata usage.",3430,0.406364394201285,38
d211,Evaluation best practices and tutorial,https://example.com/evaluation/211,tutorial,pytorch,"This tutorial explains evaluation within RAG pipelines, covering optimization, trade-offs, and metadata usage.",1023,0.8827451826389394,202
d212,Reranker best practices and paper,https://example.com/reranker/212,paper,"sklearn,api","This paper explains reranker within RAG pipelines, covering optimization, trade-offs, and metadata usage.",3506,0.6575453621653804,285
d213,Reranker best practices and paper,https://example.com/reranker/213,paper,"production,pytorch","This paper explains reranker within RAG pipelines, covering optimization, trade-offs, and metadata usage.",1123,0.49975710137272766,292
d214,Bert best practices and doc,https://example.com/bert/214,doc,sklearn,"This doc explains bert within RAG pipelines, covering optimization, trade-offs, and metadata usage.",1987,0.8563307099918838,120
d215,Fastapi best practices and doc,https://example.com/fastapi/215,doc,"python,indexing","This doc explains fastapi within RAG pipelines, covering optimization, trade-offs, and metadata usage.",1323,0.4416617553672037,256
d216,Throughput best practices and blog,https://example.com/throughput/216,blog,"transformers,faiss","This blog explains throughput within RAG pipelines, covering optimization, trade-offs, and metadata usage.",2571,0.3831537505744162,100
d217,Bert best practices and benchmark,https://example.com/bert/217,benchmark,"api,pytorch,indexing","This benchmark explains bert within RAG pipelines, covering optimization, trade-offs, and metadata usage.",3483,0.7735004214214998,223
d218,Ranking best practices and doc,https://example.com/ranking/218,doc,"faiss,sklearn","This doc explains ranking within RAG pipelines, covering optimization, trade-offs, and metadata usage.",384,0.6836143957694678,72
d219,Prompting best practices and paper,https://example.com/prompting/219,paper,sklearn,"This paper explains prompting within RAG pipelines, covering optimization, trade-offs, and metadata usage.",1114,0.5074867911687824,175
d220,Metadata best practices and paper,https://example.com/metadata/220,paper,"api,faiss,pytorch","This paper explains metadata within RAG pipelines, covering optimization, trade-offs, and metadata usage.",2399,0.4520974763970303,2
d221,Mpnet best practices and doc,https://example.com/mpnet/221,doc,"python,ui,api","This doc explains mpnet within RAG pipelines, covering optimization, trade-offs, and metadata usage.",490,0.4925469426173969,34
d222,Mpnet best practices and benchmark,https://example.com/mpnet/222,benchmark,indexing,"This benchmark explains mpnet within RAG pipelines, covering optimization, trade-offs, and metadata usage.",1045,0.5171002494100951,46
d223,Bert best practices and doc,https://example.com/bert/223,doc,"faiss,ui,pytorch","This doc explains bert within RAG pipelines, covering optimization, trade-offs, and metadata usage.",3203,0.7930534804219953,41
d224,Ranking best practices and paper,https://example.com/ranking/224,paper,"sklearn,faiss,python","This paper explains ranking within RAG pipelines, covering optimization, trade-offs, and metadata usage.",1738,0.3322672850060569,249
d225,Random Forest best practices and blog,https://example.com/random-forest/225,blog,"sklearn,python","This blog explains random forest within RAG pipelines, covering optimization, trade-offs, and metadata usage.",1848,0.6895150511519414,205
d226,Retrieval best practices and benchmark,https://example.com/retrieval/226,benchmark,"indexing,sklearn,production","This benchmark explains retrieval within RAG pipelines, covering optimization, trade-offs, and metadata usage.",86,0.9324980586624418,218
d227,Rag best practices and paper,https://example.com/rag/227,paper,"transformers,python","This paper explains rag within RAG pipelines, covering optimization, trade-offs, and metadata usage.",1083,0.7041983234175837,15
d228,Evaluation best practices and paper,https://example.com/evaluation/228,paper,"sklearn,api,indexing","This paper explains evaluation within RAG pipelines, covering optimization, trade-offs, and metadata usage.",1181,0.44115926168067465,124
d229,Ranking best practices and doc,https://example.com/ranking/229,doc,"transformers,python,indexing","This doc explains ranking within RAG pipelines, covering optimization, trade-offs, and metadata usage.",2607,0.85930158474422,43
d230,Streamlit best practices and tutorial,https://example.com/streamlit/230,tutorial,pytorch,"This tutorial explains streamlit within RAG pipelines, covering optimization, trade-offs, and metadata usage.",1189,0.25063886014056125,160
d231,Bm25 best practices and tutorial,https://example.com/bm25/231,tutorial,production,"This tutorial explains bm25 within RAG pipelines, covering optimization, trade-offs, and metadata usage.",827,0.7809679109691723,130
d232,Embeddings best practices and tutorial,https://example.com/embeddings/232,tutorial,"ui,faiss","This tutorial explains embeddings within RAG pipelines, covering optimization, trade-offs, and metadata usage.",1234,0.3101478011160532,50
d233,Embeddings best practices and benchmark,https://example.com/embeddings/233,benchmark,"sklearn,transformers,indexing","This benchmark explains embeddings within RAG pipelines, covering optimization, trade-offs, and metadata usage.",979,0.4958611384540658,27
d234,Bm25 best practices and doc,https://example.com/bm25/234,doc,pytorch,"This doc explains bm25 within RAG pipelines, covering optimization, trade-offs, and metadata usage.",2144,0.5781339532931105,225
d235,Bm25 best practices and doc,https://example.com/bm25/235,doc,"transformers,pytorch","This doc explains bm25 within RAG pipelines, covering optimization, trade-offs, and metadata usage.",2607,0.3562845060762613,65
d236,Prompting best practices and doc,https://example.com/prompting/236,doc,api,"This doc explains prompting within RAG pipelines, covering optimization, trade-offs, and metadata usage.",3510,0.33221852376659766,25
d237,Random Forest best practices and tutorial,https://example.com/random-forest/237,tutorial,"production,transformers,api","This tutorial explains random forest within RAG pipelines, covering optimization, trade-offs, and metadata usage.",160,0.6901548692702325,41
d238,Random Forest best practices and blog,https://example.com/random-forest/238,blog,"python,ui","This blog explains random forest within RAG pipelines, covering optimization, trade-offs, and metadata usage.",3350,0.854644219080634,292
d239,Mpnet best practices and tutorial,https://example.com/mpnet/239,tutorial,sklearn,"This tutorial explains mpnet within RAG pipelines, covering optimization, trade-offs, and metadata usage.",2252,0.41681268622864376,196
d240,Metadata best practices and doc,https://example.com/metadata/240,doc,"sklearn,faiss","This doc explains metadata within RAG pipelines, covering optimization, trade-offs, and metadata usage.",23,0.7328995788070083,248
d241,Mpnet best practices and tutorial,https://example.com/mpnet/241,tutorial,indexing,"This tutorial explains mpnet within RAG pipelines, covering optimization, trade-offs, and metadata usage.",1936,0.5646440567167066,180
d242,Prompting best practices and paper,https://example.com/prompting/242,paper,"api,pytorch","This paper explains prompting within RAG pipelines, covering optimization, trade-offs, and metadata usage.",1052,0.620917300917533,247
d243,Random Forest best practices and paper,https://example.com/random-forest/243,paper,python,"This paper explains random forest within RAG pipelines, covering optimization, trade-offs, and metadata usage.",2754,0.43606221392328576,156
d244,Mpnet best practices and blog,https://example.com/mpnet/244,blog,"production,transformers,faiss","This blog explains mpnet within RAG pipelines, covering optimization, trade-offs, and metadata usage.",2333,0.8708836232890858,63
d245,Evaluation best practices and doc,https://example.com/evaluation/245,doc,ui,"This doc explains evaluation within RAG pipelines, covering optimization, trade-offs, and metadata usage.",2840,0.552466955215505,267
d246,Latency best practices and blog,https://example.com/latency/246,blog,"production,indexing,transformers","This blog explains latency within RAG pipelines, covering optimization, trade-offs, and metadata usage.",3067,0.34661488218650305,175
d247,Rag best practices and doc,https://example.com/rag/247,doc,indexing,"This doc explains rag within RAG pipelines, covering optimization, trade-offs, and metadata usage.",98,0.3552388697306298,29
d248,Faiss best practices and blog,https://example.com/faiss/248,blog,production,"This blog explains faiss within RAG pipelines, covering optimization, trade-offs, and metadata usage.",1903,0.8452114146642056,40
d249,Random Forest best practices and paper,https://example.com/random-forest/249,paper,"python,production","This paper explains random forest within RAG pipelines, covering optimization, trade-offs, and metadata usage.",1254,0.39860538299118475,107
d250,Streamlit best practices and doc,https://example.com/streamlit/250,doc,ui,"This doc explains streamlit within RAG pipelines, covering optimization, trade-offs, and metadata usage.",1528,0.8972499656896664,266
d251,Hallucination best practices and tutorial,https://example.com/hallucination/251,tutorial,production,"This tutorial explains hallucination within RAG pipelines, covering optimization, trade-offs, and metadata usage.",2749,0.6646769422327341,34
d252,Bert best practices and tutorial,https://example.com/bert/252,tutorial,"api,ui,production","This tutorial explains bert within RAG pipelines, covering optimization, trade-offs, and metadata usage.",726,0.9475079086393652,157
d253,Bert best practices and tutorial,https://example.com/bert/253,tutorial,"pytorch,production","This tutorial explains bert within RAG pipelines, covering optimization, trade-offs, and metadata usage.",766,0.6326457188731947,284
d254,Streamlit best practices and benchmark,https://example.com/streamlit/254,benchmark,ui,"This benchmark explains streamlit within RAG pipelines, covering optimization, trade-offs, and metadata usage.",3376,0.5739796601572364,293
d255,Bm25 best practices and blog,https://example.com/bm25/255,blog,"api,ui,transformers","This blog explains bm25 within RAG pipelines, covering optimization, trade-offs, and metadata usage.",1057,0.2960394579108402,175
d256,Hallucination best practices and paper,https://example.com/hallucination/256,paper,indexing,"This paper explains hallucination within RAG pipelines, covering optimization, trade-offs, and metadata usage.",791,0.849608454748265,30
d257,Retrieval best practices and blog,https://example.com/retrieval/257,blog,"transformers,faiss","This blog explains retrieval within RAG pipelines, covering optimization, trade-offs, and metadata usage.",2107,0.6748618866085321,129
d258,Similarity best practices and benchmark,https://example.com/similarity/258,benchmark,"transformers,api,faiss","This benchmark explains similarity within RAG pipelines, covering optimization, trade-offs, and metadata usage.",2927,0.6259506728213695,135
d259,Similarity best practices and blog,https://example.com/similarity/259,blog,"sklearn,pytorch","This blog explains similarity within RAG pipelines, covering optimization, trade-offs, and metadata usage.",1062,0.45929810432197443,96
d260,Embeddings best practices and paper,https://example.com/embeddings/260,paper,pytorch,"This paper explains embeddings within RAG pipelines, covering optimization, trade-offs, and metadata usage.",1942,0.7423353516090396,49
d261,Fastapi best practices and paper,https://example.com/fastapi/261,paper,ui,"This paper explains fastapi within RAG pipelines, covering optimization, trade-offs, and metadata usage.",3150,0.7666546568550705,168
d262,Bm25 best practices and paper,https://example.com/bm25/262,paper,"python,api,ui","This paper explains bm25 within RAG pipelines, covering optimization, trade-offs, and metadata usage.",1920,0.23943199274229154,200
d263,Hallucination best practices and benchmark,https://example.com/hallucination/263,benchmark,"production,indexing","This benchmark explains hallucination within RAG pipelines, covering optimization, trade-offs, and metadata usage.",3092,0.20346409913249572,173
d264,Prompting best practices and tutorial,https://example.com/prompting/264,tutorial,"sklearn,production,api","This tutorial explains prompting within RAG pipelines, covering optimization, trade-offs, and metadata usage.",3415,0.8391090028018864,223
d265,Ranking best practices and blog,https://example.com/ranking/265,blog,"transformers,production","This blog explains ranking within RAG pipelines, covering optimization, trade-offs, and metadata usage.",741,0.44803705005957906,235
d266,Throughput best practices and benchmark,https://example.com/throughput/266,benchmark,"faiss,api","This benchmark explains throughput within RAG pipelines, covering optimization, trade-offs, and metadata usage.",3607,0.320441234438689,81
d267,Bert best practices and doc,https://example.com/bert/267,doc,"sklearn,python","This doc explains bert within RAG pipelines, covering optimization, trade-offs, and metadata usage.",546,0.9226849341666152,289
d268,Evaluation best practices and benchmark,https://example.com/evaluation/268,benchmark,indexing,"This benchmark explains evaluation within RAG pipelines, covering optimization, trade-offs, and metadata usage.",3108,0.858610568491653,178
d269,Vector Db best practices and paper,https://example.com/vector-db/269,paper,transformers,"This paper explains vector db within RAG pipelines, covering optimization, trade-offs, and metadata usage.",428,0.5613226635216287,243
d270,Ranking best practices and blog,https://example.com/ranking/270,blog,"faiss,indexing,sklearn","This blog explains ranking within RAG pipelines, covering optimization, trade-offs, and metadata usage.",2328,0.5132144694905343,110
d271,Faiss best practices and tutorial,https://example.com/faiss/271,tutorial,"production,api,python","This tutorial explains faiss within RAG pipelines, covering optimization, trade-offs, and metadata usage.",3216,0.85575069225111,91
d272,Embeddings best practices and tutorial,https://example.com/embeddings/272,tutorial,"indexing,sklearn","This tutorial explains embeddings within RAG pipelines, covering optimization, trade-offs, and metadata usage.",3431,0.32254377511209087,207
d273,Prompting best practices and doc,https://example.com/prompting/273,doc,"faiss,api","This doc explains prompting within RAG pipelines, covering optimization, trade-offs, and metadata usage.",414,0.546295397888382,12
d274,Fastapi best practices and blog,https://example.com/fastapi/274,blog,sklearn,"This blog explains fastapi within RAG pipelines, covering optimization, trade-offs, and metadata usage.",3399,0.341355727259226,41
d275,Mpnet best practices and paper,https://example.com/mpnet/275,paper,sklearn,"This paper explains mpnet within RAG pipelines, covering optimization, trade-offs, and metadata usage.",677,0.503745546121863,284
d276,Ranking best practices and benchmark,https://example.com/ranking/276,benchmark,"python,faiss,production","This benchmark explains ranking within RAG pipelines, covering optimization, trade-offs, and metadata usage.",1514,0.6756758254750462,261
d277,Similarity best practices and blog,https://example.com/similarity/277,blog,"production,pytorch","This blog explains similarity within RAG pipelines, covering optimization, trade-offs, and metadata usage.",488,0.9451572475901355,160
d278,Mpnet best practices and benchmark,https://example.com/mpnet/278,benchmark,python,"This benchmark explains mpnet within RAG pipelines, covering optimization, trade-offs, and metadata usage.",2411,0.4263236500226981,211
d279,Bm25 best practices and benchmark,https://example.com/bm25/279,benchmark,pytorch,"This benchmark explains bm25 within RAG pipelines, covering optimization, trade-offs, and metadata usage.",1418,0.8281068078408327,280
d280,Streamlit best practices and tutorial,https://example.com/streamlit/280,tutorial,production,"This tutorial explains streamlit within RAG pipelines, covering optimization, trade-offs, and metadata usage.",1031,0.31681825323093454,250
d281,Reranker best practices and blog,https://example.com/reranker/281,blog,"api,indexing,sklearn","This blog explains reranker within RAG pipelines, covering optimization, trade-offs, and metadata usage.",252,0.24733787802790327,133
d282,Random Forest best practices and benchmark,https://example.com/random-forest/282,benchmark,ui,"This benchmark explains random forest within RAG pipelines, covering optimization, trade-offs, and metadata usage.",1054,0.4145354763802965,56
d283,Random Forest best practices and benchmark,https://example.com/random-forest/283,benchmark,api,"This benchmark explains random forest within RAG pipelines, covering optimization, trade-offs, and metadata usage.",729,0.7308829208010859,260
d284,Bm25 best practices and benchmark,https://example.com/bm25/284,benchmark,"sklearn,api,transformers","This benchmark explains bm25 within RAG pipelines, covering optimization, trade-offs, and metadata usage.",463,0.7968414238752275,38
d285,Rag best practices and blog,https://example.com/rag/285,blog,"indexing,ui","This blog explains rag within RAG pipelines, covering optimization, trade-offs, and metadata usage.",1416,0.7286287422823856,291
d286,Evaluation best practices and blog,https://example.com/evaluation/286,blog,"transformers,api","This blog explains evaluation within RAG pipelines, covering optimization, trade-offs, and metadata usage.",1666,0.49363013126332356,108
d287,Faiss best practices and tutorial,https://example.com/faiss/287,tutorial,faiss,"This tutorial explains faiss within RAG pipelines, covering optimization, trade-offs, and metadata usage.",2642,0.5345546696901695,233
d288,Random Forest best practices and benchmark,https://example.com/random-forest/288,benchmark,"indexing,production","This benchmark explains random forest within RAG pipelines, covering optimization, trade-offs, and metadata usage.",3048,0.3543648447597557,47
d289,Metadata best practices and benchmark,https://example.com/metadata/289,benchmark,transformers,"This benchmark explains metadata within RAG pipelines, covering optimization, trade-offs, and metadata usage.",2986,0.902132698730147,154
d290,Throughput best practices and benchmark,https://example.com/throughput/290,benchmark,faiss,"This benchmark explains throughput within RAG pipelines, covering optimization, trade-offs, and metadata usage.",148,0.31520137440331886,14
d291,Streamlit best practices and tutorial,https://example.com/streamlit/291,tutorial,python,"This tutorial explains streamlit within RAG pipelines, covering optimization, trade-offs, and metadata usage.",541,0.8843365972217314,170
d292,Metadata best practices and blog,https://example.com/metadata/292,blog,"api,python","This blog explains metadata within RAG pipelines, covering optimization, trade-offs, and metadata usage.",2409,0.6633416813791875,240
d293,Hallucination best practices and benchmark,https://example.com/hallucination/293,benchmark,"pytorch,python,production","This benchmark explains hallucination within RAG pipelines, covering optimization, trade-offs, and metadata usage.",2280,0.5283811742568779,67
d294,Prompting best practices and benchmark,https://example.com/prompting/294,benchmark,"api,pytorch","This benchmark explains prompting within RAG pipelines, covering optimization, trade-offs, and metadata usage.",3100,0.3371065778232324,162
d295,Prompting best practices and paper,https://example.com/prompting/295,paper,"api,python","This paper explains prompting within RAG pipelines, covering optimization, trade-offs, and metadata usage.",677,0.371484201996586,130
d296,Evaluation best practices and doc,https://example.com/evaluation/296,doc,api,"This doc explains evaluation within RAG pipelines, covering optimization, trade-offs, and metadata usage.",3294,0.34092768427735753,281
d297,Latency best practices and tutorial,https://example.com/latency/297,tutorial,"indexing,sklearn","This tutorial explains latency within RAG pipelines, covering optimization, trade-offs, and metadata usage.",2149,0.5275006170041296,152
d298,Metadata best practices and benchmark,https://example.com/metadata/298,benchmark,"sklearn,indexing","This benchmark explains metadata within RAG pipelines, covering optimization, trade-offs, and metadata usage.",361,0.25011931602609716,126
d299,Reranker best practices and blog,https://example.com/reranker/299,blog,api,"This blog explains reranker within RAG pipelines, covering optimization, trade-offs, and metadata usage.",877,0.23812509646135788,191
d300,Vector Db best practices and benchmark,https://example.com/vector-db/300,benchmark,"indexing,transformers","This benchmark explains vector db within RAG pipelines, covering optimization, trade-offs, and metadata usage.",63,0.2452481139306663,142
d301,Latency best practices and benchmark,https://example.com/latency/301,benchmark,"faiss,ui","This benchmark explains latency within RAG pipelines, covering optimization, trade-offs, and metadata usage.",2626,0.6784525581849836,128
d302,Random Forest best practices and benchmark,https://example.com/random-forest/302,benchmark,"transformers,pytorch","This benchmark explains random forest within RAG pipelines, covering optimization, trade-offs, and metadata usage.",2812,0.7038906414605506,198
d303,Streamlit best practices and benchmark,https://example.com/streamlit/303,benchmark,"sklearn,transformers","This benchmark explains streamlit within RAG pipelines, covering optimization, trade-offs, and metadata usage.",2572,0.579321736057056,243
d304,Retrieval best practices and doc,https://example.com/retrieval/304,doc,"sklearn,python","This doc explains retrieval within RAG pipelines, covering optimization, trade-offs, and metadata usage.",1787,0.29836637688853246,223
d305,Similarity best practices and tutorial,https://example.com/similarity/305,tutorial,"api,production","This tutorial explains similarity within RAG pipelines, covering optimization, trade-offs, and metadata usage.",1364,0.40443987306191875,268
d306,Vector Db best practices and tutorial,https://example.com/vector-db/306,tutorial,"python,pytorch,faiss","This tutorial explains vector db within RAG pipelines, covering optimization, trade-offs, and metadata usage.",364,0.5970435155197156,87
d307,Random Forest best practices and benchmark,https://example.com/random-forest/307,benchmark,"ui,faiss,python","This benchmark explains random forest within RAG pipelines, covering optimization, trade-offs, and metadata usage.",2655,0.5588036945650086,107
d308,Latency best practices and tutorial,https://example.com/latency/308,tutorial,pytorch,"This tutorial explains latency within RAG pipelines, covering optimization, trade-offs, and metadata usage.",1420,0.2954571487467794,92
d309,Reranker best practices and blog,https://example.com/reranker/309,blog,"transformers,python,production","This blog explains reranker within RAG pipelines, covering optimization, trade-offs, and metadata usage.",3026,0.7609925967143352,234
d310,Faiss best practices and benchmark,https://example.com/faiss/310,benchmark,"ui,transformers","This benchmark explains faiss within RAG pipelines, covering optimization, trade-offs, and metadata usage.",752,0.4706079210631365,72
d311,Random Forest best practices and tutorial,https://example.com/random-forest/311,tutorial,"pytorch,transformers","This tutorial explains random forest within RAG pipelines, covering optimization, trade-offs, and metadata usage.",844,0.7638355319230861,72
d312,Random Forest best practices and paper,https://example.com/random-forest/312,paper,transformers,"This paper explains random forest within RAG pipelines, covering optimization, trade-offs, and metadata usage.",669,0.5291162763514615,39
d313,Reranker best practices and paper,https://example.com/reranker/313,paper,"ui,pytorch","This paper explains reranker within RAG pipelines, covering optimization, trade-offs, and metadata usage.",3140,0.8975025105160379,228
d314,Similarity best practices and blog,https://example.com/similarity/314,blog,"production,ui","This blog explains similarity within RAG pipelines, covering optimization, trade-offs, and metadata usage.",2293,0.6601373635473742,299
d315,Bert best practices and benchmark,https://example.com/bert/315,benchmark,"transformers,indexing,api","This benchmark explains bert within RAG pipelines, covering optimization, trade-offs, and metadata usage.",3038,0.2118541665801004,24
d316,Vector Db best practices and blog,https://example.com/vector-db/316,blog,"indexing,transformers","This blog explains vector db within RAG pipelines, covering optimization, trade-offs, and metadata usage.",1710,0.6141220274783203,170
d317,Prompting best practices and benchmark,https://example.com/prompting/317,benchmark,api,"This benchmark explains prompting within RAG pipelines, covering optimization, trade-offs, and metadata usage.",3611,0.7947537342197228,67
d318,Embeddings best practices and benchmark,https://example.com/embeddings/318,benchmark,"api,sklearn,python","This benchmark explains embeddings within RAG pipelines, covering optimization, trade-offs, and metadata usage.",2812,0.5012462255070322,94
d319,Reranker best practices and paper,https://example.com/reranker/319,paper,"indexing,faiss","This paper explains reranker within RAG pipelines, covering optimization, trade-offs, and metadata usage.",3001,0.6177513364110876,103
d320,Prompting best practices and paper,https://example.com/prompting/320,paper,pytorch,"This paper explains prompting within RAG pipelines, covering optimization, trade-offs, and metadata usage.",786,0.24345900840359747,58
d321,Prompting best practices and benchmark,https://example.com/prompting/321,benchmark,"ui,production","This benchmark explains prompting within RAG pipelines, covering optimization, trade-offs, and metadata usage.",2794,0.34394087105831406,204
d322,Reranker best practices and tutorial,https://example.com/reranker/322,tutorial,"api,pytorch,indexing","This tutorial explains reranker within RAG pipelines, covering optimization, trade-offs, and metadata usage.",823,0.7082814608408521,42
d323,Fastapi best practices and benchmark,https://example.com/fastapi/323,benchmark,indexing,"This benchmark explains fastapi within RAG pipelines, covering optimization, trade-offs, and metadata usage.",1533,0.9233891646044012,82
d324,Vector Db best practices and paper,https://example.com/vector-db/324,paper,"ui,transformers","This paper explains vector db within RAG pipelines, covering optimization, trade-offs, and metadata usage.",19,0.7818433148278179,75
d325,Prompting best practices and doc,https://example.com/prompting/325,doc,"faiss,ui","This doc explains prompting within RAG pipelines, covering optimization, trade-offs, and metadata usage.",2112,0.203229331750759,63
d326,Vector Db best practices and blog,https://example.com/vector-db/326,blog,"python,production,api","This blog explains vector db within RAG pipelines, covering optimization, trade-offs, and metadata usage.",1326,0.8074555523336531,155
d327,Evaluation best practices and tutorial,https://example.com/evaluation/327,tutorial,"api,pytorch","This tutorial explains evaluation within RAG pipelines, covering optimization, trade-offs, and metadata usage.",512,0.34162731535672924,111
d328,Random Forest best practices and tutorial,https://example.com/random-forest/328,tutorial,"transformers,sklearn","This tutorial explains random forest within RAG pipelines, covering optimization, trade-offs, and metadata usage.",2059,0.6816893139259952,258
d329,Reranker best practices and doc,https://example.com/reranker/329,doc,"faiss,python,transformers","This doc explains reranker within RAG pipelines, covering optimization, trade-offs, and metadata usage.",490,0.384406690253794,277
d330,Fastapi best practices and doc,https://example.com/fastapi/330,doc,"transformers,api,production","This doc explains fastapi within RAG pipelines, covering optimization, trade-offs, and metadata usage.",317,0.33903145460186423,60
d331,Bert best practices and blog,https://example.com/bert/331,blog,python,"This blog explains bert within RAG pipelines, covering optimization, trade-offs, and metadata usage.",868,0.8807036685428618,238
d332,Bm25 best practices and benchmark,https://example.com/bm25/332,benchmark,faiss,"This benchmark explains bm25 within RAG pipelines, covering optimization, trade-offs, and metadata usage.",2322,0.3910462625881006,82
d333,Metadata best practices and tutorial,https://example.com/metadata/333,tutorial,"ui,indexing,transformers","This tutorial explains metadata within RAG pipelines, covering optimization, trade-offs, and metadata usage.",86,0.49939647699334283,254
d334,Metadata best practices and tutorial,https://example.com/metadata/334,tutorial,ui,"This tutorial explains metadata within RAG pipelines, covering optimization, trade-offs, and metadata usage.",310,0.7871789556287929,191
d335,Random Forest best practices and paper,https://example.com/random-forest/335,paper,"api,sklearn,pytorch","This paper explains random forest within RAG pipelines, covering optimization, trade-offs, and metadata usage.",1433,0.2379019914875433,68
d336,Throughput best practices and benchmark,https://example.com/throughput/336,benchmark,production,"This benchmark explains throughput within RAG pipelines, covering optimization, trade-offs, and metadata usage.",1976,0.7699751627755476,185
d337,Prompting best practices and tutorial,https://example.com/prompting/337,tutorial,"python,ui,production","This tutorial explains prompting within RAG pipelines, covering optimization, trade-offs, and metadata usage.",444,0.8575086040637772,132
d338,Random Forest best practices and blog,https://example.com/random-forest/338,blog,"production,api,python","This blog explains random forest within RAG pipelines, covering optimization, trade-offs, and metadata usage.",3593,0.2883829256793733,86
d339,Fastapi best practices and paper,https://example.com/fastapi/339,paper,"faiss,sklearn","This paper explains fastapi within RAG pipelines, covering optimization, trade-offs, and metadata usage.",1126,0.4963263781609181,174
d340,Latency best practices and doc,https://example.com/latency/340,doc,"python,faiss,api","This doc explains latency within RAG pipelines, covering optimization, trade-offs, and metadata usage.",3507,0.5923178744594861,203
d341,Evaluation best practices and tutorial,https://example.com/evaluation/341,tutorial,"transformers,ui,production","This tutorial explains evaluation within RAG pipelines, covering optimization, trade-offs, and metadata usage.",1229,0.9381389487109999,275
d342,Similarity best practices and paper,https://example.com/similarity/342,paper,"sklearn,faiss","This paper explains similarity within RAG pipelines, covering optimization, trade-offs, and metadata usage.",1297,0.2703558680057937,295
d343,Vector Db best practices and blog,https://example.com/vector-db/343,blog,"production,pytorch,sklearn","This blog explains vector db within RAG pipelines, covering optimization, trade-offs, and metadata usage.",2246,0.9349839049176187,114
d344,Mpnet best practices and benchmark,https://example.com/mpnet/344,benchmark,pytorch,"This benchmark explains mpnet within RAG pipelines, covering optimization, trade-offs, and metadata usage.",2846,0.4526424078749515,231
d345,Ranking best practices and doc,https://example.com/ranking/345,doc,"ui,indexing","This doc explains ranking within RAG pipelines, covering optimization, trade-offs, and metadata usage.",1073,0.36511841836422476,7
d346,Streamlit best practices and doc,https://example.com/streamlit/346,doc,"indexing,sklearn","This doc explains streamlit within RAG pipelines, covering optimization, trade-offs, and metadata usage.",1168,0.4612069125960922,16
d347,Latency best practices and benchmark,https://example.com/latency/347,benchmark,ui,"This benchmark explains latency within RAG pipelines, covering optimization, trade-offs, and metadata usage.",2739,0.9088612157530795,118
d348,Throughput best practices and tutorial,https://example.com/throughput/348,tutorial,"pytorch,transformers,sklearn","This tutorial explains throughput within RAG pipelines, covering optimization, trade-offs, and metadata usage.",1313,0.8642788781437722,223
d349,Metadata best practices and paper,https://example.com/metadata/349,paper,"transformers,ui","This paper explains metadata within RAG pipelines, covering optimization, trade-offs, and metadata usage.",1998,0.37305972895041273,73
d350,Bert best practices and tutorial,https://example.com/bert/350,tutorial,"production,transformers,faiss","This tutorial explains bert within RAG pipelines, covering optimization, trade-offs, and metadata usage.",1242,0.5987096890215795,223
d351,Faiss best practices and blog,https://example.com/faiss/351,blog,"faiss,production","This blog explains faiss within RAG pipelines, covering optimization, trade-offs, and metadata usage.",449,0.8660440212611522,60
d352,Latency best practices and benchmark,https://example.com/latency/352,benchmark,"faiss,ui","This benchmark explains latency within RAG pipelines, covering optimization, trade-offs, and metadata usage.",212,0.9292596859501985,42
d353,Random Forest best practices and benchmark,https://example.com/random-forest/353,benchmark,"pytorch,ui,faiss","This benchmark explains random forest within RAG pipelines, covering optimization, trade-offs, and metadata usage.",2474,0.2675010432838174,63
d354,Random Forest best practices and tutorial,https://example.com/random-forest/354,tutorial,production,"This tutorial explains random forest within RAG pipelines, covering optimization, trade-offs, and metadata usage.",1388,0.2555432625268052,296
d355,Retrieval best practices and tutorial,https://example.com/retrieval/355,tutorial,"sklearn,faiss,production","This tutorial explains retrieval within RAG pipelines, covering optimization, trade-offs, and metadata usage.",1926,0.8616313027467111,189
d356,Rag best practices and doc,https://example.com/rag/356,doc,"api,ui","This doc explains rag within RAG pipelines, covering optimization, trade-offs, and metadata usage.",1605,0.45954786717855106,134
d357,Random Forest best practices and blog,https://example.com/random-forest/357,blog,transformers,"This blog explains random forest within RAG pipelines, covering optimization, trade-offs, and metadata usage.",249,0.3955278360019585,238
d358,Bert best practices and tutorial,https://example.com/bert/358,tutorial,ui,"This tutorial explains bert within RAG pipelines, covering optimization, trade-offs, and metadata usage.",2756,0.44765097169829854,252
d359,Fastapi best practices and doc,https://example.com/fastapi/359,doc,"production,api,ui","This doc explains fastapi within RAG pipelines, covering optimization, trade-offs, and metadata usage.",2357,0.362466773138032,92
d360,Mpnet best practices and doc,https://example.com/mpnet/360,doc,"indexing,production,pytorch","This doc explains mpnet within RAG pipelines, covering optimization, trade-offs, and metadata usage.",2374,0.615714189294821,86
d361,Metadata best practices and doc,https://example.com/metadata/361,doc,"python,faiss","This doc explains metadata within RAG pipelines, covering optimization, trade-offs, and metadata usage.",1625,0.7201553521900397,40
d362,Prompting best practices and doc,https://example.com/prompting/362,doc,"api,sklearn,production","This doc explains prompting within RAG pipelines, covering optimization, trade-offs, and metadata usage.",2042,0.26503361273239934,122
d363,Fastapi best practices and paper,https://example.com/fastapi/363,paper,"api,indexing","This paper explains fastapi within RAG pipelines, covering optimization, trade-offs, and metadata usage.",1206,0.8223124325936837,71
d364,Mpnet best practices and blog,https://example.com/mpnet/364,blog,"sklearn,api,transformers","This blog explains mpnet within RAG pipelines, covering optimization, trade-offs, and metadata usage.",135,0.8959779561243681,185
d365,Streamlit best practices and blog,https://example.com/streamlit/365,blog,"faiss,indexing","This blog explains streamlit within RAG pipelines, covering optimization, trade-offs, and metadata usage.",3500,0.25388775161467575,221
d366,Bert best practices and blog,https://example.com/bert/366,blog,"indexing,sklearn","This blog explains bert within RAG pipelines, covering optimization, trade-offs, and metadata usage.",2440,0.5512404010207483,148
d367,Fastapi best practices and benchmark,https://example.com/fastapi/367,benchmark,"python,sklearn","This benchmark explains fastapi within RAG pipelines, covering optimization, trade-offs, and metadata usage.",1872,0.27139065375273064,65
d368,Vector Db best practices and tutorial,https://example.com/vector-db/368,tutorial,"pytorch,api","This tutorial explains vector db within RAG pipelines, covering optimization, trade-offs, and metadata usage.",2358,0.22411181585213766,220
d369,Ranking best practices and blog,https://example.com/ranking/369,blog,production,"This blog explains ranking within RAG pipelines, covering optimization, trade-offs, and metadata usage.",3560,0.32552374973313447,282
d370,Bert best practices and doc,https://example.com/bert/370,doc,transformers,"This doc explains bert within RAG pipelines, covering optimization, trade-offs, and metadata usage.",712,0.5091939473480565,192
d371,Metadata best practices and doc,https://example.com/metadata/371,doc,pytorch,"This doc explains metadata within RAG pipelines, covering optimization, trade-offs, and metadata usage.",558,0.5751572369850141,271
d372,Random Forest best practices and doc,https://example.com/random-forest/372,doc,"indexing,ui,pytorch","This doc explains random forest within RAG pipelines, covering optimization, trade-offs, and metadata usage.",1796,0.3878248150489162,86
d373,Hallucination best practices and paper,https://example.com/hallucination/373,paper,"indexing,api","This paper explains hallucination within RAG pipelines, covering optimization, trade-offs, and metadata usage.",2331,0.5950799235217308,297
d374,Rag best practices and doc,https://example.com/rag/374,doc,"ui,indexing,pytorch","This doc explains rag within RAG pipelines, covering optimization, trade-offs, and metadata usage.",2634,0.8246277909961341,158
d375,Ranking best practices and paper,https://example.com/ranking/375,paper,"indexing,python","This paper explains ranking within RAG pipelines, covering optimization, trade-offs, and metadata usage.",3426,0.8795801080738863,295
d376,Vector Db best practices and doc,https://example.com/vector-db/376,doc,production,"This doc explains vector db within RAG pipelines, covering optimization, trade-offs, and metadata usage.",3506,0.610462130903656,96
d377,Embeddings best practices and blog,https://example.com/embeddings/377,blog,"faiss,sklearn","This blog explains embeddings within RAG pipelines, covering optimization, trade-offs, and metadata usage.",636,0.7618806179866497,122
d378,Latency best practices and paper,https://example.com/latency/378,paper,sklearn,"This paper explains latency within RAG pipelines, covering optimization, trade-offs, and metadata usage.",1547,0.3415341575216895,38
d379,Bm25 best practices and benchmark,https://example.com/bm25/379,benchmark,"pytorch,production","This benchmark explains bm25 within RAG pipelines, covering optimization, trade-offs, and metadata usage.",3596,0.6154858443626445,227
d380,Random Forest best practices and tutorial,https://example.com/random-forest/380,tutorial,python,"This tutorial explains random forest within RAG pipelines, covering optimization, trade-offs, and metadata usage.",3562,0.6919046457371305,53
d381,Throughput best practices and paper,https://example.com/throughput/381,paper,production,"This paper explains throughput within RAG pipelines, covering optimization, trade-offs, and metadata usage.",2508,0.6362954734690363,16
d382,Latency best practices and tutorial,https://example.com/latency/382,tutorial,"sklearn,production,python","This tutorial explains latency within RAG pipelines, covering optimization, trade-offs, and metadata usage.",81,0.5321386409239268,133
d383,Similarity best practices and tutorial,https://example.com/similarity/383,tutorial,"python,ui,sklearn","This tutorial explains similarity within RAG pipelines, covering optimization, trade-offs, and metadata usage.",1649,0.8779281415966091,53
d384,Rag best practices and blog,https://example.com/rag/384,blog,indexing,"This blog explains rag within RAG pipelines, covering optimization, trade-offs, and metadata usage.",2488,0.6949896831778357,60
d385,Faiss best practices and doc,https://example.com/faiss/385,doc,"ui,indexing","This doc explains faiss within RAG pipelines, covering optimization, trade-offs, and metadata usage.",717,0.42520393410689505,148
d386,Streamlit best practices and blog,https://example.com/streamlit/386,blog,"faiss,pytorch","This blog explains streamlit within RAG pipelines, covering optimization, trade-offs, and metadata usage.",2816,0.4641593701738432,13
d387,Mpnet best practices and doc,https://example.com/mpnet/387,doc,pytorch,"This doc explains mpnet within RAG pipelines, covering optimization, trade-offs, and metadata usage.",1310,0.6830070510874013,131
d388,Ranking best practices and doc,https://example.com/ranking/388,doc,"api,transformers,python","This doc explains ranking within RAG pipelines, covering optimization, trade-offs, and metadata usage.",2305,0.5562668330032705,30
d389,Prompting best practices and doc,https://example.com/prompting/389,doc,python,"This doc explains prompting within RAG pipelines, covering optimization, trade-offs, and metadata usage.",2536,0.36769274065703517,12
d390,Vector Db best practices and blog,https://example.com/vector-db/390,blog,"python,production","This blog explains vector db within RAG pipelines, covering optimization, trade-offs, and metadata usage.",592,0.8942650015525435,247
d391,Bert best practices and paper,https://example.com/bert/391,paper,"transformers,production,pytorch","This paper explains bert within RAG pipelines, covering optimization, trade-offs, and metadata usage.",2221,0.2090388972619439,285
d392,Throughput best practices and doc,https://example.com/throughput/392,doc,"ui,python,pytorch","This doc explains throughput within RAG pipelines, covering optimization, trade-offs, and metadata usage.",2610,0.2586171049140412,165
d393,Embeddings best practices and benchmark,https://example.com/embeddings/393,benchmark,"faiss,ui","This benchmark explains embeddings within RAG pipelines, covering optimization, trade-offs, and metadata usage.",220,0.6288814823908319,125
d394,Bm25 best practices and tutorial,https://example.com/bm25/394,tutorial,"production,sklearn,api","This tutorial explains bm25 within RAG pipelines, covering optimization, trade-offs, and metadata usage.",2418,0.5543515081733661,254
d395,Reranker best practices and blog,https://example.com/reranker/395,blog,indexing,"This blog explains reranker within RAG pipelines, covering optimization, trade-offs, and metadata usage.",1988,0.7498433559196589,290
d396,Retrieval best practices and paper,https://example.com/retrieval/396,paper,transformers,"This paper explains retrieval within RAG pipelines, covering optimization, trade-offs, and metadata usage.",3540,0.5479417145825376,65
d397,Vector Db best practices and benchmark,https://example.com/vector-db/397,benchmark,"production,python,indexing","This benchmark explains vector db within RAG pipelines, covering optimization, trade-offs, and metadata usage.",1901,0.8387916370643891,113
d398,Evaluation best practices and paper,https://example.com/evaluation/398,paper,"indexing,transformers","This paper explains evaluation within RAG pipelines, covering optimization, trade-offs, and metadata usage.",2152,0.7196949429393913,77
d399,Prompting best practices and benchmark,https://example.com/prompting/399,benchmark,sklearn,"This benchmark explains prompting within RAG pipelines, covering optimization, trade-offs, and metadata usage.",1979,0.7056463943336122,26
d400,Throughput best practices and paper,https://example.com/throughput/400,paper,transformers,"This paper explains throughput within RAG pipelines, covering optimization, trade-offs, and metadata usage.",1131,0.7653280097329669,142
d401,Faiss best practices and paper,https://example.com/faiss/401,paper,"production,ui","This paper explains faiss within RAG pipelines, covering optimization, trade-offs, and metadata usage.",1866,0.832048976604854,156
d402,Retrieval best practices and blog,https://example.com/retrieval/402,blog,"faiss,indexing,python","This blog explains retrieval within RAG pipelines, covering optimization, trade-offs, and metadata usage.",2923,0.5669488931230984,265
d403,Metadata best practices and tutorial,https://example.com/metadata/403,tutorial,python,"This tutorial explains metadata within RAG pipelines, covering optimization, trade-offs, and metadata usage.",988,0.23552938004711735,206
d404,Bm25 best practices and paper,https://example.com/bm25/404,paper,python,"This paper explains bm25 within RAG pipelines, covering optimization, trade-offs, and metadata usage.",1659,0.510765328995771,132
d405,Bm25 best practices and blog,https://example.com/bm25/405,blog,transformers,"This blog explains bm25 within RAG pipelines, covering optimization, trade-offs, and metadata usage.",981,0.6607895799013894,9
d406,Rag best practices and paper,https://example.com/rag/406,paper,"production,api","This paper explains rag within RAG pipelines, covering optimization, trade-offs, and metadata usage.",1199,0.3862206859139696,4
d407,Rag best practices and blog,https://example.com/rag/407,blog,"ui,api","This blog explains rag within RAG pipelines, covering optimization, trade-offs, and metadata usage.",1181,0.5978308847023093,113
d408,Ranking best practices and blog,https://example.com/ranking/408,blog,faiss,"This blog explains ranking within RAG pipelines, covering optimization, trade-offs, and metadata usage.",528,0.4586234445491284,154
d409,Throughput best practices and blog,https://example.com/throughput/409,blog,production,"This blog explains throughput within RAG pipelines, covering optimization, trade-offs, and metadata usage.",2693,0.9068031881063918,234
d410,Rag best practices and tutorial,https://example.com/rag/410,tutorial,"python,api","This tutorial explains rag within RAG pipelines, covering optimization, trade-offs, and metadata usage.",3576,0.7906666886474125,85
d411,Bm25 best practices and doc,https://example.com/bm25/411,doc,"ui,indexing,api","This doc explains bm25 within RAG pipelines, covering optimization, trade-offs, and metadata usage.",983,0.6102408406836637,133
d412,Bm25 best practices and tutorial,https://example.com/bm25/412,tutorial,"indexing,production","This tutorial explains bm25 within RAG pipelines, covering optimization, trade-offs, and metadata usage.",2897,0.5393809486432881,4
d413,Faiss best practices and benchmark,https://example.com/faiss/413,benchmark,production,"This benchmark explains faiss within RAG pipelines, covering optimization, trade-offs, and metadata usage.",1870,0.9335343093409849,143
d414,Metadata best practices and blog,https://example.com/metadata/414,blog,python,"This blog explains metadata within RAG pipelines, covering optimization, trade-offs, and metadata usage.",67,0.9090624293299614,15
d415,Fastapi best practices and paper,https://example.com/fastapi/415,paper,"production,indexing","This paper explains fastapi within RAG pipelines, covering optimization, trade-offs, and metadata usage.",2878,0.8975791394375932,127
d416,Reranker best practices and blog,https://example.com/reranker/416,blog,"api,ui,pytorch","This blog explains reranker within RAG pipelines, covering optimization, trade-offs, and metadata usage.",3602,0.5361892659153078,257
d417,Faiss best practices and paper,https://example.com/faiss/417,paper,"api,pytorch,transformers","This paper explains faiss within RAG pipelines, covering optimization, trade-offs, and metadata usage.",1509,0.33986247106689793,292
d418,Reranker best practices and paper,https://example.com/reranker/418,paper,transformers,"This paper explains reranker within RAG pipelines, covering optimization, trade-offs, and metadata usage.",729,0.35013757293864467,117
d419,Reranker best practices and doc,https://example.com/reranker/419,doc,sklearn,"This doc explains reranker within RAG pipelines, covering optimization, trade-offs, and metadata usage.",1687,0.3976065711419883,202
d420,Bm25 best practices and paper,https://example.com/bm25/420,paper,"api,pytorch","This paper explains bm25 within RAG pipelines, covering optimization, trade-offs, and metadata usage.",1461,0.4709741741395123,139
d421,Faiss best practices and benchmark,https://example.com/faiss/421,benchmark,"python,pytorch","This benchmark explains faiss within RAG pipelines, covering optimization, trade-offs, and metadata usage.",203,0.45698772202523047,270
d422,Reranker best practices and tutorial,https://example.com/reranker/422,tutorial,"sklearn,python","This tutorial explains reranker within RAG pipelines, covering optimization, trade-offs, and metadata usage.",2060,0.7603331545155583,71
d423,Rag best practices and tutorial,https://example.com/rag/423,tutorial,"pytorch,api,ui","This tutorial explains rag within RAG pipelines, covering optimization, trade-offs, and metadata usage.",1082,0.7351899574305631,213
d424,Hallucination best practices and benchmark,https://example.com/hallucination/424,benchmark,"python,sklearn","This benchmark explains hallucination within RAG pipelines, covering optimization, trade-offs, and metadata usage.",1783,0.5999373573737812,155
d425,Evaluation best practices and tutorial,https://example.com/evaluation/425,tutorial,"production,pytorch","This tutorial explains evaluation within RAG pipelines, covering optimization, trade-offs, and metadata usage.",1640,0.39843070836594624,278
d426,Metadata best practices and tutorial,https://example.com/metadata/426,tutorial,api,"This tutorial explains metadata within RAG pipelines, covering optimization, trade-offs, and metadata usage.",3448,0.40542962645453395,72
d427,Latency best practices and tutorial,https://example.com/latency/427,tutorial,pytorch,"This tutorial explains latency within RAG pipelines, covering optimization, trade-offs, and metadata usage.",1285,0.4839656955758889,57
d428,Bert best practices and paper,https://example.com/bert/428,paper,"indexing,pytorch","This paper explains bert within RAG pipelines, covering optimization, trade-offs, and metadata usage.",3577,0.21890371034462164,26
d429,Ranking best practices and paper,https://example.com/ranking/429,paper,"ui,sklearn,transformers","This paper explains ranking within RAG pipelines, covering optimization, trade-offs, and metadata usage.",1063,0.5988678918334507,151
d430,Streamlit best practices and paper,https://example.com/streamlit/430,paper,"api,production,indexing","This paper explains streamlit within RAG pipelines, covering optimization, trade-offs, and metadata usage.",121,0.5257619361689718,268
d431,Faiss best practices and doc,https://example.com/faiss/431,doc,"pytorch,faiss,production","This doc explains faiss within RAG pipelines, covering optimization, trade-offs, and metadata usage.",2607,0.945701884372462,28
d432,Bert best practices and doc,https://example.com/bert/432,doc,pytorch,"This doc explains bert within RAG pipelines, covering optimization, trade-offs, and metadata usage.",132,0.22563455819619513,196
d433,Hallucination best practices and doc,https://example.com/hallucination/433,doc,"sklearn,faiss,indexing","This doc explains hallucination within RAG pipelines, covering optimization, trade-offs, and metadata usage.",2698,0.4069428815306099,29
d434,Fastapi best practices and blog,https://example.com/fastapi/434,blog,faiss,"This blog explains fastapi within RAG pipelines, covering optimization, trade-offs, and metadata usage.",3109,0.3989100920844245,134
d435,Fastapi best practices and paper,https://example.com/fastapi/435,paper,"ui,production","This paper explains fastapi within RAG pipelines, covering optimization, trade-offs, and metadata usage.",3104,0.870307346537204,81
d436,Streamlit best practices and blog,https://example.com/streamlit/436,blog,api,"This blog explains streamlit within RAG pipelines, covering optimization, trade-offs, and metadata usage.",2762,0.5133074647721297,150
d437,Mpnet best practices and paper,https://example.com/mpnet/437,paper,"production,python","This paper explains mpnet within RAG pipelines, covering optimization, trade-offs, and metadata usage.",1366,0.6243426645305679,105
d438,Vector Db best practices and blog,https://example.com/vector-db/438,blog,"pytorch,api,indexing","This blog explains vector db within RAG pipelines, covering optimization, trade-offs, and metadata usage.",1764,0.9256947694981041,235
d439,Vector Db best practices and benchmark,https://example.com/vector-db/439,benchmark,indexing,"This benchmark explains vector db within RAG pipelines, covering optimization, trade-offs, and metadata usage.",605,0.32748389089683927,157
d440,Ranking best practices and benchmark,https://example.com/ranking/440,benchmark,"indexing,pytorch","This benchmark explains ranking within RAG pipelines, covering optimization, trade-offs, and metadata usage.",1107,0.2863895399856955,278
d441,Similarity best practices and blog,https://example.com/similarity/441,blog,"transformers,python,production","This blog explains similarity within RAG pipelines, covering optimization, trade-offs, and metadata usage.",1398,0.25064548581354007,244
d442,Bm25 best practices and blog,https://example.com/bm25/442,blog,production,"This blog explains bm25 within RAG pipelines, covering optimization, trade-offs, and metadata usage.",1076,0.2890080253091337,198
d443,Similarity best practices and benchmark,https://example.com/similarity/443,benchmark,"ui,pytorch,python","This benchmark explains similarity within RAG pipelines, covering optimization, trade-offs, and metadata usage.",953,0.7385467524756879,176
d444,Mpnet best practices and blog,https://example.com/mpnet/444,blog,api,"This blog explains mpnet within RAG pipelines, covering optimization, trade-offs, and metadata usage.",1719,0.9498240026857578,31
d445,Evaluation best practices and blog,https://example.com/evaluation/445,blog,"python,transformers,api","This blog explains evaluation within RAG pipelines, covering optimization, trade-offs, and metadata usage.",1147,0.28551439350091323,26
d446,Vector Db best practices and benchmark,https://example.com/vector-db/446,benchmark,"pytorch,indexing,ui","This benchmark explains vector db within RAG pipelines, covering optimization, trade-offs, and metadata usage.",2390,0.5121212600504681,135
d447,Rag best practices and tutorial,https://example.com/rag/447,tutorial,"api,pytorch,sklearn","This tutorial explains rag within RAG pipelines, covering optimization, trade-offs, and metadata usage.",2011,0.2290634986463221,20
d448,Faiss best practices and doc,https://example.com/faiss/448,doc,"faiss,sklearn","This doc explains faiss within RAG pipelines, covering optimization, trade-offs, and metadata usage.",374,0.9123885349368974,28
d449,Throughput best practices and doc,https://example.com/throughput/449,doc,"ui,python,transformers","This doc explains throughput within RAG pipelines, covering optimization, trade-offs, and metadata usage.",1468,0.6028794862451139,110
d450,Mpnet best practices and paper,https://example.com/mpnet/450,paper,sklearn,"This paper explains mpnet within RAG pipelines, covering optimization, trade-offs, and metadata usage.",3050,0.3909119859704616,110
d451,Hallucination best practices and paper,https://example.com/hallucination/451,paper,api,"This paper explains hallucination within RAG pipelines, covering optimization, trade-offs, and metadata usage.",686,0.6702142553242016,78
d452,Rag best practices and paper,https://example.com/rag/452,paper,"faiss,sklearn","This paper explains rag within RAG pipelines, covering optimization, trade-offs, and metadata usage.",892,0.4841509672609679,231
d453,Metadata best practices and blog,https://example.com/metadata/453,blog,"pytorch,sklearn,python","This blog explains metadata within RAG pipelines, covering optimization, trade-offs, and metadata usage.",969,0.2440390112376123,238
d454,Reranker best practices and blog,https://example.com/reranker/454,blog,"indexing,transformers,ui","This blog explains reranker within RAG pipelines, covering optimization, trade-offs, and metadata usage.",3614,0.6215068810346509,27
d455,Retrieval best practices and tutorial,https://example.com/retrieval/455,tutorial,"production,sklearn,indexing","This tutorial explains retrieval within RAG pipelines, covering optimization, trade-offs, and metadata usage.",2570,0.6717110128720829,260
d456,Streamlit best practices and doc,https://example.com/streamlit/456,doc,"api,sklearn,indexing","This doc explains streamlit within RAG pipelines, covering optimization, trade-offs, and metadata usage.",1628,0.6171427225983419,10
d457,Reranker best practices and paper,https://example.com/reranker/457,paper,"sklearn,faiss,ui","This paper explains reranker within RAG pipelines, covering optimization, trade-offs, and metadata usage.",568,0.4542677194398699,56
d458,Reranker best practices and doc,https://example.com/reranker/458,doc,api,"This doc explains reranker within RAG pipelines, covering optimization, trade-offs, and metadata usage.",1129,0.8660215686706632,28
d459,Reranker best practices and doc,https://example.com/reranker/459,doc,pytorch,"This doc explains reranker within RAG pipelines, covering optimization, trade-offs, and metadata usage.",303,0.9290526328481643,87
d460,Random Forest best practices and doc,https://example.com/random-forest/460,doc,"python,pytorch","This doc explains random forest within RAG pipelines, covering optimization, trade-offs, and metadata usage.",2141,0.22964271401767286,89
d461,Embeddings best practices and doc,https://example.com/embeddings/461,doc,indexing,"This doc explains embeddings within RAG pipelines, covering optimization, trade-offs, and metadata usage.",2251,0.7471213158957344,1
d462,Fastapi best practices and benchmark,https://example.com/fastapi/462,benchmark,"python,pytorch,transformers","This benchmark explains fastapi within RAG pipelines, covering optimization, trade-offs, and metadata usage.",1142,0.44348275033275025,130
d463,Evaluation best practices and blog,https://example.com/evaluation/463,blog,"pytorch,faiss","This blog explains evaluation within RAG pipelines, covering optimization, trade-offs, and metadata usage.",2044,0.9462570629928577,269
d464,Latency best practices and tutorial,https://example.com/latency/464,tutorial,"production,python","This tutorial explains latency within RAG pipelines, covering optimization, trade-offs, and metadata usage.",1431,0.4156047639113173,105
d465,Metadata best practices and tutorial,https://example.com/metadata/465,tutorial,"faiss,transformers,indexing","This tutorial explains metadata within RAG pipelines, covering optimization, trade-offs, and metadata usage.",369,0.25023350984899245,9
d466,Retrieval best practices and blog,https://example.com/retrieval/466,blog,pytorch,"This blog explains retrieval within RAG pipelines, covering optimization, trade-offs, and metadata usage.",2722,0.9395223073074677,78
d467,Rag best practices and paper,https://example.com/rag/467,paper,python,"This paper explains rag within RAG pipelines, covering optimization, trade-offs, and metadata usage.",446,0.5734987180948676,172
d468,Latency best practices and blog,https://example.com/latency/468,blog,"ui,pytorch","This blog explains latency within RAG pipelines, covering optimization, trade-offs, and metadata usage.",566,0.5212944843810992,41
d469,Embeddings best practices and doc,https://example.com/embeddings/469,doc,"faiss,indexing,pytorch","This doc explains embeddings within RAG pipelines, covering optimization, trade-offs, and metadata usage.",768,0.32773931608387175,20
d470,Hallucination best practices and tutorial,https://example.com/hallucination/470,tutorial,"pytorch,api,production","This tutorial explains hallucination within RAG pipelines, covering optimization, trade-offs, and metadata usage.",1886,0.8469108503062441,19
d471,Reranker best practices and benchmark,https://example.com/reranker/471,benchmark,pytorch,"This benchmark explains reranker within RAG pipelines, covering optimization, trade-offs, and metadata usage.",275,0.2422166097364934,7
d472,Bm25 best practices and benchmark,https://example.com/bm25/472,benchmark,sklearn,"This benchmark explains bm25 within RAG pipelines, covering optimization, trade-offs, and metadata usage.",2682,0.5196831523850425,164
d473,Metadata best practices and doc,https://example.com/metadata/473,doc,"production,sklearn","This doc explains metadata within RAG pipelines, covering optimization, trade-offs, and metadata usage.",3235,0.31259716756194283,296
d474,Vector Db best practices and benchmark,https://example.com/vector-db/474,benchmark,pytorch,"This benchmark explains vector db within RAG pipelines, covering optimization, trade-offs, and metadata usage.",3449,0.8647511179497676,143
d475,Faiss best practices and doc,https://example.com/faiss/475,doc,"ui,faiss,pytorch","This doc explains faiss within RAG pipelines, covering optimization, trade-offs, and metadata usage.",3352,0.5910824076184957,109
d476,Metadata best practices and blog,https://example.com/metadata/476,blog,api,"This blog explains metadata within RAG pipelines, covering optimization, trade-offs, and metadata usage.",1562,0.38813966874134165,91
d477,Throughput best practices and paper,https://example.com/throughput/477,paper,ui,"This paper explains throughput within RAG pipelines, covering optimization, trade-offs, and metadata usage.",148,0.6515895438750705,261
d478,Vector Db best practices and tutorial,https://example.com/vector-db/478,tutorial,"ui,production,api","This tutorial explains vector db within RAG pipelines, covering optimization, trade-offs, and metadata usage.",1649,0.20646294285031405,45
d479,Faiss best practices and tutorial,https://example.com/faiss/479,tutorial,"ui,pytorch,python","This tutorial explains faiss within RAG pipelines, covering optimization, trade-offs, and metadata usage.",1078,0.25389662438072,224
d480,Latency best practices and blog,https://example.com/latency/480,blog,"pytorch,indexing,faiss","This blog explains latency within RAG pipelines, covering optimization, trade-offs, and metadata usage.",1252,0.9434334711050207,178
d481,Fastapi best practices and paper,https://example.com/fastapi/481,paper,sklearn,"This paper explains fastapi within RAG pipelines, covering optimization, trade-offs, and metadata usage.",1446,0.6164417149250421,37
d482,Prompting best practices and blog,https://example.com/prompting/482,blog,"api,sklearn,indexing","This blog explains prompting within RAG pipelines, covering optimization, trade-offs, and metadata usage.",808,0.3854503123095834,241
d483,Bm25 best practices and blog,https://example.com/bm25/483,blog,ui,"This blog explains bm25 within RAG pipelines, covering optimization, trade-offs, and metadata usage.",2723,0.8989582769224973,98
d484,Bm25 best practices and doc,https://example.com/bm25/484,doc,"transformers,python,ui","This doc explains bm25 within RAG pipelines, covering optimization, trade-offs, and metadata usage.",3316,0.2804652931427952,146
d485,Similarity best practices and paper,https://example.com/similarity/485,paper,"python,production","This paper explains similarity within RAG pipelines, covering optimization, trade-offs, and metadata usage.",3565,0.2928827614575281,279
d486,Embeddings best practices and tutorial,https://example.com/embeddings/486,tutorial,"faiss,production,python","This tutorial explains embeddings within RAG pipelines, covering optimization, trade-offs, and metadata usage.",2741,0.2514656428316442,217
d487,Embeddings best practices and doc,https://example.com/embeddings/487,doc,"api,pytorch","This doc explains embeddings within RAG pipelines, covering optimization, trade-offs, and metadata usage.",3087,0.7387629223798662,248
d488,Throughput best practices and blog,https://example.com/throughput/488,blog,indexing,"This blog explains throughput within RAG pipelines, covering optimization, trade-offs, and metadata usage.",1709,0.9177286884730846,209
d489,Embeddings best practices and blog,https://example.com/embeddings/489,blog,"transformers,indexing","This blog explains embeddings within RAG pipelines, covering optimization, trade-offs, and metadata usage.",695,0.9482505442539768,226
d490,Mpnet best practices and tutorial,https://example.com/mpnet/490,tutorial,api,"This tutorial explains mpnet within RAG pipelines, covering optimization, trade-offs, and metadata usage.",23,0.5610315479462438,161
d491,Latency best practices and blog,https://example.com/latency/491,blog,sklearn,"This blog explains latency within RAG pipelines, covering optimization, trade-offs, and metadata usage.",212,0.6372336965491706,121
d492,Evaluation best practices and blog,https://example.com/evaluation/492,blog,"api,sklearn","This blog explains evaluation within RAG pipelines, covering optimization, trade-offs, and metadata usage.",1260,0.7926823665420764,192
d493,Evaluation best practices and doc,https://example.com/evaluation/493,doc,"production,faiss","This doc explains evaluation within RAG pipelines, covering optimization, trade-offs, and metadata usage.",3455,0.40486740554414,30
d494,Latency best practices and blog,https://example.com/latency/494,blog,"faiss,pytorch,transformers","This blog explains latency within RAG pipelines, covering optimization, trade-offs, and metadata usage.",3564,0.3663034907278242,177
d495,Retrieval best practices and doc,https://example.com/retrieval/495,doc,"indexing,pytorch,sklearn","This doc explains retrieval within RAG pipelines, covering optimization, trade-offs, and metadata usage.",3282,0.5346875158709821,101
d496,Latency best practices and benchmark,https://example.com/latency/496,benchmark,"indexing,pytorch,sklearn","This benchmark explains latency within RAG pipelines, covering optimization, trade-offs, and metadata usage.",130,0.30725555099478885,15
d497,Similarity best practices and tutorial,https://example.com/similarity/497,tutorial,"indexing,ui","This tutorial explains similarity within RAG pipelines, covering optimization, trade-offs, and metadata usage.",586,0.37613012244442334,151
d498,Streamlit best practices and tutorial,https://example.com/streamlit/498,tutorial,"production,ui","This tutorial explains streamlit within RAG pipelines, covering optimization, trade-offs, and metadata usage.",824,0.7793793545168102,115
d499,Latency best practices and benchmark,https://example.com/latency/499,benchmark,indexing,"This benchmark explains latency within RAG pipelines, covering optimization, trade-offs, and metadata usage.",2093,0.919322047528333,182
d500,Random Forest best practices and blog,https://example.com/random-forest/500,blog,indexing,"This blog explains random forest within RAG pipelines, covering optimization, trade-offs, and metadata usage.",702,0.8627497111793623,276
d501,Prompting best practices and blog,https://example.com/prompting/501,blog,"faiss,python","This blog explains prompting within RAG pipelines, covering optimization, trade-offs, and metadata usage.",3618,0.5739500287940948,245
d502,Random Forest best practices and tutorial,https://example.com/random-forest/502,tutorial,"faiss,ui,sklearn","This tutorial explains random forest within RAG pipelines, covering optimization, trade-offs, and metadata usage.",2289,0.2399938137000055,83
d503,Vector Db best practices and benchmark,https://example.com/vector-db/503,benchmark,"production,ui,sklearn","This benchmark explains vector db within RAG pipelines, covering optimization, trade-offs, and metadata usage.",2405,0.514824025324069,138
d504,Throughput best practices and tutorial,https://example.com/throughput/504,tutorial,api,"This tutorial explains throughput within RAG pipelines, covering optimization, trade-offs, and metadata usage.",927,0.8274805598049082,69
d505,Similarity best practices and tutorial,https://example.com/similarity/505,tutorial,indexing,"This tutorial explains similarity within RAG pipelines, covering optimization, trade-offs, and metadata usage.",76,0.36134841355870584,164
d506,Similarity best practices and tutorial,https://example.com/similarity/506,tutorial,"api,transformers","This tutorial explains similarity within RAG pipelines, covering optimization, trade-offs, and metadata usage.",1454,0.8841540053065071,187
d507,Bert best practices and tutorial,https://example.com/bert/507,tutorial,"ui,production,indexing","This tutorial explains bert within RAG pipelines, covering optimization, trade-offs, and metadata usage.",3513,0.6651099930991606,189
d508,Prompting best practices and doc,https://example.com/prompting/508,doc,"transformers,production,indexing","This doc explains prompting within RAG pipelines, covering optimization, trade-offs, and metadata usage.",1876,0.7860993795518163,175
d509,Faiss best practices and paper,https://example.com/faiss/509,paper,ui,"This paper explains faiss within RAG pipelines, covering optimization, trade-offs, and metadata usage.",1203,0.5803925894869467,152
d510,Retrieval best practices and blog,https://example.com/retrieval/510,blog,"pytorch,api","This blog explains retrieval within RAG pipelines, covering optimization, trade-offs, and metadata usage.",1896,0.4814586047701206,158
d511,Retrieval best practices and benchmark,https://example.com/retrieval/511,benchmark,faiss,"This benchmark explains retrieval within RAG pipelines, covering optimization, trade-offs, and metadata usage.",1621,0.4204703531934283,95
d512,Vector Db best practices and blog,https://example.com/vector-db/512,blog,"production,faiss","This blog explains vector db within RAG pipelines, covering optimization, trade-offs, and metadata usage.",884,0.41391581412040057,285
d513,Bm25 best practices and doc,https://example.com/bm25/513,doc,pytorch,"This doc explains bm25 within RAG pipelines, covering optimization, trade-offs, and metadata usage.",3622,0.5477897959974446,78
d514,Throughput best practices and tutorial,https://example.com/throughput/514,tutorial,"api,sklearn","This tutorial explains throughput within RAG pipelines, covering optimization, trade-offs, and metadata usage.",2977,0.5874308786322593,224
d515,Hallucination best practices and doc,https://example.com/hallucination/515,doc,"transformers,production","This doc explains hallucination within RAG pipelines, covering optimization, trade-offs, and metadata usage.",1179,0.6912469431510981,29
d516,Embeddings best practices and benchmark,https://example.com/embeddings/516,benchmark,faiss,"This benchmark explains embeddings within RAG pipelines, covering optimization, trade-offs, and metadata usage.",1376,0.7632565646619185,167
d517,Mpnet best practices and benchmark,https://example.com/mpnet/517,benchmark,"faiss,python","This benchmark explains mpnet within RAG pipelines, covering optimization, trade-offs, and metadata usage.",1351,0.8442246872700729,209
d518,Streamlit best practices and tutorial,https://example.com/streamlit/518,tutorial,"production,pytorch,indexing","This tutorial explains streamlit within RAG pipelines, covering optimization, trade-offs, and metadata usage.",503,0.3459711587036917,23
d519,Similarity best practices and tutorial,https://example.com/similarity/519,tutorial,"transformers,api","This tutorial explains similarity within RAG pipelines, covering optimization, trade-offs, and metadata usage.",2197,0.5383176206029296,49
d520,Embeddings best practices and blog,https://example.com/embeddings/520,blog,"sklearn,indexing,ui","This blog explains embeddings within RAG pipelines, covering optimization, trade-offs, and metadata usage.",3119,0.421543096032388,37
d521,Reranker best practices and benchmark,https://example.com/reranker/521,benchmark,transformers,"This benchmark explains reranker within RAG pipelines, covering optimization, trade-offs, and metadata usage.",1810,0.9068784644251109,122
d522,Vector Db best practices and benchmark,https://example.com/vector-db/522,benchmark,"api,indexing","This benchmark explains vector db within RAG pipelines, covering optimization, trade-offs, and metadata usage.",1592,0.7650954045772562,137
d523,Mpnet best practices and tutorial,https://example.com/mpnet/523,tutorial,sklearn,"This tutorial explains mpnet within RAG pipelines, covering optimization, trade-offs, and metadata usage.",371,0.3744141968322977,184
d524,Evaluation best practices and doc,https://example.com/evaluation/524,doc,"pytorch,ui","This doc explains evaluation within RAG pipelines, covering optimization, trade-offs, and metadata usage.",188,0.5696283500515866,245
d525,Rag best practices and doc,https://example.com/rag/525,doc,python,"This doc explains rag within RAG pipelines, covering optimization, trade-offs, and metadata usage.",314,0.3481115388974586,148
d526,Similarity best practices and benchmark,https://example.com/similarity/526,benchmark,"api,ui,transformers","This benchmark explains similarity within RAG pipelines, covering optimization, trade-offs, and metadata usage.",2036,0.3712521737239445,287
d527,Vector Db best practices and benchmark,https://example.com/vector-db/527,benchmark,"python,transformers","This benchmark explains vector db within RAG pipelines, covering optimization, trade-offs, and metadata usage.",3287,0.4569517674877084,168
d528,Embeddings best practices and paper,https://example.com/embeddings/528,paper,indexing,"This paper explains embeddings within RAG pipelines, covering optimization, trade-offs, and metadata usage.",2443,0.5724236728603906,24
d529,Latency best practices and benchmark,https://example.com/latency/529,benchmark,"sklearn,faiss","This benchmark explains latency within RAG pipelines, covering optimization, trade-offs, and metadata usage.",1983,0.548301219737894,128
d530,Prompting best practices and paper,https://example.com/prompting/530,paper,"pytorch,python,api","This paper explains prompting within RAG pipelines, covering optimization, trade-offs, and metadata usage.",910,0.6311517815208008,227
d531,Metadata best practices and benchmark,https://example.com/metadata/531,benchmark,ui,"This benchmark explains metadata within RAG pipelines, covering optimization, trade-offs, and metadata usage.",966,0.7470578446994782,264
d532,Streamlit best practices and doc,https://example.com/streamlit/532,doc,"ui,python","This doc explains streamlit within RAG pipelines, covering optimization, trade-offs, and metadata usage.",18,0.515122140893479,297
d533,Ranking best practices and benchmark,https://example.com/ranking/533,benchmark,"transformers,production,indexing","This benchmark explains ranking within RAG pipelines, covering optimization, trade-offs, and metadata usage.",1436,0.6240994372071782,118
d534,Bm25 best practices and tutorial,https://example.com/bm25/534,tutorial,pytorch,"This tutorial explains bm25 within RAG pipelines, covering optimization, trade-offs, and metadata usage.",2783,0.49741454212163555,252
d535,Streamlit best practices and paper,https://example.com/streamlit/535,paper,python,"This paper explains streamlit within RAG pipelines, covering optimization, trade-offs, and metadata usage.",2064,0.8043627210129669,147
d536,Similarity best practices and benchmark,https://example.com/similarity/536,benchmark,api,"This benchmark explains similarity within RAG pipelines, covering optimization, trade-offs, and metadata usage.",2216,0.5504550259192509,172
d537,Rag best practices and doc,https://example.com/rag/537,doc,"transformers,pytorch","This doc explains rag within RAG pipelines, covering optimization, trade-offs, and metadata usage.",2069,0.6364993465673106,141
d538,Ranking best practices and blog,https://example.com/ranking/538,blog,"api,ui","This blog explains ranking within RAG pipelines, covering optimization, trade-offs, and metadata usage.",443,0.4560338706358946,223
d539,Hallucination best practices and benchmark,https://example.com/hallucination/539,benchmark,"python,production,ui","This benchmark explains hallucination within RAG pipelines, covering optimization, trade-offs, and metadata usage.",2127,0.7543792414450419,85
d540,Similarity best practices and paper,https://example.com/similarity/540,paper,"sklearn,python,pytorch","This paper explains similarity within RAG pipelines, covering optimization, trade-offs, and metadata usage.",2709,0.48598065384232586,284
d541,Embeddings best practices and benchmark,https://example.com/embeddings/541,benchmark,"python,api,transformers","This benchmark explains embeddings within RAG pipelines, covering optimization, trade-offs, and metadata usage.",858,0.22411204632542095,245
d542,Streamlit best practices and paper,https://example.com/streamlit/542,paper,"api,faiss,ui","This paper explains streamlit within RAG pipelines, covering optimization, trade-offs, and metadata usage.",3416,0.8092227098527145,116
d543,Vector Db best practices and doc,https://example.com/vector-db/543,doc,"indexing,sklearn","This doc explains vector db within RAG pipelines, covering optimization, trade-offs, and metadata usage.",79,0.3277936318689687,68
d544,Vector Db best practices and doc,https://example.com/vector-db/544,doc,"pytorch,python,production","This doc explains vector db within RAG pipelines, covering optimization, trade-offs, and metadata usage.",2924,0.845422666455224,41
d545,Fastapi best practices and paper,https://example.com/fastapi/545,paper,"indexing,sklearn","This paper explains fastapi within RAG pipelines, covering optimization, trade-offs, and metadata usage.",1214,0.6173645678830957,3
d546,Bm25 best practices and blog,https://example.com/bm25/546,blog,"api,python,pytorch","This blog explains bm25 within RAG pipelines, covering optimization, trade-offs, and metadata usage.",3367,0.7556114237268401,50
d547,Latency best practices and doc,https://example.com/latency/547,doc,python,"This doc explains latency within RAG pipelines, covering optimization, trade-offs, and metadata usage.",1123,0.8696787465220122,118
d548,Throughput best practices and tutorial,https://example.com/throughput/548,tutorial,python,"This tutorial explains throughput within RAG pipelines, covering optimization, trade-offs, and metadata usage.",2582,0.450570394744965,166
d549,Vector Db best practices and paper,https://example.com/vector-db/549,paper,"python,api","This paper explains vector db within RAG pipelines, covering optimization, trade-offs, and metadata usage.",2165,0.7300219409849193,158
d550,Embeddings best practices and blog,https://example.com/embeddings/550,blog,pytorch,"This blog explains embeddings within RAG pipelines, covering optimization, trade-offs, and metadata usage.",3612,0.33123337811561615,253
d551,Ranking best practices and doc,https://example.com/ranking/551,doc,"ui,transformers","This doc explains ranking within RAG pipelines, covering optimization, trade-offs, and metadata usage.",3142,0.33999657777157233,61
d552,Evaluation best practices and blog,https://example.com/evaluation/552,blog,indexing,"This blog explains evaluation within RAG pipelines, covering optimization, trade-offs, and metadata usage.",3613,0.7430091891382613,67
d553,Bm25 best practices and benchmark,https://example.com/bm25/553,benchmark,faiss,"This benchmark explains bm25 within RAG pipelines, covering optimization, trade-offs, and metadata usage.",395,0.7981379030398843,264
d554,Streamlit best practices and benchmark,https://example.com/streamlit/554,benchmark,"indexing,transformers,faiss","This benchmark explains streamlit within RAG pipelines, covering optimization, trade-offs, and metadata usage.",1856,0.889332248424954,195
d555,Prompting best practices and tutorial,https://example.com/prompting/555,tutorial,production,"This tutorial explains prompting within RAG pipelines, covering optimization, trade-offs, and metadata usage.",2144,0.9086038789580289,21
d556,Bm25 best practices and blog,https://example.com/bm25/556,blog,"api,production,ui","This blog explains bm25 within RAG pipelines, covering optimization, trade-offs, and metadata usage.",323,0.7996344542886715,48
d557,Ranking best practices and benchmark,https://example.com/ranking/557,benchmark,python,"This benchmark explains ranking within RAG pipelines, covering optimization, trade-offs, and metadata usage.",562,0.4660439908974127,226
d558,Hallucination best practices and doc,https://example.com/hallucination/558,doc,"production,pytorch","This doc explains hallucination within RAG pipelines, covering optimization, trade-offs, and metadata usage.",2024,0.28771042481690623,40
d559,Evaluation best practices and tutorial,https://example.com/evaluation/559,tutorial,"transformers,python","This tutorial explains evaluation within RAG pipelines, covering optimization, trade-offs, and metadata usage.",337,0.7189138195294273,64
d560,Ranking best practices and doc,https://example.com/ranking/560,doc,"indexing,sklearn","This doc explains ranking within RAG pipelines, covering optimization, trade-offs, and metadata usage.",2604,0.8268972284519698,115
d561,Reranker best practices and tutorial,https://example.com/reranker/561,tutorial,"ui,python,indexing","This tutorial explains reranker within RAG pipelines, covering optimization, trade-offs, and metadata usage.",1676,0.6700745482453705,173
d562,Throughput best practices and paper,https://example.com/throughput/562,paper,"api,faiss,transformers","This paper explains throughput within RAG pipelines, covering optimization, trade-offs, and metadata usage.",1949,0.24597804933008172,147
d563,Mpnet best practices and blog,https://example.com/mpnet/563,blog,pytorch,"This blog explains mpnet within RAG pipelines, covering optimization, trade-offs, and metadata usage.",2217,0.44658493347930295,73
d564,Vector Db best practices and doc,https://example.com/vector-db/564,doc,indexing,"This doc explains vector db within RAG pipelines, covering optimization, trade-offs, and metadata usage.",2910,0.2337231818741206,49
d565,Ranking best practices and benchmark,https://example.com/ranking/565,benchmark,"production,transformers,pytorch","This benchmark explains ranking within RAG pipelines, covering optimization, trade-offs, and metadata usage.",758,0.4119008009650333,167
d566,Evaluation best practices and blog,https://example.com/evaluation/566,blog,"production,indexing","This blog explains evaluation within RAG pipelines, covering optimization, trade-offs, and metadata usage.",929,0.70935902632917,86
d567,Prompting best practices and tutorial,https://example.com/prompting/567,tutorial,"ui,api,indexing","This tutorial explains prompting within RAG pipelines, covering optimization, trade-offs, and metadata usage.",3206,0.364995079495446,139
d568,Latency best practices and benchmark,https://example.com/latency/568,benchmark,"production,ui,python","This benchmark explains latency within RAG pipelines, covering optimization, trade-offs, and metadata usage.",1905,0.8198079124795319,138
d569,Evaluation best practices and doc,https://example.com/evaluation/569,doc,"faiss,ui","This doc explains evaluation within RAG pipelines, covering optimization, trade-offs, and metadata usage.",1289,0.4787834448721505,81
d570,Prompting best practices and tutorial,https://example.com/prompting/570,tutorial,"pytorch,sklearn,transformers","This tutorial explains prompting within RAG pipelines, covering optimization, trade-offs, and metadata usage.",694,0.3570704610945717,73
d571,Similarity best practices and blog,https://example.com/similarity/571,blog,faiss,"This blog explains similarity within RAG pipelines, covering optimization, trade-offs, and metadata usage.",3233,0.7756305619856738,19
d572,Reranker best practices and paper,https://example.com/reranker/572,paper,"transformers,pytorch","This paper explains reranker within RAG pipelines, covering optimization, trade-offs, and metadata usage.",2273,0.44062767195486285,244
d573,Bm25 best practices and doc,https://example.com/bm25/573,doc,"indexing,transformers,faiss","This doc explains bm25 within RAG pipelines, covering optimization, trade-offs, and metadata usage.",998,0.5434230273135392,224
d574,Fastapi best practices and blog,https://example.com/fastapi/574,blog,"python,pytorch","This blog explains fastapi within RAG pipelines, covering optimization, trade-offs, and metadata usage.",2496,0.511139004144624,31
d575,Latency best practices and tutorial,https://example.com/latency/575,tutorial,"indexing,faiss","This tutorial explains latency within RAG pipelines, covering optimization, trade-offs, and metadata usage.",3075,0.2271667482839777,279
d576,Evaluation best practices and doc,https://example.com/evaluation/576,doc,"indexing,production","This doc explains evaluation within RAG pipelines, covering optimization, trade-offs, and metadata usage.",3250,0.2888639392661012,74
d577,Throughput best practices and paper,https://example.com/throughput/577,paper,python,"This paper explains throughput within RAG pipelines, covering optimization, trade-offs, and metadata usage.",435,0.5967795451166678,120
d578,Bm25 best practices and tutorial,https://example.com/bm25/578,tutorial,python,"This tutorial explains bm25 within RAG pipelines, covering optimization, trade-offs, and metadata usage.",455,0.6122550494470578,28
d579,Rag best practices and paper,https://example.com/rag/579,paper,"python,pytorch","This paper explains rag within RAG pipelines, covering optimization, trade-offs, and metadata usage.",1713,0.9060251759526852,7
d580,Similarity best practices and tutorial,https://example.com/similarity/580,tutorial,python,"This tutorial explains similarity within RAG pipelines, covering optimization, trade-offs, and metadata usage.",2580,0.9359573929949545,43
d581,Vector Db best practices and doc,https://example.com/vector-db/581,doc,"sklearn,indexing","This doc explains vector db within RAG pipelines, covering optimization, trade-offs, and metadata usage.",2355,0.9308756694067168,26
d582,Bert best practices and paper,https://example.com/bert/582,paper,"transformers,sklearn","This paper explains bert within RAG pipelines, covering optimization, trade-offs, and metadata usage.",3169,0.8984324963595969,115
d583,Rag best practices and tutorial,https://example.com/rag/583,tutorial,"api,transformers,ui","This tutorial explains rag within RAG pipelines, covering optimization, trade-offs, and metadata usage.",1560,0.2432007877842311,290
d584,Bert best practices and benchmark,https://example.com/bert/584,benchmark,"sklearn,api","This benchmark explains bert within RAG pipelines, covering optimization, trade-offs, and metadata usage.",1435,0.6000405731232742,44
d585,Random Forest best practices and doc,https://example.com/random-forest/585,doc,"pytorch,python","This doc explains random forest within RAG pipelines, covering optimization, trade-offs, and metadata usage.",431,0.840794593245124,73
d586,Throughput best practices and tutorial,https://example.com/throughput/586,tutorial,"sklearn,ui,faiss","This tutorial explains throughput within RAG pipelines, covering optimization, trade-offs, and metadata usage.",1014,0.7056082256698508,48
d587,Prompting best practices and tutorial,https://example.com/prompting/587,tutorial,"api,pytorch","This tutorial explains prompting within RAG pipelines, covering optimization, trade-offs, and metadata usage.",617,0.4738885272658004,176
d588,Rag best practices and doc,https://example.com/rag/588,doc,"sklearn,python","This doc explains rag within RAG pipelines, covering optimization, trade-offs, and metadata usage.",1877,0.8614304128541956,168
d589,Streamlit best practices and doc,https://example.com/streamlit/589,doc,"faiss,pytorch","This doc explains streamlit within RAG pipelines, covering optimization, trade-offs, and metadata usage.",2872,0.3834703495692715,25
d590,Hallucination best practices and tutorial,https://example.com/hallucination/590,tutorial,"faiss,python,indexing","This tutorial explains hallucination within RAG pipelines, covering optimization, trade-offs, and metadata usage.",568,0.41270086220418045,50
d591,Reranker best practices and blog,https://example.com/reranker/591,blog,sklearn,"This blog explains reranker within RAG pipelines, covering optimization, trade-offs, and metadata usage.",457,0.9182700560115673,239
d592,Prompting best practices and benchmark,https://example.com/prompting/592,benchmark,production,"This benchmark explains prompting within RAG pipelines, covering optimization, trade-offs, and metadata usage.",3394,0.3109601849785336,233
d593,Mpnet best practices and benchmark,https://example.com/mpnet/593,benchmark,"python,transformers","This benchmark explains mpnet within RAG pipelines, covering optimization, trade-offs, and metadata usage.",2903,0.20885681613425347,47
d594,Rag best practices and paper,https://example.com/rag/594,paper,"python,api,faiss","This paper explains rag within RAG pipelines, covering optimization, trade-offs, and metadata usage.",2485,0.644134057629252,30
d595,Faiss best practices and paper,https://example.com/faiss/595,paper,"pytorch,indexing","This paper explains faiss within RAG pipelines, covering optimization, trade-offs, and metadata usage.",3383,0.6303839765184481,85
d596,Fastapi best practices and tutorial,https://example.com/fastapi/596,tutorial,"faiss,python","This tutorial explains fastapi within RAG pipelines, covering optimization, trade-offs, and metadata usage.",931,0.8979457031576781,38
d597,Streamlit best practices and blog,https://example.com/streamlit/597,blog,"faiss,python,api","This blog explains streamlit within RAG pipelines, covering optimization, trade-offs, and metadata usage.",1461,0.8563249227961045,214
d598,Random Forest best practices and doc,https://example.com/random-forest/598,doc,api,"This doc explains random forest within RAG pipelines, covering optimization, trade-offs, and metadata usage.",3028,0.654687964587606,29
d599,Random Forest best practices and tutorial,https://example.com/random-forest/599,tutorial,sklearn,"This tutorial explains random forest within RAG pipelines, covering optimization, trade-offs, and metadata usage.",2721,0.6116656917549252,18
d600,Streamlit best practices and tutorial,https://example.com/streamlit/600,tutorial,"sklearn,ui","This tutorial explains streamlit within RAG pipelines, covering optimization, trade-offs, and metadata usage.",751,0.4321576311032206,246
d601,Streamlit best practices and blog,https://example.com/streamlit/601,blog,"production,sklearn","This blog explains streamlit within RAG pipelines, covering optimization, trade-offs, and metadata usage.",3164,0.3575653428676502,196
d602,Throughput best practices and benchmark,https://example.com/throughput/602,benchmark,faiss,"This benchmark explains throughput within RAG pipelines, covering optimization, trade-offs, and metadata usage.",2748,0.645571990213391,248
d603,Mpnet best practices and paper,https://example.com/mpnet/603,paper,"production,ui,transformers","This paper explains mpnet within RAG pipelines, covering optimization, trade-offs, and metadata usage.",1024,0.2830627387973012,176
d604,Rag best practices and tutorial,https://example.com/rag/604,tutorial,"pytorch,python,indexing","This tutorial explains rag within RAG pipelines, covering optimization, trade-offs, and metadata usage.",2767,0.723642683538287,228
d605,Bm25 best practices and paper,https://example.com/bm25/605,paper,"pytorch,ui,faiss","This paper explains bm25 within RAG pipelines, covering optimization, trade-offs, and metadata usage.",3198,0.37600419909619565,97
d606,Similarity best practices and paper,https://example.com/similarity/606,paper,"python,sklearn,transformers","This paper explains similarity within RAG pipelines, covering optimization, trade-offs, and metadata usage.",1279,0.3059669503153254,94
d607,Similarity best practices and paper,https://example.com/similarity/607,paper,"faiss,production,sklearn","This paper explains similarity within RAG pipelines, covering optimization, trade-offs, and metadata usage.",3101,0.24834307434118158,236
d608,Similarity best practices and paper,https://example.com/similarity/608,paper,python,"This paper explains similarity within RAG pipelines, covering optimization, trade-offs, and metadata usage.",1396,0.7295739367945702,295
d609,Reranker best practices and doc,https://example.com/reranker/609,doc,pytorch,"This doc explains reranker within RAG pipelines, covering optimization, trade-offs, and metadata usage.",3326,0.6766559697298087,55
d610,Throughput best practices and paper,https://example.com/throughput/610,paper,"indexing,sklearn,api","This paper explains throughput within RAG pipelines, covering optimization, trade-offs, and metadata usage.",861,0.9315532428696662,224
d611,Random Forest best practices and blog,https://example.com/random-forest/611,blog,"faiss,indexing","This blog explains random forest within RAG pipelines, covering optimization, trade-offs, and metadata usage.",1148,0.8649184352497088,74
d612,Mpnet best practices and tutorial,https://example.com/mpnet/612,tutorial,"production,ui","This tutorial explains mpnet within RAG pipelines, covering optimization, trade-offs, and metadata usage.",3011,0.5716511031144074,184
d613,Mpnet best practices and doc,https://example.com/mpnet/613,doc,ui,"This doc explains mpnet within RAG pipelines, covering optimization, trade-offs, and metadata usage.",721,0.4024245079672565,64
d614,Ranking best practices and blog,https://example.com/ranking/614,blog,"pytorch,python","This blog explains ranking within RAG pipelines, covering optimization, trade-offs, and metadata usage.",2928,0.48044138021991756,264
d615,Embeddings best practices and blog,https://example.com/embeddings/615,blog,"python,faiss","This blog explains embeddings within RAG pipelines, covering optimization, trade-offs, and metadata usage.",3335,0.5363436967016435,219
d616,Rag best practices and tutorial,https://example.com/rag/616,tutorial,"api,production,sklearn","This tutorial explains rag within RAG pipelines, covering optimization, trade-offs, and metadata usage.",1938,0.8801054402041626,260
d617,Hallucination best practices and paper,https://example.com/hallucination/617,paper,"production,faiss","This paper explains hallucination within RAG pipelines, covering optimization, trade-offs, and metadata usage.",25,0.3664641885853004,80
d618,Ranking best practices and tutorial,https://example.com/ranking/618,tutorial,"pytorch,ui","This tutorial explains ranking within RAG pipelines, covering optimization, trade-offs, and metadata usage.",911,0.4372065328887308,228
d619,Streamlit best practices and paper,https://example.com/streamlit/619,paper,"faiss,sklearn","This paper explains streamlit within RAG pipelines, covering optimization, trade-offs, and metadata usage.",1695,0.8561173657055405,275
d620,Random Forest best practices and benchmark,https://example.com/random-forest/620,benchmark,"pytorch,python,ui","This benchmark explains random forest within RAG pipelines, covering optimization, trade-offs, and metadata usage.",649,0.2626715241113587,14
d621,Rag best practices and paper,https://example.com/rag/621,paper,python,"This paper explains rag within RAG pipelines, covering optimization, trade-offs, and metadata usage.",2258,0.9149028308814864,50
d622,Ranking best practices and tutorial,https://example.com/ranking/622,tutorial,"pytorch,sklearn,api","This tutorial explains ranking within RAG pipelines, covering optimization, trade-offs, and metadata usage.",197,0.448605742744343,202
d623,Reranker best practices and doc,https://example.com/reranker/623,doc,production,"This doc explains reranker within RAG pipelines, covering optimization, trade-offs, and metadata usage.",1602,0.42634500497044514,281
d624,Hallucination best practices and paper,https://example.com/hallucination/624,paper,"production,sklearn,faiss","This paper explains hallucination within RAG pipelines, covering optimization, trade-offs, and metadata usage.",1371,0.31961980382064215,189
d625,Evaluation best practices and doc,https://example.com/evaluation/625,doc,indexing,"This doc explains evaluation within RAG pipelines, covering optimization, trade-offs, and metadata usage.",2960,0.32163495120783847,81
d626,Streamlit best practices and paper,https://example.com/streamlit/626,paper,ui,"This paper explains streamlit within RAG pipelines, covering optimization, trade-offs, and metadata usage.",2929,0.34281462849976213,136
d627,Hallucination best practices and tutorial,https://example.com/hallucination/627,tutorial,"pytorch,python","This tutorial explains hallucination within RAG pipelines, covering optimization, trade-offs, and metadata usage.",1004,0.9079603443969475,206
d628,Faiss best practices and blog,https://example.com/faiss/628,blog,"production,api,transformers","This blog explains faiss within RAG pipelines, covering optimization, trade-offs, and metadata usage.",854,0.7707661797361225,216
d629,Vector Db best practices and benchmark,https://example.com/vector-db/629,benchmark,production,"This benchmark explains vector db within RAG pipelines, covering optimization, trade-offs, and metadata usage.",2053,0.4824040495974364,233
d630,Retrieval best practices and paper,https://example.com/retrieval/630,paper,sklearn,"This paper explains retrieval within RAG pipelines, covering optimization, trade-offs, and metadata usage.",2172,0.24774769198914773,298
d631,Metadata best practices and benchmark,https://example.com/metadata/631,benchmark,"api,production","This benchmark explains metadata within RAG pipelines, covering optimization, trade-offs, and metadata usage.",1481,0.843825863804887,213
d632,Metadata best practices and tutorial,https://example.com/metadata/632,tutorial,python,"This tutorial explains metadata within RAG pipelines, covering optimization, trade-offs, and metadata usage.",1228,0.46539397949250044,179
d633,Latency best practices and tutorial,https://example.com/latency/633,tutorial,sklearn,"This tutorial explains latency within RAG pipelines, covering optimization, trade-offs, and metadata usage.",1445,0.2526750281650274,99
d634,Throughput best practices and tutorial,https://example.com/throughput/634,tutorial,"pytorch,transformers,api","This tutorial explains throughput within RAG pipelines, covering optimization, trade-offs, and metadata usage.",2856,0.3069284617453354,289
d635,Embeddings best practices and doc,https://example.com/embeddings/635,doc,"api,production","This doc explains embeddings within RAG pipelines, covering optimization, trade-offs, and metadata usage.",283,0.34142005897591854,28
d636,Bm25 best practices and tutorial,https://example.com/bm25/636,tutorial,"pytorch,indexing","This tutorial explains bm25 within RAG pipelines, covering optimization, trade-offs, and metadata usage.",2928,0.7330711512664472,201
d637,Vector Db best practices and benchmark,https://example.com/vector-db/637,benchmark,"pytorch,production,python","This benchmark explains vector db within RAG pipelines, covering optimization, trade-offs, and metadata usage.",1744,0.20327271613603654,109
d638,Retrieval best practices and blog,https://example.com/retrieval/638,blog,"faiss,ui,pytorch","This blog explains retrieval within RAG pipelines, covering optimization, trade-offs, and metadata usage.",2281,0.24326950374983008,52
d639,Fastapi best practices and tutorial,https://example.com/fastapi/639,tutorial,"indexing,api,python","This tutorial explains fastapi within RAG pipelines, covering optimization, trade-offs, and metadata usage.",3428,0.34627210073362047,86
d640,Prompting best practices and tutorial,https://example.com/prompting/640,tutorial,"api,transformers","This tutorial explains prompting within RAG pipelines, covering optimization, trade-offs, and metadata usage.",894,0.4910401604766857,194
d641,Metadata best practices and blog,https://example.com/metadata/641,blog,faiss,"This blog explains metadata within RAG pipelines, covering optimization, trade-offs, and metadata usage.",2112,0.8988459646647375,46
d642,Bm25 best practices and doc,https://example.com/bm25/642,doc,"faiss,api,ui","This doc explains bm25 within RAG pipelines, covering optimization, trade-offs, and metadata usage.",1130,0.5125280773118475,278
d643,Embeddings best practices and tutorial,https://example.com/embeddings/643,tutorial,python,"This tutorial explains embeddings within RAG pipelines, covering optimization, trade-offs, and metadata usage.",852,0.27151508988714523,32
d644,Prompting best practices and paper,https://example.com/prompting/644,paper,"api,indexing,ui","This paper explains prompting within RAG pipelines, covering optimization, trade-offs, and metadata usage.",635,0.7609262016111313,43
d645,Metadata best practices and paper,https://example.com/metadata/645,paper,ui,"This paper explains metadata within RAG pipelines, covering optimization, trade-offs, and metadata usage.",2229,0.44795041560573345,84
d646,Latency best practices and paper,https://example.com/latency/646,paper,"api,production,pytorch","This paper explains latency within RAG pipelines, covering optimization, trade-offs, and metadata usage.",1968,0.8058754322797115,41
d647,Fastapi best practices and doc,https://example.com/fastapi/647,doc,pytorch,"This doc explains fastapi within RAG pipelines, covering optimization, trade-offs, and metadata usage.",1700,0.5626337307527608,194
d648,Random Forest best practices and blog,https://example.com/random-forest/648,blog,python,"This blog explains random forest within RAG pipelines, covering optimization, trade-offs, and metadata usage.",868,0.2749488567292727,155
d649,Bm25 best practices and tutorial,https://example.com/bm25/649,tutorial,sklearn,"This tutorial explains bm25 within RAG pipelines, covering optimization, trade-offs, and metadata usage.",56,0.41364851783291756,286
d650,Ranking best practices and paper,https://example.com/ranking/650,paper,faiss,"This paper explains ranking within RAG pipelines, covering optimization, trade-offs, and metadata usage.",2618,0.6222244335011664,269
d651,Reranker best practices and benchmark,https://example.com/reranker/651,benchmark,python,"This benchmark explains reranker within RAG pipelines, covering optimization, trade-offs, and metadata usage.",2871,0.6171638395431309,34
d652,Metadata best practices and paper,https://example.com/metadata/652,paper,"pytorch,sklearn,ui","This paper explains metadata within RAG pipelines, covering optimization, trade-offs, and metadata usage.",1028,0.6147597547583044,291
d653,Bert best practices and paper,https://example.com/bert/653,paper,"production,faiss","This paper explains bert within RAG pipelines, covering optimization, trade-offs, and metadata usage.",3461,0.27607628814081575,241
d654,Latency best practices and paper,https://example.com/latency/654,paper,"production,python","This paper explains latency within RAG pipelines, covering optimization, trade-offs, and metadata usage.",999,0.7220872682097597,23
d655,Metadata best practices and tutorial,https://example.com/metadata/655,tutorial,"transformers,api","This tutorial explains metadata within RAG pipelines, covering optimization, trade-offs, and metadata usage.",52,0.34158417339774905,68
d656,Fastapi best practices and doc,https://example.com/fastapi/656,doc,"python,pytorch,indexing","This doc explains fastapi within RAG pipelines, covering optimization, trade-offs, and metadata usage.",1257,0.6812453040224429,178
d657,Hallucination best practices and doc,https://example.com/hallucination/657,doc,"python,transformers,api","This doc explains hallucination within RAG pipelines, covering optimization, trade-offs, and metadata usage.",2075,0.4428702518475619,160
d658,Fastapi best practices and tutorial,https://example.com/fastapi/658,tutorial,"production,transformers","This tutorial explains fastapi within RAG pipelines, covering optimization, trade-offs, and metadata usage.",2318,0.27067239833457524,82
d659,Random Forest best practices and tutorial,https://example.com/random-forest/659,tutorial,"faiss,production","This tutorial explains random forest within RAG pipelines, covering optimization, trade-offs, and metadata usage.",3060,0.2676289823671184,126
d660,Faiss best practices and blog,https://example.com/faiss/660,blog,"sklearn,api","This blog explains faiss within RAG pipelines, covering optimization, trade-offs, and metadata usage.",1690,0.5686743255027493,173
d661,Ranking best practices and blog,https://example.com/ranking/661,blog,"pytorch,indexing,api","This blog explains ranking within RAG pipelines, covering optimization, trade-offs, and metadata usage.",36,0.2198593259787226,143
d662,Faiss best practices and benchmark,https://example.com/faiss/662,benchmark,sklearn,"This benchmark explains faiss within RAG pipelines, covering optimization, trade-offs, and metadata usage.",1734,0.9495566940407536,76
d663,Embeddings best practices and doc,https://example.com/embeddings/663,doc,indexing,"This doc explains embeddings within RAG pipelines, covering optimization, trade-offs, and metadata usage.",1224,0.21912617297014841,18
d664,Mpnet best practices and blog,https://example.com/mpnet/664,blog,python,"This blog explains mpnet within RAG pipelines, covering optimization, trade-offs, and metadata usage.",1170,0.9026799050170085,280
d665,Bm25 best practices and blog,https://example.com/bm25/665,blog,"pytorch,transformers","This blog explains bm25 within RAG pipelines, covering optimization, trade-offs, and metadata usage.",2868,0.7530953338938617,19
d666,Throughput best practices and tutorial,https://example.com/throughput/666,tutorial,ui,"This tutorial explains throughput within RAG pipelines, covering optimization, trade-offs, and metadata usage.",353,0.20934924487841156,93
d667,Fastapi best practices and blog,https://example.com/fastapi/667,blog,"sklearn,production,api","This blog explains fastapi within RAG pipelines, covering optimization, trade-offs, and metadata usage.",2910,0.5048766528253328,254
d668,Embeddings best practices and benchmark,https://example.com/embeddings/668,benchmark,"pytorch,sklearn","This benchmark explains embeddings within RAG pipelines, covering optimization, trade-offs, and metadata usage.",3238,0.4062281553778374,283
d669,Hallucination best practices and tutorial,https://example.com/hallucination/669,tutorial,sklearn,"This tutorial explains hallucination within RAG pipelines, covering optimization, trade-offs, and metadata usage.",291,0.46351226246694804,110
d670,Rag best practices and blog,https://example.com/rag/670,blog,"indexing,faiss,pytorch","This blog explains rag within RAG pipelines, covering optimization, trade-offs, and metadata usage.",2054,0.8163297945299004,102
d671,Similarity best practices and tutorial,https://example.com/similarity/671,tutorial,api,"This tutorial explains similarity within RAG pipelines, covering optimization, trade-offs, and metadata usage.",700,0.703915689324119,150
d672,Latency best practices and doc,https://example.com/latency/672,doc,"api,ui","This doc explains latency within RAG pipelines, covering optimization, trade-offs, and metadata usage.",500,0.22465075269985174,117
d673,Bm25 best practices and tutorial,https://example.com/bm25/673,tutorial,production,"This tutorial explains bm25 within RAG pipelines, covering optimization, trade-offs, and metadata usage.",3265,0.5716185059515118,98
d674,Metadata best practices and paper,https://example.com/metadata/674,paper,"ui,sklearn","This paper explains metadata within RAG pipelines, covering optimization, trade-offs, and metadata usage.",2061,0.7002216226725546,203
d675,Throughput best practices and paper,https://example.com/throughput/675,paper,"pytorch,faiss","This paper explains throughput within RAG pipelines, covering optimization, trade-offs, and metadata usage.",650,0.43602493522784985,178
d676,Hallucination best practices and paper,https://example.com/hallucination/676,paper,"faiss,transformers,pytorch","This paper explains hallucination within RAG pipelines, covering optimization, trade-offs, and metadata usage.",2140,0.8695295590329426,132
d677,Bm25 best practices and tutorial,https://example.com/bm25/677,tutorial,"production,transformers,python","This tutorial explains bm25 within RAG pipelines, covering optimization, trade-offs, and metadata usage.",3168,0.20759700300609413,127
d678,Hallucination best practices and benchmark,https://example.com/hallucination/678,benchmark,"indexing,pytorch","This benchmark explains hallucination within RAG pipelines, covering optimization, trade-offs, and metadata usage.",1920,0.8497068300619792,86
d679,Mpnet best practices and benchmark,https://example.com/mpnet/679,benchmark,"sklearn,python","This benchmark explains mpnet within RAG pipelines, covering optimization, trade-offs, and metadata usage.",2427,0.611733549897095,205
d680,Streamlit best practices and benchmark,https://example.com/streamlit/680,benchmark,"python,pytorch","This benchmark explains streamlit within RAG pipelines, covering optimization, trade-offs, and metadata usage.",1907,0.7239751765150095,41
d681,Ranking best practices and benchmark,https://example.com/ranking/681,benchmark,pytorch,"This benchmark explains ranking within RAG pipelines, covering optimization, trade-offs, and metadata usage.",2370,0.8951977719197499,222
d682,Throughput best practices and tutorial,https://example.com/throughput/682,tutorial,production,"This tutorial explains throughput within RAG pipelines, covering optimization, trade-offs, and metadata usage.",2663,0.6859725319218413,207
d683,Throughput best practices and tutorial,https://example.com/throughput/683,tutorial,"sklearn,transformers,indexing","This tutorial explains throughput within RAG pipelines, covering optimization, trade-offs, and metadata usage.",1925,0.8093808267876244,263
d684,Bert best practices and blog,https://example.com/bert/684,blog,ui,"This blog explains bert within RAG pipelines, covering optimization, trade-offs, and metadata usage.",1346,0.27560853335133506,151
d685,Evaluation best practices and doc,https://example.com/evaluation/685,doc,sklearn,"This doc explains evaluation within RAG pipelines, covering optimization, trade-offs, and metadata usage.",3641,0.24078648062511335,153
d686,Mpnet best practices and paper,https://example.com/mpnet/686,paper,transformers,"This paper explains mpnet within RAG pipelines, covering optimization, trade-offs, and metadata usage.",2253,0.7900900340168815,186
d687,Reranker best practices and tutorial,https://example.com/reranker/687,tutorial,"sklearn,python,api","This tutorial explains reranker within RAG pipelines, covering optimization, trade-offs, and metadata usage.",236,0.5019597737775872,197
d688,Rag best practices and tutorial,https://example.com/rag/688,tutorial,"faiss,production","This tutorial explains rag within RAG pipelines, covering optimization, trade-offs, and metadata usage.",1287,0.8932173195572064,263
d689,Bert best practices and benchmark,https://example.com/bert/689,benchmark,"python,faiss","This benchmark explains bert within RAG pipelines, covering optimization, trade-offs, and metadata usage.",2654,0.3859262673733872,295
d690,Reranker best practices and tutorial,https://example.com/reranker/690,tutorial,"pytorch,ui","This tutorial explains reranker within RAG pipelines, covering optimization, trade-offs, and metadata usage.",551,0.20531401562746104,96
d691,Vector Db best practices and blog,https://example.com/vector-db/691,blog,api,"This blog explains vector db within RAG pipelines, covering optimization, trade-offs, and metadata usage.",1151,0.2303239485447528,56
d692,Throughput best practices and paper,https://example.com/throughput/692,paper,"python,pytorch,production","This paper explains throughput within RAG pipelines, covering optimization, trade-offs, and metadata usage.",371,0.4460756068926497,226
d693,Streamlit best practices and benchmark,https://example.com/streamlit/693,benchmark,"sklearn,indexing,faiss","This benchmark explains streamlit within RAG pipelines, covering optimization, trade-offs, and metadata usage.",135,0.9431493830795474,10
d694,Prompting best practices and doc,https://example.com/prompting/694,doc,"ui,production,python","This doc explains prompting within RAG pipelines, covering optimization, trade-offs, and metadata usage.",1078,0.538359308008366,237
d695,Mpnet best practices and doc,https://example.com/mpnet/695,doc,transformers,"This doc explains mpnet within RAG pipelines, covering optimization, trade-offs, and metadata usage.",1272,0.7634928318434766,86
d696,Embeddings best practices and doc,https://example.com/embeddings/696,doc,"pytorch,transformers","This doc explains embeddings within RAG pipelines, covering optimization, trade-offs, and metadata usage.",257,0.9250729727315246,93
d697,Latency best practices and blog,https://example.com/latency/697,blog,"sklearn,api","This blog explains latency within RAG pipelines, covering optimization, trade-offs, and metadata usage.",1836,0.6145036734480607,122
d698,Hallucination best practices and blog,https://example.com/hallucination/698,blog,"ui,transformers,python","This blog explains hallucination within RAG pipelines, covering optimization, trade-offs, and metadata usage.",2944,0.5316114180983715,169
d699,Rag best practices and doc,https://example.com/rag/699,doc,"sklearn,api,indexing","This doc explains rag within RAG pipelines, covering optimization, trade-offs, and metadata usage.",296,0.707295332537965,224
d700,Rag best practices and doc,https://example.com/rag/700,doc,faiss,"This doc explains rag within RAG pipelines, covering optimization, trade-offs, and metadata usage.",2887,0.6412014159538154,149
d701,Fastapi best practices and tutorial,https://example.com/fastapi/701,tutorial,"indexing,sklearn,transformers","This tutorial explains fastapi within RAG pipelines, covering optimization, trade-offs, and metadata usage.",3492,0.7377927248304084,244
d702,Reranker best practices and doc,https://example.com/reranker/702,doc,"transformers,ui","This doc explains reranker within RAG pipelines, covering optimization, trade-offs, and metadata usage.",1241,0.6278818647091935,124
d703,Similarity best practices and tutorial,https://example.com/similarity/703,tutorial,"api,ui","This tutorial explains similarity within RAG pipelines, covering optimization, trade-offs, and metadata usage.",2230,0.5724191127827121,170
d704,Bert best practices and benchmark,https://example.com/bert/704,benchmark,"transformers,pytorch,sklearn","This benchmark explains bert within RAG pipelines, covering optimization, trade-offs, and metadata usage.",2231,0.9409541966843185,212
d705,Ranking best practices and benchmark,https://example.com/ranking/705,benchmark,"api,indexing,ui","This benchmark explains ranking within RAG pipelines, covering optimization, trade-offs, and metadata usage.",1627,0.6075135630678183,51
d706,Latency best practices and doc,https://example.com/latency/706,doc,"sklearn,ui","This doc explains latency within RAG pipelines, covering optimization, trade-offs, and metadata usage.",1926,0.48570526103647554,32
d707,Evaluation best practices and blog,https://example.com/evaluation/707,blog,"faiss,production","This blog explains evaluation within RAG pipelines, covering optimization, trade-offs, and metadata usage.",3618,0.8282129696416154,46
d708,Fastapi best practices and blog,https://example.com/fastapi/708,blog,indexing,"This blog explains fastapi within RAG pipelines, covering optimization, trade-offs, and metadata usage.",1769,0.555106551495745,4
d709,Retrieval best practices and tutorial,https://example.com/retrieval/709,tutorial,"faiss,api,pytorch","This tutorial explains retrieval within RAG pipelines, covering optimization, trade-offs, and metadata usage.",2291,0.31583348261403954,177
d710,Ranking best practices and paper,https://example.com/ranking/710,paper,"sklearn,faiss,indexing","This paper explains ranking within RAG pipelines, covering optimization, trade-offs, and metadata usage.",1246,0.44751825743649953,67
d711,Hallucination best practices and blog,https://example.com/hallucination/711,blog,"indexing,ui","This blog explains hallucination within RAG pipelines, covering optimization, trade-offs, and metadata usage.",1539,0.8389737767011931,34
d712,Mpnet best practices and benchmark,https://example.com/mpnet/712,benchmark,"transformers,pytorch","This benchmark explains mpnet within RAG pipelines, covering optimization, trade-offs, and metadata usage.",2360,0.41935077860492287,155
d713,Retrieval best practices and doc,https://example.com/retrieval/713,doc,"sklearn,indexing","This doc explains retrieval within RAG pipelines, covering optimization, trade-offs, and metadata usage.",3428,0.5857394998360126,186
d714,Bm25 best practices and doc,https://example.com/bm25/714,doc,"production,indexing","This doc explains bm25 within RAG pipelines, covering optimization, trade-offs, and metadata usage.",2205,0.9300115128094293,55
d715,Rag best practices and benchmark,https://example.com/rag/715,benchmark,"transformers,production,faiss","This benchmark explains rag within RAG pipelines, covering optimization, trade-offs, and metadata usage.",2867,0.7714611339231314,92
d716,Fastapi best practices and tutorial,https://example.com/fastapi/716,tutorial,indexing,"This tutorial explains fastapi within RAG pipelines, covering optimization, trade-offs, and metadata usage.",850,0.4417397886075664,133
d717,Vector Db best practices and paper,https://example.com/vector-db/717,paper,"ui,pytorch,api","This paper explains vector db within RAG pipelines, covering optimization, trade-offs, and metadata usage.",512,0.7743043306362956,22
d718,Prompting best practices and doc,https://example.com/prompting/718,doc,"api,sklearn","This doc explains prompting within RAG pipelines, covering optimization, trade-offs, and metadata usage.",2286,0.8005347301658952,274
d719,Fastapi best practices and paper,https://example.com/fastapi/719,paper,"ui,faiss","This paper explains fastapi within RAG pipelines, covering optimization, trade-offs, and metadata usage.",416,0.8029120552316551,87
d720,Embeddings best practices and paper,https://example.com/embeddings/720,paper,"production,pytorch,transformers","This paper explains embeddings within RAG pipelines, covering optimization, trade-offs, and metadata usage.",839,0.8520928424260168,299
d721,Reranker best practices and benchmark,https://example.com/reranker/721,benchmark,"transformers,api,python","This benchmark explains reranker within RAG pipelines, covering optimization, trade-offs, and metadata usage.",1135,0.5759068501538485,39
d722,Fastapi best practices and paper,https://example.com/fastapi/722,paper,"production,sklearn,faiss","This paper explains fastapi within RAG pipelines, covering optimization, trade-offs, and metadata usage.",1606,0.3492175336948963,73
d723,Metadata best practices and paper,https://example.com/metadata/723,paper,"transformers,pytorch","This paper explains metadata within RAG pipelines, covering optimization, trade-offs, and metadata usage.",1302,0.8676934502347184,184
d724,Streamlit best practices and doc,https://example.com/streamlit/724,doc,"indexing,pytorch,transformers","This doc explains streamlit within RAG pipelines, covering optimization, trade-offs, and metadata usage.",2097,0.923211986528081,96
d725,Bm25 best practices and doc,https://example.com/bm25/725,doc,api,"This doc explains bm25 within RAG pipelines, covering optimization, trade-offs, and metadata usage.",895,0.8266347780732457,135
d726,Bert best practices and doc,https://example.com/bert/726,doc,"ui,api","This doc explains bert within RAG pipelines, covering optimization, trade-offs, and metadata usage.",1245,0.6820472980933217,201
d727,Faiss best practices and tutorial,https://example.com/faiss/727,tutorial,api,"This tutorial explains faiss within RAG pipelines, covering optimization, trade-offs, and metadata usage.",740,0.6491437775752645,289
d728,Evaluation best practices and blog,https://example.com/evaluation/728,blog,"pytorch,production","This blog explains evaluation within RAG pipelines, covering optimization, trade-offs, and metadata usage.",1724,0.362484151673252,246
d729,Metadata best practices and benchmark,https://example.com/metadata/729,benchmark,"faiss,pytorch","This benchmark explains metadata within RAG pipelines, covering optimization, trade-offs, and metadata usage.",1841,0.8118750164949542,9
d730,Hallucination best practices and tutorial,https://example.com/hallucination/730,tutorial,api,"This tutorial explains hallucination within RAG pipelines, covering optimization, trade-offs, and metadata usage.",1601,0.4625324167797341,226
d731,Ranking best practices and paper,https://example.com/ranking/731,paper,transformers,"This paper explains ranking within RAG pipelines, covering optimization, trade-offs, and metadata usage.",993,0.42299714457989906,257
d732,Streamlit best practices and paper,https://example.com/streamlit/732,paper,sklearn,"This paper explains streamlit within RAG pipelines, covering optimization, trade-offs, and metadata usage.",3324,0.4382414156039056,60
d733,Throughput best practices and tutorial,https://example.com/throughput/733,tutorial,indexing,"This tutorial explains throughput within RAG pipelines, covering optimization, trade-offs, and metadata usage.",1832,0.8596001416924073,125
d734,Bm25 best practices and tutorial,https://example.com/bm25/734,tutorial,indexing,"This tutorial explains bm25 within RAG pipelines, covering optimization, trade-offs, and metadata usage.",805,0.8675110056199413,272
d735,Ranking best practices and doc,https://example.com/ranking/735,doc,pytorch,"This doc explains ranking within RAG pipelines, covering optimization, trade-offs, and metadata usage.",1430,0.3584157458284738,125
d736,Rag best practices and tutorial,https://example.com/rag/736,tutorial,"production,faiss","This tutorial explains rag within RAG pipelines, covering optimization, trade-offs, and metadata usage.",3539,0.6581184128494773,107
d737,Reranker best practices and paper,https://example.com/reranker/737,paper,"ui,indexing","This paper explains reranker within RAG pipelines, covering optimization, trade-offs, and metadata usage.",134,0.44152556114828906,263
d738,Streamlit best practices and blog,https://example.com/streamlit/738,blog,ui,"This blog explains streamlit within RAG pipelines, covering optimization, trade-offs, and metadata usage.",1087,0.7533928860203061,16
d739,Retrieval best practices and tutorial,https://example.com/retrieval/739,tutorial,"sklearn,faiss","This tutorial explains retrieval within RAG pipelines, covering optimization, trade-offs, and metadata usage.",3615,0.2709165129975472,55
d740,Vector Db best practices and paper,https://example.com/vector-db/740,paper,"sklearn,transformers,ui","This paper explains vector db within RAG pipelines, covering optimization, trade-offs, and metadata usage.",1351,0.6502049610433114,11
d741,Prompting best practices and tutorial,https://example.com/prompting/741,tutorial,"python,api","This tutorial explains prompting within RAG pipelines, covering optimization, trade-offs, and metadata usage.",2875,0.4245586211123933,127
d742,Vector Db best practices and tutorial,https://example.com/vector-db/742,tutorial,production,"This tutorial explains vector db within RAG pipelines, covering optimization, trade-offs, and metadata usage.",1764,0.8625089530272259,129
d743,Embeddings best practices and paper,https://example.com/embeddings/743,paper,"ui,api","This paper explains embeddings within RAG pipelines, covering optimization, trade-offs, and metadata usage.",1539,0.31482528185253283,18
d744,Hallucination best practices and paper,https://example.com/hallucination/744,paper,"faiss,transformers,ui","This paper explains hallucination within RAG pipelines, covering optimization, trade-offs, and metadata usage.",879,0.7687792074489073,260
d745,Fastapi best practices and benchmark,https://example.com/fastapi/745,benchmark,"ui,api,indexing","This benchmark explains fastapi within RAG pipelines, covering optimization, trade-offs, and metadata usage.",2109,0.801351362491918,219
d746,Latency best practices and benchmark,https://example.com/latency/746,benchmark,"python,faiss","This benchmark explains latency within RAG pipelines, covering optimization, trade-offs, and metadata usage.",2147,0.8382777403940547,154
d747,Faiss best practices and blog,https://example.com/faiss/747,blog,"faiss,api,ui","This blog explains faiss within RAG pipelines, covering optimization, trade-offs, and metadata usage.",2636,0.7322146324144343,74
d748,Faiss best practices and doc,https://example.com/faiss/748,doc,"python,sklearn,ui","This doc explains faiss within RAG pipelines, covering optimization, trade-offs, and metadata usage.",1986,0.32546842130317205,173
d749,Reranker best practices and benchmark,https://example.com/reranker/749,benchmark,sklearn,"This benchmark explains reranker within RAG pipelines, covering optimization, trade-offs, and metadata usage.",803,0.7968462536039844,217
d750,Evaluation best practices and blog,https://example.com/evaluation/750,blog,sklearn,"This blog explains evaluation within RAG pipelines, covering optimization, trade-offs, and metadata usage.",2355,0.8423720006761939,56
d751,Latency best practices and blog,https://example.com/latency/751,blog,python,"This blog explains latency within RAG pipelines, covering optimization, trade-offs, and metadata usage.",52,0.3876282896037722,215
d752,Throughput best practices and benchmark,https://example.com/throughput/752,benchmark,faiss,"This benchmark explains throughput within RAG pipelines, covering optimization, trade-offs, and metadata usage.",2785,0.26364383266620073,60
d753,Reranker best practices and blog,https://example.com/reranker/753,blog,"python,api","This blog explains reranker within RAG pipelines, covering optimization, trade-offs, and metadata usage.",2764,0.45786197669327827,139
d754,Mpnet best practices and paper,https://example.com/mpnet/754,paper,production,"This paper explains mpnet within RAG pipelines, covering optimization, trade-offs, and metadata usage.",1030,0.32380895156585926,278
d755,Random Forest best practices and benchmark,https://example.com/random-forest/755,benchmark,transformers,"This benchmark explains random forest within RAG pipelines, covering optimization, trade-offs, and metadata usage.",1740,0.3865177855908988,26
d756,Latency best practices and tutorial,https://example.com/latency/756,tutorial,"pytorch,faiss,sklearn","This tutorial explains latency within RAG pipelines, covering optimization, trade-offs, and metadata usage.",1552,0.6729848944627401,198
d757,Hallucination best practices and benchmark,https://example.com/hallucination/757,benchmark,"faiss,pytorch,indexing","This benchmark explains hallucination within RAG pipelines, covering optimization, trade-offs, and metadata usage.",1351,0.5684776495249249,237
d758,Mpnet best practices and doc,https://example.com/mpnet/758,doc,ui,"This doc explains mpnet within RAG pipelines, covering optimization, trade-offs, and metadata usage.",2256,0.9213747553942757,227
d759,Hallucination best practices and tutorial,https://example.com/hallucination/759,tutorial,"ui,transformers,python","This tutorial explains hallucination within RAG pipelines, covering optimization, trade-offs, and metadata usage.",1793,0.8958936690972414,157
d760,Random Forest best practices and benchmark,https://example.com/random-forest/760,benchmark,indexing,"This benchmark explains random forest within RAG pipelines, covering optimization, trade-offs, and metadata usage.",1926,0.7236084808631424,104
d761,Retrieval best practices and paper,https://example.com/retrieval/761,paper,production,"This paper explains retrieval within RAG pipelines, covering optimization, trade-offs, and metadata usage.",2505,0.3151412606983992,6
d762,Faiss best practices and blog,https://example.com/faiss/762,blog,"faiss,sklearn","This blog explains faiss within RAG pipelines, covering optimization, trade-offs, and metadata usage.",434,0.5114610603040937,233
d763,Retrieval best practices and paper,https://example.com/retrieval/763,paper,pytorch,"This paper explains retrieval within RAG pipelines, covering optimization, trade-offs, and metadata usage.",479,0.434290859151528,61
d764,Bm25 best practices and tutorial,https://example.com/bm25/764,tutorial,production,"This tutorial explains bm25 within RAG pipelines, covering optimization, trade-offs, and metadata usage.",996,0.6995746651756793,47
d765,Evaluation best practices and doc,https://example.com/evaluation/765,doc,"python,indexing,api","This doc explains evaluation within RAG pipelines, covering optimization, trade-offs, and metadata usage.",2251,0.6230538641938677,41
d766,Ranking best practices and tutorial,https://example.com/ranking/766,tutorial,"pytorch,transformers","This tutorial explains ranking within RAG pipelines, covering optimization, trade-offs, and metadata usage.",2627,0.4098694387960904,128
d767,Faiss best practices and doc,https://example.com/faiss/767,doc,"transformers,sklearn,api","This doc explains faiss within RAG pipelines, covering optimization, trade-offs, and metadata usage.",2921,0.2233131350060228,161
d768,Bm25 best practices and doc,https://example.com/bm25/768,doc,"indexing,pytorch","This doc explains bm25 within RAG pipelines, covering optimization, trade-offs, and metadata usage.",1341,0.901705089852306,98
d769,Prompting best practices and doc,https://example.com/prompting/769,doc,"transformers,faiss","This doc explains prompting within RAG pipelines, covering optimization, trade-offs, and metadata usage.",2240,0.5526367049022622,124
d770,Metadata best practices and paper,https://example.com/metadata/770,paper,"faiss,api","This paper explains metadata within RAG pipelines, covering optimization, trade-offs, and metadata usage.",287,0.7962705554721161,11
d771,Bert best practices and paper,https://example.com/bert/771,paper,"sklearn,api,faiss","This paper explains bert within RAG pipelines, covering optimization, trade-offs, and metadata usage.",1303,0.919326378552151,182
d772,Throughput best practices and blog,https://example.com/throughput/772,blog,"faiss,indexing,sklearn","This blog explains throughput within RAG pipelines, covering optimization, trade-offs, and metadata usage.",1365,0.5180128236177259,84
d773,Bm25 best practices and paper,https://example.com/bm25/773,paper,"transformers,api","This paper explains bm25 within RAG pipelines, covering optimization, trade-offs, and metadata usage.",3423,0.36491753205129623,181
d774,Similarity best practices and benchmark,https://example.com/similarity/774,benchmark,"api,faiss","This benchmark explains similarity within RAG pipelines, covering optimization, trade-offs, and metadata usage.",527,0.5524740455932752,24
d775,Latency best practices and tutorial,https://example.com/latency/775,tutorial,"production,pytorch,python","This tutorial explains latency within RAG pipelines, covering optimization, trade-offs, and metadata usage.",3239,0.6228544235132951,97
d776,Retrieval best practices and paper,https://example.com/retrieval/776,paper,"sklearn,faiss","This paper explains retrieval within RAG pipelines, covering optimization, trade-offs, and metadata usage.",603,0.3527670118101349,111
d777,Random Forest best practices and tutorial,https://example.com/random-forest/777,tutorial,faiss,"This tutorial explains random forest within RAG pipelines, covering optimization, trade-offs, and metadata usage.",2981,0.5092330451429261,299
d778,Ranking best practices and tutorial,https://example.com/ranking/778,tutorial,"ui,python,production","This tutorial explains ranking within RAG pipelines, covering optimization, trade-offs, and metadata usage.",567,0.8859494332788211,215
d779,Mpnet best practices and doc,https://example.com/mpnet/779,doc,"indexing,pytorch","This doc explains mpnet within RAG pipelines, covering optimization, trade-offs, and metadata usage.",3207,0.940169151903506,11
d780,Embeddings best practices and benchmark,https://example.com/embeddings/780,benchmark,"sklearn,ui,pytorch","This benchmark explains embeddings within RAG pipelines, covering optimization, trade-offs, and metadata usage.",3031,0.58689457848959,198
d781,Reranker best practices and blog,https://example.com/reranker/781,blog,"sklearn,indexing,api","This blog explains reranker within RAG pipelines, covering optimization, trade-offs, and metadata usage.",3065,0.3001218763188884,120
d782,Bm25 best practices and tutorial,https://example.com/bm25/782,tutorial,api,"This tutorial explains bm25 within RAG pipelines, covering optimization, trade-offs, and metadata usage.",1566,0.7286551009790891,243
d783,Ranking best practices and blog,https://example.com/ranking/783,blog,"api,sklearn","This blog explains ranking within RAG pipelines, covering optimization, trade-offs, and metadata usage.",382,0.8609249117537818,243
d784,Bm25 best practices and blog,https://example.com/bm25/784,blog,"python,production,sklearn","This blog explains bm25 within RAG pipelines, covering optimization, trade-offs, and metadata usage.",2527,0.48978045219849803,259
d785,Vector Db best practices and paper,https://example.com/vector-db/785,paper,transformers,"This paper explains vector db within RAG pipelines, covering optimization, trade-offs, and metadata usage.",649,0.6086375252670955,155
d786,Similarity best practices and doc,https://example.com/similarity/786,doc,"transformers,python","This doc explains similarity within RAG pipelines, covering optimization, trade-offs, and metadata usage.",2821,0.4595006504285108,260
d787,Metadata best practices and benchmark,https://example.com/metadata/787,benchmark,pytorch,"This benchmark explains metadata within RAG pipelines, covering optimization, trade-offs, and metadata usage.",238,0.6024613201470892,168
d788,Reranker best practices and benchmark,https://example.com/reranker/788,benchmark,production,"This benchmark explains reranker within RAG pipelines, covering optimization, trade-offs, and metadata usage.",361,0.5985711291290526,272
d789,Evaluation best practices and blog,https://example.com/evaluation/789,blog,"faiss,production","This blog explains evaluation within RAG pipelines, covering optimization, trade-offs, and metadata usage.",859,0.3976622470077429,149
d790,Bert best practices and paper,https://example.com/bert/790,paper,"transformers,sklearn","This paper explains bert within RAG pipelines, covering optimization, trade-offs, and metadata usage.",1058,0.25478095607131923,27
d791,Streamlit best practices and tutorial,https://example.com/streamlit/791,tutorial,pytorch,"This tutorial explains streamlit within RAG pipelines, covering optimization, trade-offs, and metadata usage.",2992,0.3333608480341571,182
d792,Ranking best practices and benchmark,https://example.com/ranking/792,benchmark,api,"This benchmark explains ranking within RAG pipelines, covering optimization, trade-offs, and metadata usage.",1175,0.8568095122697352,27
d793,Throughput best practices and paper,https://example.com/throughput/793,paper,"pytorch,indexing","This paper explains throughput within RAG pipelines, covering optimization, trade-offs, and metadata usage.",416,0.7361876669486884,283
d794,Faiss best practices and tutorial,https://example.com/faiss/794,tutorial,"indexing,python","This tutorial explains faiss within RAG pipelines, covering optimization, trade-offs, and metadata usage.",169,0.27950186938995714,284
d795,Embeddings best practices and paper,https://example.com/embeddings/795,paper,sklearn,"This paper explains embeddings within RAG pipelines, covering optimization, trade-offs, and metadata usage.",1237,0.7210987334365706,38
d796,Fastapi best practices and paper,https://example.com/fastapi/796,paper,"production,pytorch","This paper explains fastapi within RAG pipelines, covering optimization, trade-offs, and metadata usage.",3401,0.3186258977390424,149
d797,Random Forest best practices and blog,https://example.com/random-forest/797,blog,faiss,"This blog explains random forest within RAG pipelines, covering optimization, trade-offs, and metadata usage.",254,0.30873689989785696,286
d798,Fastapi best practices and blog,https://example.com/fastapi/798,blog,faiss,"This blog explains fastapi within RAG pipelines, covering optimization, trade-offs, and metadata usage.",2616,0.35173146413157363,22
d799,Streamlit best practices and tutorial,https://example.com/streamlit/799,tutorial,api,"This tutorial explains streamlit within RAG pipelines, covering optimization, trade-offs, and metadata usage.",2382,0.6888616407931807,148
d800,Similarity best practices and tutorial,https://example.com/similarity/800,tutorial,"faiss,production","This tutorial explains similarity within RAG pipelines, covering optimization, trade-offs, and metadata usage.",2174,0.47905880863701905,70
d801,Ranking best practices and tutorial,https://example.com/ranking/801,tutorial,python,"This tutorial explains ranking within RAG pipelines, covering optimization, trade-offs, and metadata usage.",1585,0.9428316341939917,140
d802,Mpnet best practices and benchmark,https://example.com/mpnet/802,benchmark,"api,ui,transformers","This benchmark explains mpnet within RAG pipelines, covering optimization, trade-offs, and metadata usage.",3216,0.378285781528233,97
d803,Ranking best practices and tutorial,https://example.com/ranking/803,tutorial,ui,"This tutorial explains ranking within RAG pipelines, covering optimization, trade-offs, and metadata usage.",2440,0.4547468478532228,135
d804,Faiss best practices and tutorial,https://example.com/faiss/804,tutorial,"pytorch,python,indexing","This tutorial explains faiss within RAG pipelines, covering optimization, trade-offs, and metadata usage.",2357,0.6037951175649685,72
d805,Vector Db best practices and tutorial,https://example.com/vector-db/805,tutorial,"python,api","This tutorial explains vector db within RAG pipelines, covering optimization, trade-offs, and metadata usage.",240,0.6591675327815119,48
d806,Metadata best practices and paper,https://example.com/metadata/806,paper,python,"This paper explains metadata within RAG pipelines, covering optimization, trade-offs, and metadata usage.",3634,0.2322524380550383,278
d807,Bert best practices and blog,https://example.com/bert/807,blog,"faiss,pytorch","This blog explains bert within RAG pipelines, covering optimization, trade-offs, and metadata usage.",924,0.2658033373119766,135
d808,Rag best practices and doc,https://example.com/rag/808,doc,indexing,"This doc explains rag within RAG pipelines, covering optimization, trade-offs, and metadata usage.",3266,0.4361588587081273,58
d809,Bert best practices and benchmark,https://example.com/bert/809,benchmark,"python,transformers,ui","This benchmark explains bert within RAG pipelines, covering optimization, trade-offs, and metadata usage.",2673,0.5600232495696627,198
d810,Prompting best practices and benchmark,https://example.com/prompting/810,benchmark,"python,transformers","This benchmark explains prompting within RAG pipelines, covering optimization, trade-offs, and metadata usage.",1422,0.6096046200507226,192
d811,Latency best practices and tutorial,https://example.com/latency/811,tutorial,"faiss,pytorch","This tutorial explains latency within RAG pipelines, covering optimization, trade-offs, and metadata usage.",226,0.4841319177298316,254
d812,Retrieval best practices and benchmark,https://example.com/retrieval/812,benchmark,"sklearn,api","This benchmark explains retrieval within RAG pipelines, covering optimization, trade-offs, and metadata usage.",3267,0.8934876647438468,40
d813,Evaluation best practices and blog,https://example.com/evaluation/813,blog,faiss,"This blog explains evaluation within RAG pipelines, covering optimization, trade-offs, and metadata usage.",1909,0.39880796643122896,72
d814,Rag best practices and paper,https://example.com/rag/814,paper,"ui,transformers,python","This paper explains rag within RAG pipelines, covering optimization, trade-offs, and metadata usage.",302,0.536448356012851,164
d815,Hallucination best practices and benchmark,https://example.com/hallucination/815,benchmark,"pytorch,python,indexing","This benchmark explains hallucination within RAG pipelines, covering optimization, trade-offs, and metadata usage.",1156,0.8000585518936458,118
d816,Mpnet best practices and benchmark,https://example.com/mpnet/816,benchmark,"sklearn,faiss,python","This benchmark explains mpnet within RAG pipelines, covering optimization, trade-offs, and metadata usage.",2702,0.7918565299016946,35
d817,Hallucination best practices and paper,https://example.com/hallucination/817,paper,"indexing,ui,faiss","This paper explains hallucination within RAG pipelines, covering optimization, trade-offs, and metadata usage.",2690,0.6853390910551747,117
d818,Prompting best practices and blog,https://example.com/prompting/818,blog,production,"This blog explains prompting within RAG pipelines, covering optimization, trade-offs, and metadata usage.",3648,0.5049486077764722,8
d819,Bert best practices and doc,https://example.com/bert/819,doc,"production,python","This doc explains bert within RAG pipelines, covering optimization, trade-offs, and metadata usage.",1589,0.4771032846359396,135
d820,Rag best practices and paper,https://example.com/rag/820,paper,"production,sklearn,pytorch","This paper explains rag within RAG pipelines, covering optimization, trade-offs, and metadata usage.",1071,0.6044569866901868,276
d821,Retrieval best practices and doc,https://example.com/retrieval/821,doc,api,"This doc explains retrieval within RAG pipelines, covering optimization, trade-offs, and metadata usage.",558,0.2757133994735851,53
d822,Reranker best practices and doc,https://example.com/reranker/822,doc,"python,indexing,transformers","This doc explains reranker within RAG pipelines, covering optimization, trade-offs, and metadata usage.",2098,0.6433082127153766,96
d823,Faiss best practices and doc,https://example.com/faiss/823,doc,"indexing,ui,transformers","This doc explains faiss within RAG pipelines, covering optimization, trade-offs, and metadata usage.",1219,0.6197921343332691,197
d824,Mpnet best practices and paper,https://example.com/mpnet/824,paper,"production,sklearn,indexing","This paper explains mpnet within RAG pipelines, covering optimization, trade-offs, and metadata usage.",1144,0.8864948957674712,218
d825,Mpnet best practices and blog,https://example.com/mpnet/825,blog,faiss,"This blog explains mpnet within RAG pipelines, covering optimization, trade-offs, and metadata usage.",1148,0.7781077113742945,248
d826,Prompting best practices and blog,https://example.com/prompting/826,blog,"indexing,pytorch,ui","This blog explains prompting within RAG pipelines, covering optimization, trade-offs, and metadata usage.",1239,0.4384883784623844,259
d827,Bm25 best practices and blog,https://example.com/bm25/827,blog,"api,transformers,faiss","This blog explains bm25 within RAG pipelines, covering optimization, trade-offs, and metadata usage.",2561,0.9473789447259191,115
d828,Prompting best practices and tutorial,https://example.com/prompting/828,tutorial,"api,sklearn","This tutorial explains prompting within RAG pipelines, covering optimization, trade-offs, and metadata usage.",149,0.881463329386259,239
d829,Prompting best practices and doc,https://example.com/prompting/829,doc,"transformers,production","This doc explains prompting within RAG pipelines, covering optimization, trade-offs, and metadata usage.",2852,0.5819752349186165,153
d830,Rag best practices and tutorial,https://example.com/rag/830,tutorial,"production,ui","This tutorial explains rag within RAG pipelines, covering optimization, trade-offs, and metadata usage.",455,0.7967814665937536,212
d831,Prompting best practices and paper,https://example.com/prompting/831,paper,"production,api","This paper explains prompting within RAG pipelines, covering optimization, trade-offs, and metadata usage.",1,0.555812033669483,114
d832,Bert best practices and paper,https://example.com/bert/832,paper,production,"This paper explains bert within RAG pipelines, covering optimization, trade-offs, and metadata usage.",218,0.5263158131366323,207
d833,Embeddings best practices and blog,https://example.com/embeddings/833,blog,sklearn,"This blog explains embeddings within RAG pipelines, covering optimization, trade-offs, and metadata usage.",3597,0.5285200859530486,161
d834,Mpnet best practices and blog,https://example.com/mpnet/834,blog,"indexing,production","This blog explains mpnet within RAG pipelines, covering optimization, trade-offs, and metadata usage.",2619,0.25331554770881093,272
d835,Hallucination best practices and blog,https://example.com/hallucination/835,blog,faiss,"This blog explains hallucination within RAG pipelines, covering optimization, trade-offs, and metadata usage.",841,0.4101725815978534,157
d836,Bm25 best practices and benchmark,https://example.com/bm25/836,benchmark,"faiss,python","This benchmark explains bm25 within RAG pipelines, covering optimization, trade-offs, and metadata usage.",1155,0.21455461287051314,74
d837,Fastapi best practices and blog,https://example.com/fastapi/837,blog,"faiss,sklearn","This blog explains fastapi within RAG pipelines, covering optimization, trade-offs, and metadata usage.",1455,0.7301293803845212,288
d838,Rag best practices and benchmark,https://example.com/rag/838,benchmark,api,"This benchmark explains rag within RAG pipelines, covering optimization, trade-offs, and metadata usage.",924,0.6166688506599605,236
d839,Rag best practices and doc,https://example.com/rag/839,doc,"faiss,api,indexing","This doc explains rag within RAG pipelines, covering optimization, trade-offs, and metadata usage.",2032,0.29553959129356255,217
d840,Throughput best practices and doc,https://example.com/throughput/840,doc,"transformers,indexing","This doc explains throughput within RAG pipelines, covering optimization, trade-offs, and metadata usage.",1267,0.2781010157054189,242
d841,Streamlit best practices and tutorial,https://example.com/streamlit/841,tutorial,indexing,"This tutorial explains streamlit within RAG pipelines, covering optimization, trade-offs, and metadata usage.",608,0.26057881940551475,147
d842,Bert best practices and doc,https://example.com/bert/842,doc,"sklearn,ui","This doc explains bert within RAG pipelines, covering optimization, trade-offs, and metadata usage.",3630,0.5893555881208556,83
d843,Streamlit best practices and tutorial,https://example.com/streamlit/843,tutorial,"indexing,python,sklearn","This tutorial explains streamlit within RAG pipelines, covering optimization, trade-offs, and metadata usage.",355,0.8046736165422361,61
d844,Latency best practices and tutorial,https://example.com/latency/844,tutorial,"production,api","This tutorial explains latency within RAG pipelines, covering optimization, trade-offs, and metadata usage.",339,0.3425456649560984,225
d845,Hallucination best practices and tutorial,https://example.com/hallucination/845,tutorial,"faiss,python","This tutorial explains hallucination within RAG pipelines, covering optimization, trade-offs, and metadata usage.",1962,0.46751959974156576,209
d846,Embeddings best practices and blog,https://example.com/embeddings/846,blog,faiss,"This blog explains embeddings within RAG pipelines, covering optimization, trade-offs, and metadata usage.",951,0.3391431422239305,170
d847,Embeddings best practices and doc,https://example.com/embeddings/847,doc,python,"This doc explains embeddings within RAG pipelines, covering optimization, trade-offs, and metadata usage.",1233,0.7133952339393588,292
d848,Mpnet best practices and tutorial,https://example.com/mpnet/848,tutorial,api,"This tutorial explains mpnet within RAG pipelines, covering optimization, trade-offs, and metadata usage.",1121,0.31460994803915554,100
d849,Latency best practices and paper,https://example.com/latency/849,paper,"indexing,ui,sklearn","This paper explains latency within RAG pipelines, covering optimization, trade-offs, and metadata usage.",2066,0.39183549006874496,166
d850,Reranker best practices and benchmark,https://example.com/reranker/850,benchmark,sklearn,"This benchmark explains reranker within RAG pipelines, covering optimization, trade-offs, and metadata usage.",2518,0.7797477696435704,219
d851,Reranker best practices and tutorial,https://example.com/reranker/851,tutorial,sklearn,"This tutorial explains reranker within RAG pipelines, covering optimization, trade-offs, and metadata usage.",2036,0.8511161198968009,115
d852,Mpnet best practices and blog,https://example.com/mpnet/852,blog,"faiss,ui","This blog explains mpnet within RAG pipelines, covering optimization, trade-offs, and metadata usage.",2285,0.5572134073127608,248
d853,Mpnet best practices and blog,https://example.com/mpnet/853,blog,"ui,pytorch,sklearn","This blog explains mpnet within RAG pipelines, covering optimization, trade-offs, and metadata usage.",1928,0.3468287016572935,6
d854,Prompting best practices and benchmark,https://example.com/prompting/854,benchmark,"python,pytorch","This benchmark explains prompting within RAG pipelines, covering optimization, trade-offs, and metadata usage.",1001,0.5980673014520521,56
d855,Retrieval best practices and benchmark,https://example.com/retrieval/855,benchmark,ui,"This benchmark explains retrieval within RAG pipelines, covering optimization, trade-offs, and metadata usage.",2467,0.5488761018776324,9
d856,Bm25 best practices and benchmark,https://example.com/bm25/856,benchmark,faiss,"This benchmark explains bm25 within RAG pipelines, covering optimization, trade-offs, and metadata usage.",3383,0.8657608824425009,287
d857,Bert best practices and paper,https://example.com/bert/857,paper,"indexing,api,faiss","This paper explains bert within RAG pipelines, covering optimization, trade-offs, and metadata usage.",1863,0.8116270669440926,126
d858,Vector Db best practices and doc,https://example.com/vector-db/858,doc,"sklearn,transformers,ui","This doc explains vector db within RAG pipelines, covering optimization, trade-offs, and metadata usage.",99,0.8468587752376089,242
d859,Embeddings best practices and paper,https://example.com/embeddings/859,paper,sklearn,"This paper explains embeddings within RAG pipelines, covering optimization, trade-offs, and metadata usage.",3200,0.842552513327582,121
d860,Throughput best practices and paper,https://example.com/throughput/860,paper,"indexing,api,production","This paper explains throughput within RAG pipelines, covering optimization, trade-offs, and metadata usage.",2144,0.29731789255425267,184
d861,Retrieval best practices and benchmark,https://example.com/retrieval/861,benchmark,indexing,"This benchmark explains retrieval within RAG pipelines, covering optimization, trade-offs, and metadata usage.",3408,0.362291981512231,272
d862,Vector Db best practices and benchmark,https://example.com/vector-db/862,benchmark,"production,python","This benchmark explains vector db within RAG pipelines, covering optimization, trade-offs, and metadata usage.",3294,0.2561912721946016,19
d863,Evaluation best practices and blog,https://example.com/evaluation/863,blog,"python,pytorch,transformers","This blog explains evaluation within RAG pipelines, covering optimization, trade-offs, and metadata usage.",1890,0.5997804535897668,176
d864,Metadata best practices and doc,https://example.com/metadata/864,doc,"api,pytorch","This doc explains metadata within RAG pipelines, covering optimization, trade-offs, and metadata usage.",2993,0.46272338168657373,299
d865,Reranker best practices and tutorial,https://example.com/reranker/865,tutorial,transformers,"This tutorial explains reranker within RAG pipelines, covering optimization, trade-offs, and metadata usage.",740,0.4581933403584891,166
d866,Evaluation best practices and benchmark,https://example.com/evaluation/866,benchmark,"production,sklearn","This benchmark explains evaluation within RAG pipelines, covering optimization, trade-offs, and metadata usage.",52,0.3939424032868214,239
d867,Evaluation best practices and benchmark,https://example.com/evaluation/867,benchmark,sklearn,"This benchmark explains evaluation within RAG pipelines, covering optimization, trade-offs, and metadata usage.",1025,0.9010678632843343,185
d868,Latency best practices and doc,https://example.com/latency/868,doc,"faiss,transformers,indexing","This doc explains latency within RAG pipelines, covering optimization, trade-offs, and metadata usage.",74,0.6639051773773992,165
d869,Hallucination best practices and tutorial,https://example.com/hallucination/869,tutorial,indexing,"This tutorial explains hallucination within RAG pipelines, covering optimization, trade-offs, and metadata usage.",2983,0.24410079336762325,165
d870,Retrieval best practices and doc,https://example.com/retrieval/870,doc,"indexing,ui,python","This doc explains retrieval within RAG pipelines, covering optimization, trade-offs, and metadata usage.",1376,0.25071500572197125,281
d871,Throughput best practices and blog,https://example.com/throughput/871,blog,"pytorch,production,sklearn","This blog explains throughput within RAG pipelines, covering optimization, trade-offs, and metadata usage.",98,0.5834526795770252,7
d872,Vector Db best practices and benchmark,https://example.com/vector-db/872,benchmark,production,"This benchmark explains vector db within RAG pipelines, covering optimization, trade-offs, and metadata usage.",3266,0.6264101412873437,37
d873,Embeddings best practices and paper,https://example.com/embeddings/873,paper,"ui,pytorch,indexing","This paper explains embeddings within RAG pipelines, covering optimization, trade-offs, and metadata usage.",1960,0.5896895431787528,263
d874,Bert best practices and benchmark,https://example.com/bert/874,benchmark,indexing,"This benchmark explains bert within RAG pipelines, covering optimization, trade-offs, and metadata usage.",2033,0.6919648325935144,20
d875,Vector Db best practices and tutorial,https://example.com/vector-db/875,tutorial,"python,faiss,ui","This tutorial explains vector db within RAG pipelines, covering optimization, trade-offs, and metadata usage.",1797,0.5646187319012157,94
d876,Prompting best practices and doc,https://example.com/prompting/876,doc,api,"This doc explains prompting within RAG pipelines, covering optimization, trade-offs, and metadata usage.",2592,0.6946004562541086,162
d877,Throughput best practices and benchmark,https://example.com/throughput/877,benchmark,"sklearn,transformers,production","This benchmark explains throughput within RAG pipelines, covering optimization, trade-offs, and metadata usage.",3629,0.30996735714826457,176
d878,Reranker best practices and blog,https://example.com/reranker/878,blog,ui,"This blog explains reranker within RAG pipelines, covering optimization, trade-offs, and metadata usage.",131,0.5840314500975909,35
d879,Embeddings best practices and tutorial,https://example.com/embeddings/879,tutorial,"indexing,python","This tutorial explains embeddings within RAG pipelines, covering optimization, trade-offs, and metadata usage.",3431,0.3464312172722528,217
d880,Reranker best practices and benchmark,https://example.com/reranker/880,benchmark,indexing,"This benchmark explains reranker within RAG pipelines, covering optimization, trade-offs, and metadata usage.",826,0.44007857441491016,156
d881,Metadata best practices and paper,https://example.com/metadata/881,paper,"production,ui","This paper explains metadata within RAG pipelines, covering optimization, trade-offs, and metadata usage.",792,0.42743646361088433,274
d882,Bm25 best practices and tutorial,https://example.com/bm25/882,tutorial,"sklearn,indexing,python","This tutorial explains bm25 within RAG pipelines, covering optimization, trade-offs, and metadata usage.",3007,0.5891978264316058,228
d883,Ranking best practices and doc,https://example.com/ranking/883,doc,"sklearn,transformers","This doc explains ranking within RAG pipelines, covering optimization, trade-offs, and metadata usage.",178,0.7673869007340057,54
d884,Rag best practices and tutorial,https://example.com/rag/884,tutorial,"sklearn,api,ui","This tutorial explains rag within RAG pipelines, covering optimization, trade-offs, and metadata usage.",3094,0.4048499094550052,5
d885,Evaluation best practices and blog,https://example.com/evaluation/885,blog,"indexing,sklearn","This blog explains evaluation within RAG pipelines, covering optimization, trade-offs, and metadata usage.",3304,0.8562674890804656,112
d886,Evaluation best practices and tutorial,https://example.com/evaluation/886,tutorial,"faiss,production","This tutorial explains evaluation within RAG pipelines, covering optimization, trade-offs, and metadata usage.",1797,0.3129895680746847,222
d887,Prompting best practices and paper,https://example.com/prompting/887,paper,"sklearn,indexing,api","This paper explains prompting within RAG pipelines, covering optimization, trade-offs, and metadata usage.",3436,0.5829954738049228,0
d888,Metadata best practices and paper,https://example.com/metadata/888,paper,sklearn,"This paper explains metadata within RAG pipelines, covering optimization, trade-offs, and metadata usage.",2349,0.37132735378807036,184
d889,Similarity best practices and blog,https://example.com/similarity/889,blog,"sklearn,python","This blog explains similarity within RAG pipelines, covering optimization, trade-offs, and metadata usage.",928,0.3776454523454661,41
d890,Metadata best practices and tutorial,https://example.com/metadata/890,tutorial,ui,"This tutorial explains metadata within RAG pipelines, covering optimization, trade-offs, and metadata usage.",3509,0.8235215944122711,270
d891,Faiss best practices and paper,https://example.com/faiss/891,paper,"production,faiss","This paper explains faiss within RAG pipelines, covering optimization, trade-offs, and metadata usage.",2723,0.3772175761377242,248
d892,Rag best practices and paper,https://example.com/rag/892,paper,sklearn,"This paper explains rag within RAG pipelines, covering optimization, trade-offs, and metadata usage.",1265,0.4360158974668942,12
d893,Random Forest best practices and benchmark,https://example.com/random-forest/893,benchmark,"transformers,indexing,production","This benchmark explains random forest within RAG pipelines, covering optimization, trade-offs, and metadata usage.",2465,0.5670193974675409,114
d894,Metadata best practices and blog,https://example.com/metadata/894,blog,python,"This blog explains metadata within RAG pipelines, covering optimization, trade-offs, and metadata usage.",2678,0.9302480548800038,252
d895,Prompting best practices and doc,https://example.com/prompting/895,doc,"sklearn,pytorch","This doc explains prompting within RAG pipelines, covering optimization, trade-offs, and metadata usage.",3281,0.3117333681346408,100
d896,Hallucination best practices and blog,https://example.com/hallucination/896,blog,api,"This blog explains hallucination within RAG pipelines, covering optimization, trade-offs, and metadata usage.",1125,0.5156837746029617,247
d897,Hallucination best practices and blog,https://example.com/hallucination/897,blog,python,"This blog explains hallucination within RAG pipelines, covering optimization, trade-offs, and metadata usage.",1307,0.33118771457803914,290
d898,Throughput best practices and tutorial,https://example.com/throughput/898,tutorial,transformers,"This tutorial explains throughput within RAG pipelines, covering optimization, trade-offs, and metadata usage.",2166,0.9439214890471987,197
d899,Throughput best practices and paper,https://example.com/throughput/899,paper,"production,api,pytorch","This paper explains throughput within RAG pipelines, covering optimization, trade-offs, and metadata usage.",341,0.5717404809321418,12
d900,Faiss best practices and doc,https://example.com/faiss/900,doc,"ui,pytorch","This doc explains faiss within RAG pipelines, covering optimization, trade-offs, and metadata usage.",1347,0.9276023834286802,248
d901,Bert best practices and blog,https://example.com/bert/901,blog,"api,ui","This blog explains bert within RAG pipelines, covering optimization, trade-offs, and metadata usage.",3227,0.8483377864465891,72
d902,Prompting best practices and paper,https://example.com/prompting/902,paper,"api,production,python","This paper explains prompting within RAG pipelines, covering optimization, trade-offs, and metadata usage.",1194,0.5936915717782363,160
d903,Throughput best practices and benchmark,https://example.com/throughput/903,benchmark,"production,indexing,faiss","This benchmark explains throughput within RAG pipelines, covering optimization, trade-offs, and metadata usage.",773,0.5591888058575039,107
d904,Retrieval best practices and blog,https://example.com/retrieval/904,blog,"sklearn,api,production","This blog explains retrieval within RAG pipelines, covering optimization, trade-offs, and metadata usage.",799,0.6635553786830666,136
d905,Evaluation best practices and blog,https://example.com/evaluation/905,blog,sklearn,"This blog explains evaluation within RAG pipelines, covering optimization, trade-offs, and metadata usage.",28,0.5087417713473021,119
d906,Throughput best practices and tutorial,https://example.com/throughput/906,tutorial,"production,api,pytorch","This tutorial explains throughput within RAG pipelines, covering optimization, trade-offs, and metadata usage.",1404,0.8580703094122915,154
d907,Fastapi best practices and tutorial,https://example.com/fastapi/907,tutorial,pytorch,"This tutorial explains fastapi within RAG pipelines, covering optimization, trade-offs, and metadata usage.",2157,0.5234112260943763,90
d908,Throughput best practices and paper,https://example.com/throughput/908,paper,"indexing,python,api","This paper explains throughput within RAG pipelines, covering optimization, trade-offs, and metadata usage.",2252,0.780034466103863,124
d909,Streamlit best practices and benchmark,https://example.com/streamlit/909,benchmark,"production,sklearn,indexing","This benchmark explains streamlit within RAG pipelines, covering optimization, trade-offs, and metadata usage.",1498,0.37577497437129564,204
d910,Fastapi best practices and blog,https://example.com/fastapi/910,blog,"sklearn,faiss,pytorch","This blog explains fastapi within RAG pipelines, covering optimization, trade-offs, and metadata usage.",2461,0.577369138208765,144
d911,Faiss best practices and tutorial,https://example.com/faiss/911,tutorial,"transformers,ui","This tutorial explains faiss within RAG pipelines, covering optimization, trade-offs, and metadata usage.",74,0.47457924666233703,42
d912,Streamlit best practices and tutorial,https://example.com/streamlit/912,tutorial,transformers,"This tutorial explains streamlit within RAG pipelines, covering optimization, trade-offs, and metadata usage.",684,0.5701036312297885,296
d913,Faiss best practices and paper,https://example.com/faiss/913,paper,api,"This paper explains faiss within RAG pipelines, covering optimization, trade-offs, and metadata usage.",1914,0.3891880891412628,294
d914,Faiss best practices and doc,https://example.com/faiss/914,doc,python,"This doc explains faiss within RAG pipelines, covering optimization, trade-offs, and metadata usage.",1685,0.712457460888456,21
d915,Ranking best practices and tutorial,https://example.com/ranking/915,tutorial,"pytorch,ui,python","This tutorial explains ranking within RAG pipelines, covering optimization, trade-offs, and metadata usage.",1727,0.7430804291131534,230
d916,Similarity best practices and tutorial,https://example.com/similarity/916,tutorial,"ui,indexing,sklearn","This tutorial explains similarity within RAG pipelines, covering optimization, trade-offs, and metadata usage.",1341,0.8101449121854045,82
d917,Embeddings best practices and tutorial,https://example.com/embeddings/917,tutorial,"api,ui","This tutorial explains embeddings within RAG pipelines, covering optimization, trade-offs, and metadata usage.",2056,0.6153215706989197,11
d918,Streamlit best practices and blog,https://example.com/streamlit/918,blog,production,"This blog explains streamlit within RAG pipelines, covering optimization, trade-offs, and metadata usage.",1829,0.3220622894748923,262
d919,Reranker best practices and paper,https://example.com/reranker/919,paper,"faiss,python,pytorch","This paper explains reranker within RAG pipelines, covering optimization, trade-offs, and metadata usage.",1595,0.5669218003924925,23
d920,Vector Db best practices and tutorial,https://example.com/vector-db/920,tutorial,"sklearn,api,indexing","This tutorial explains vector db within RAG pipelines, covering optimization, trade-offs, and metadata usage.",2483,0.7040117917246902,294
d921,Bm25 best practices and doc,https://example.com/bm25/921,doc,"indexing,transformers","This doc explains bm25 within RAG pipelines, covering optimization, trade-offs, and metadata usage.",260,0.8626635546885075,193
d922,Throughput best practices and paper,https://example.com/throughput/922,paper,"api,ui","This paper explains throughput within RAG pipelines, covering optimization, trade-offs, and metadata usage.",3181,0.3585048449464837,60
d923,Faiss best practices and benchmark,https://example.com/faiss/923,benchmark,"python,indexing","This benchmark explains faiss within RAG pipelines, covering optimization, trade-offs, and metadata usage.",3172,0.4980321111994442,99
d924,Mpnet best practices and doc,https://example.com/mpnet/924,doc,"transformers,sklearn,ui","This doc explains mpnet within RAG pipelines, covering optimization, trade-offs, and metadata usage.",1236,0.44137187727244176,209
d925,Streamlit best practices and benchmark,https://example.com/streamlit/925,benchmark,api,"This benchmark explains streamlit within RAG pipelines, covering optimization, trade-offs, and metadata usage.",3264,0.9299419925732382,31
d926,Random Forest best practices and benchmark,https://example.com/random-forest/926,benchmark,production,"This benchmark explains random forest within RAG pipelines, covering optimization, trade-offs, and metadata usage.",1572,0.5502637680598996,202
d927,Latency best practices and paper,https://example.com/latency/927,paper,faiss,"This paper explains latency within RAG pipelines, covering optimization, trade-offs, and metadata usage.",2013,0.6119885617068794,40
d928,Vector Db best practices and blog,https://example.com/vector-db/928,blog,"pytorch,python","This blog explains vector db within RAG pipelines, covering optimization, trade-offs, and metadata usage.",2349,0.6789433972479062,281
d929,Streamlit best practices and benchmark,https://example.com/streamlit/929,benchmark,faiss,"This benchmark explains streamlit within RAG pipelines, covering optimization, trade-offs, and metadata usage.",1848,0.8370963639831208,186
d930,Throughput best practices and paper,https://example.com/throughput/930,paper,python,"This paper explains throughput within RAG pipelines, covering optimization, trade-offs, and metadata usage.",1740,0.4047002950623493,79
d931,Random Forest best practices and blog,https://example.com/random-forest/931,blog,sklearn,"This blog explains random forest within RAG pipelines, covering optimization, trade-offs, and metadata usage.",2276,0.6863842238038534,81
d932,Fastapi best practices and tutorial,https://example.com/fastapi/932,tutorial,"api,production","This tutorial explains fastapi within RAG pipelines, covering optimization, trade-offs, and metadata usage.",3113,0.36569589665968427,52
d933,Bm25 best practices and paper,https://example.com/bm25/933,paper,production,"This paper explains bm25 within RAG pipelines, covering optimization, trade-offs, and metadata usage.",452,0.2292190920620924,142
d934,Rag best practices and paper,https://example.com/rag/934,paper,"python,ui,sklearn","This paper explains rag within RAG pipelines, covering optimization, trade-offs, and metadata usage.",2085,0.5477784367014136,93
d935,Ranking best practices and benchmark,https://example.com/ranking/935,benchmark,"api,python,transformers","This benchmark explains ranking within RAG pipelines, covering optimization, trade-offs, and metadata usage.",2009,0.852571542210329,125
d936,Bert best practices and benchmark,https://example.com/bert/936,benchmark,indexing,"This benchmark explains bert within RAG pipelines, covering optimization, trade-offs, and metadata usage.",404,0.3167563978438347,172
d937,Metadata best practices and doc,https://example.com/metadata/937,doc,"transformers,python,pytorch","This doc explains metadata within RAG pipelines, covering optimization, trade-offs, and metadata usage.",2999,0.506387502601891,173
d938,Prompting best practices and benchmark,https://example.com/prompting/938,benchmark,"transformers,ui","This benchmark explains prompting within RAG pipelines, covering optimization, trade-offs, and metadata usage.",3425,0.3181382269165145,82
d939,Bert best practices and paper,https://example.com/bert/939,paper,ui,"This paper explains bert within RAG pipelines, covering optimization, trade-offs, and metadata usage.",3623,0.695088225411523,84
d940,Hallucination best practices and tutorial,https://example.com/hallucination/940,tutorial,transformers,"This tutorial explains hallucination within RAG pipelines, covering optimization, trade-offs, and metadata usage.",139,0.2581637556960998,39
d941,Evaluation best practices and benchmark,https://example.com/evaluation/941,benchmark,"production,api,transformers","This benchmark explains evaluation within RAG pipelines, covering optimization, trade-offs, and metadata usage.",2616,0.9476820684575302,221
d942,Rag best practices and paper,https://example.com/rag/942,paper,pytorch,"This paper explains rag within RAG pipelines, covering optimization, trade-offs, and metadata usage.",88,0.8424313828618928,135
d943,Evaluation best practices and doc,https://example.com/evaluation/943,doc,"pytorch,faiss","This doc explains evaluation within RAG pipelines, covering optimization, trade-offs, and metadata usage.",19,0.8408951510316471,218
d944,Bert best practices and paper,https://example.com/bert/944,paper,"python,pytorch,transformers","This paper explains bert within RAG pipelines, covering optimization, trade-offs, and metadata usage.",1396,0.7817943605167084,157
d945,Mpnet best practices and benchmark,https://example.com/mpnet/945,benchmark,"api,transformers","This benchmark explains mpnet within RAG pipelines, covering optimization, trade-offs, and metadata usage.",3577,0.3004168020313862,112
d946,Latency best practices and paper,https://example.com/latency/946,paper,sklearn,"This paper explains latency within RAG pipelines, covering optimization, trade-offs, and metadata usage.",2968,0.3255179519832867,128
d947,Embeddings best practices and paper,https://example.com/embeddings/947,paper,"pytorch,transformers,python","This paper explains embeddings within RAG pipelines, covering optimization, trade-offs, and metadata usage.",1716,0.6251968902721601,270
d948,Embeddings best practices and tutorial,https://example.com/embeddings/948,tutorial,"faiss,transformers","This tutorial explains embeddings within RAG pipelines, covering optimization, trade-offs, and metadata usage.",3103,0.31146487720767785,151
d949,Bert best practices and blog,https://example.com/bert/949,blog,"faiss,pytorch","This blog explains bert within RAG pipelines, covering optimization, trade-offs, and metadata usage.",680,0.2526200746139074,183
d950,Evaluation best practices and paper,https://example.com/evaluation/950,paper,"python,production,pytorch","This paper explains evaluation within RAG pipelines, covering optimization, trade-offs, and metadata usage.",2592,0.4373451068114351,123
d951,Bert best practices and benchmark,https://example.com/bert/951,benchmark,"faiss,pytorch","This benchmark explains bert within RAG pipelines, covering optimization, trade-offs, and metadata usage.",452,0.7594582669518612,272
d952,Evaluation best practices and doc,https://example.com/evaluation/952,doc,transformers,"This doc explains evaluation within RAG pipelines, covering optimization, trade-offs, and metadata usage.",680,0.6787549728572471,39
d953,Vector Db best practices and paper,https://example.com/vector-db/953,paper,sklearn,"This paper explains vector db within RAG pipelines, covering optimization, trade-offs, and metadata usage.",64,0.414443711627707,233
d954,Vector Db best practices and tutorial,https://example.com/vector-db/954,tutorial,sklearn,"This tutorial explains vector db within RAG pipelines, covering optimization, trade-offs, and metadata usage.",822,0.6628464332634845,132
d955,Similarity best practices and benchmark,https://example.com/similarity/955,benchmark,indexing,"This benchmark explains similarity within RAG pipelines, covering optimization, trade-offs, and metadata usage.",3351,0.5973504581806033,59
d956,Retrieval best practices and paper,https://example.com/retrieval/956,paper,"indexing,api","This paper explains retrieval within RAG pipelines, covering optimization, trade-offs, and metadata usage.",710,0.511340457959057,163
d957,Prompting best practices and benchmark,https://example.com/prompting/957,benchmark,indexing,"This benchmark explains prompting within RAG pipelines, covering optimization, trade-offs, and metadata usage.",1479,0.5762463815491123,279
d958,Throughput best practices and blog,https://example.com/throughput/958,blog,"faiss,python,sklearn","This blog explains throughput within RAG pipelines, covering optimization, trade-offs, and metadata usage.",1756,0.6941125751130657,81
d959,Embeddings best practices and blog,https://example.com/embeddings/959,blog,sklearn,"This blog explains embeddings within RAG pipelines, covering optimization, trade-offs, and metadata usage.",2692,0.6830651430024803,212
d960,Metadata best practices and paper,https://example.com/metadata/960,paper,production,"This paper explains metadata within RAG pipelines, covering optimization, trade-offs, and metadata usage.",2365,0.2045435878476888,133
d961,Evaluation best practices and tutorial,https://example.com/evaluation/961,tutorial,"transformers,production","This tutorial explains evaluation within RAG pipelines, covering optimization, trade-offs, and metadata usage.",1784,0.6916185264192263,82
d962,Vector Db best practices and paper,https://example.com/vector-db/962,paper,"python,api,ui","This paper explains vector db within RAG pipelines, covering optimization, trade-offs, and metadata usage.",2380,0.8510129708243916,290
d963,Random Forest best practices and paper,https://example.com/random-forest/963,paper,"python,pytorch,indexing","This paper explains random forest within RAG pipelines, covering optimization, trade-offs, and metadata usage.",2596,0.21261945443961855,147
d964,Evaluation best practices and paper,https://example.com/evaluation/964,paper,"indexing,pytorch,transformers","This paper explains evaluation within RAG pipelines, covering optimization, trade-offs, and metadata usage.",3398,0.5594099484814619,56
d965,Hallucination best practices and benchmark,https://example.com/hallucination/965,benchmark,"ui,python,transformers","This benchmark explains hallucination within RAG pipelines, covering optimization, trade-offs, and metadata usage.",2036,0.5469727396120483,13
d966,Mpnet best practices and benchmark,https://example.com/mpnet/966,benchmark,"api,production,transformers","This benchmark explains mpnet within RAG pipelines, covering optimization, trade-offs, and metadata usage.",3531,0.6342620823426334,130
d967,Random Forest best practices and blog,https://example.com/random-forest/967,blog,"api,sklearn,transformers","This blog explains random forest within RAG pipelines, covering optimization, trade-offs, and metadata usage.",751,0.2119372272797832,128
d968,Ranking best practices and paper,https://example.com/ranking/968,paper,"ui,sklearn","This paper explains ranking within RAG pipelines, covering optimization, trade-offs, and metadata usage.",2633,0.7359140737025616,165
d969,Bert best practices and paper,https://example.com/bert/969,paper,"transformers,api","This paper explains bert within RAG pipelines, covering optimization, trade-offs, and metadata usage.",1727,0.5016268243597415,123
d970,Latency best practices and tutorial,https://example.com/latency/970,tutorial,"api,ui","This tutorial explains latency within RAG pipelines, covering optimization, trade-offs, and metadata usage.",3553,0.645209893488474,272
d971,Embeddings best practices and paper,https://example.com/embeddings/971,paper,"python,faiss,sklearn","This paper explains embeddings within RAG pipelines, covering optimization, trade-offs, and metadata usage.",148,0.25527187410375507,247
d972,Bert best practices and tutorial,https://example.com/bert/972,tutorial,ui,"This tutorial explains bert within RAG pipelines, covering optimization, trade-offs, and metadata usage.",2987,0.8591967747107909,46
d973,Bert best practices and blog,https://example.com/bert/973,blog,api,"This blog explains bert within RAG pipelines, covering optimization, trade-offs, and metadata usage.",2360,0.4961306695254742,128
d974,Retrieval best practices and paper,https://example.com/retrieval/974,paper,python,"This paper explains retrieval within RAG pipelines, covering optimization, trade-offs, and metadata usage.",2158,0.3024533020847415,196
d975,Reranker best practices and doc,https://example.com/reranker/975,doc,transformers,"This doc explains reranker within RAG pipelines, covering optimization, trade-offs, and metadata usage.",126,0.8041895792716003,219
d976,Rag best practices and tutorial,https://example.com/rag/976,tutorial,python,"This tutorial explains rag within RAG pipelines, covering optimization, trade-offs, and metadata usage.",3151,0.5472851050644356,284
d977,Hallucination best practices and doc,https://example.com/hallucination/977,doc,sklearn,"This doc explains hallucination within RAG pipelines, covering optimization, trade-offs, and metadata usage.",2239,0.5790482409195397,83
d978,Faiss best practices and benchmark,https://example.com/faiss/978,benchmark,indexing,"This benchmark explains faiss within RAG pipelines, covering optimization, trade-offs, and metadata usage.",1037,0.6966596961940263,232
d979,Streamlit best practices and tutorial,https://example.com/streamlit/979,tutorial,transformers,"This tutorial explains streamlit within RAG pipelines, covering optimization, trade-offs, and metadata usage.",2189,0.5318956906799641,71
d980,Streamlit best practices and doc,https://example.com/streamlit/980,doc,"sklearn,pytorch","This doc explains streamlit within RAG pipelines, covering optimization, trade-offs, and metadata usage.",1275,0.6383533210336174,208
d981,Reranker best practices and blog,https://example.com/reranker/981,blog,"api,python","This blog explains reranker within RAG pipelines, covering optimization, trade-offs, and metadata usage.",1065,0.49062540165407625,204
d982,Throughput best practices and paper,https://example.com/throughput/982,paper,indexing,"This paper explains throughput within RAG pipelines, covering optimization, trade-offs, and metadata usage.",2183,0.6519983079098799,179
d983,Similarity best practices and paper,https://example.com/similarity/983,paper,"api,ui,production","This paper explains similarity within RAG pipelines, covering optimization, trade-offs, and metadata usage.",2559,0.49537606713876675,208
d984,Prompting best practices and benchmark,https://example.com/prompting/984,benchmark,indexing,"This benchmark explains prompting within RAG pipelines, covering optimization, trade-offs, and metadata usage.",1178,0.5315797209167956,84
d985,Bm25 best practices and paper,https://example.com/bm25/985,paper,"production,transformers,python","This paper explains bm25 within RAG pipelines, covering optimization, trade-offs, and metadata usage.",2478,0.8665908247737788,151
d986,Reranker best practices and doc,https://example.com/reranker/986,doc,"faiss,pytorch","This doc explains reranker within RAG pipelines, covering optimization, trade-offs, and metadata usage.",2598,0.8587871578901716,53
d987,Faiss best practices and doc,https://example.com/faiss/987,doc,"pytorch,ui","This doc explains faiss within RAG pipelines, covering optimization, trade-offs, and metadata usage.",3612,0.7118669645015512,36
d988,Mpnet best practices and paper,https://example.com/mpnet/988,paper,python,"This paper explains mpnet within RAG pipelines, covering optimization, trade-offs, and metadata usage.",2916,0.4905446973232653,139
d989,Streamlit best practices and benchmark,https://example.com/streamlit/989,benchmark,production,"This benchmark explains streamlit within RAG pipelines, covering optimization, trade-offs, and metadata usage.",3182,0.7616202503512586,244
d990,Faiss best practices and doc,https://example.com/faiss/990,doc,"production,indexing,transformers","This doc explains faiss within RAG pipelines, covering optimization, trade-offs, and metadata usage.",2140,0.40682155662130187,48
d991,Vector Db best practices and benchmark,https://example.com/vector-db/991,benchmark,"python,transformers","This benchmark explains vector db within RAG pipelines, covering optimization, trade-offs, and metadata usage.",2412,0.5637201876827113,64
d992,Rag best practices and doc,https://example.com/rag/992,doc,sklearn,"This doc explains rag within RAG pipelines, covering optimization, trade-offs, and metadata usage.",1321,0.6723408310436889,227
d993,Hallucination best practices and doc,https://example.com/hallucination/993,doc,sklearn,"This doc explains hallucination within RAG pipelines, covering optimization, trade-offs, and metadata usage.",982,0.3153014596166315,189
d994,Evaluation best practices and paper,https://example.com/evaluation/994,paper,"faiss,sklearn,api","This paper explains evaluation within RAG pipelines, covering optimization, trade-offs, and metadata usage.",3202,0.24001323675888642,257
d995,Ranking best practices and blog,https://example.com/ranking/995,blog,"sklearn,api,indexing","This blog explains ranking within RAG pipelines, covering optimization, trade-offs, and metadata usage.",2296,0.7873162361922443,178
d996,Latency best practices and doc,https://example.com/latency/996,doc,"sklearn,python,pytorch","This doc explains latency within RAG pipelines, covering optimization, trade-offs, and metadata usage.",2399,0.9354802063569412,71
d997,Prompting best practices and paper,https://example.com/prompting/997,paper,transformers,"This paper explains prompting within RAG pipelines, covering optimization, trade-offs, and metadata usage.",3424,0.38223939647211436,257
d998,Embeddings best practices and paper,https://example.com/embeddings/998,paper,"ui,api,python","This paper explains embeddings within RAG pipelines, covering optimization, trade-offs, and metadata usage.",2453,0.38277256567454515,145
d999,Ranking best practices and paper,https://example.com/ranking/999,paper,production,"This paper explains ranking within RAG pipelines, covering optimization, trade-offs, and metadata usage.",1251,0.4386879159638024,111
d1000,Vector Db best practices and tutorial,https://example.com/vector-db/1000,tutorial,"sklearn,faiss","This tutorial explains vector db within RAG pipelines, covering optimization, trade-offs, and metadata usage.",2255,0.4377811721820898,21
d1001,Hallucination best practices and benchmark,https://example.com/hallucination/1001,benchmark,"indexing,transformers","This benchmark explains hallucination within RAG pipelines, covering optimization, trade-offs, and metadata usage.",3353,0.35620999582685386,139
d1002,Evaluation best practices and benchmark,https://example.com/evaluation/1002,benchmark,"api,ui,production","This benchmark explains evaluation within RAG pipelines, covering optimization, trade-offs, and metadata usage.",1102,0.3204670811071526,93
d1003,Ranking best practices and paper,https://example.com/ranking/1003,paper,faiss,"This paper explains ranking within RAG pipelines, covering optimization, trade-offs, and metadata usage.",728,0.3422347861610935,189
d1004,Ranking best practices and benchmark,https://example.com/ranking/1004,benchmark,sklearn,"This benchmark explains ranking within RAG pipelines, covering optimization, trade-offs, and metadata usage.",917,0.8412088464729,2
d1005,Metadata best practices and doc,https://example.com/metadata/1005,doc,"indexing,faiss","This doc explains metadata within RAG pipelines, covering optimization, trade-offs, and metadata usage.",1787,0.326292236484032,67
d1006,Fastapi best practices and blog,https://example.com/fastapi/1006,blog,"faiss,sklearn","This blog explains fastapi within RAG pipelines, covering optimization, trade-offs, and metadata usage.",3638,0.6971957754204641,65
d1007,Metadata best practices and doc,https://example.com/metadata/1007,doc,indexing,"This doc explains metadata within RAG pipelines, covering optimization, trade-offs, and metadata usage.",2331,0.5296905314760041,13
d1008,Hallucination best practices and doc,https://example.com/hallucination/1008,doc,"api,indexing","This doc explains hallucination within RAG pipelines, covering optimization, trade-offs, and metadata usage.",2508,0.37620915893980245,120
d1009,Prompting best practices and blog,https://example.com/prompting/1009,blog,indexing,"This blog explains prompting within RAG pipelines, covering optimization, trade-offs, and metadata usage.",281,0.3477248419696078,217
d1010,Embeddings best practices and paper,https://example.com/embeddings/1010,paper,"sklearn,api","This paper explains embeddings within RAG pipelines, covering optimization, trade-offs, and metadata usage.",3127,0.5280834503749376,180
d1011,Vector Db best practices and benchmark,https://example.com/vector-db/1011,benchmark,"sklearn,transformers,ui","This benchmark explains vector db within RAG pipelines, covering optimization, trade-offs, and metadata usage.",1358,0.6568990127869615,190
d1012,Evaluation best practices and blog,https://example.com/evaluation/1012,blog,api,"This blog explains evaluation within RAG pipelines, covering optimization, trade-offs, and metadata usage.",1566,0.21914887785383774,177
d1013,Faiss best practices and tutorial,https://example.com/faiss/1013,tutorial,"indexing,production,ui","This tutorial explains faiss within RAG pipelines, covering optimization, trade-offs, and metadata usage.",3103,0.3486284222168267,184
d1014,Similarity best practices and benchmark,https://example.com/similarity/1014,benchmark,faiss,"This benchmark explains similarity within RAG pipelines, covering optimization, trade-offs, and metadata usage.",2800,0.7722427019997764,265
d1015,Faiss best practices and paper,https://example.com/faiss/1015,paper,python,"This paper explains faiss within RAG pipelines, covering optimization, trade-offs, and metadata usage.",797,0.49846292470270603,94
d1016,Bert best practices and paper,https://example.com/bert/1016,paper,"sklearn,python,ui","This paper explains bert within RAG pipelines, covering optimization, trade-offs, and metadata usage.",551,0.9351834689569607,47
d1017,Latency best practices and paper,https://example.com/latency/1017,paper,"transformers,faiss","This paper explains latency within RAG pipelines, covering optimization, trade-offs, and metadata usage.",3259,0.8126150506093259,36
d1018,Bm25 best practices and paper,https://example.com/bm25/1018,paper,"faiss,sklearn","This paper explains bm25 within RAG pipelines, covering optimization, trade-offs, and metadata usage.",205,0.24161448989323603,180
d1019,Vector Db best practices and tutorial,https://example.com/vector-db/1019,tutorial,indexing,"This tutorial explains vector db within RAG pipelines, covering optimization, trade-offs, and metadata usage.",2645,0.3086856176437549,90
d1020,Ranking best practices and benchmark,https://example.com/ranking/1020,benchmark,"faiss,ui","This benchmark explains ranking within RAG pipelines, covering optimization, trade-offs, and metadata usage.",1035,0.4071846057754337,107
d1021,Ranking best practices and blog,https://example.com/ranking/1021,blog,transformers,"This blog explains ranking within RAG pipelines, covering optimization, trade-offs, and metadata usage.",1376,0.5395631557031428,103
d1022,Streamlit best practices and blog,https://example.com/streamlit/1022,blog,"transformers,sklearn,python","This blog explains streamlit within RAG pipelines, covering optimization, trade-offs, and metadata usage.",2181,0.4624994245309795,44
d1023,Streamlit best practices and doc,https://example.com/streamlit/1023,doc,transformers,"This doc explains streamlit within RAG pipelines, covering optimization, trade-offs, and metadata usage.",3072,0.5125257676760053,174
d1024,Similarity best practices and tutorial,https://example.com/similarity/1024,tutorial,"production,transformers,sklearn","This tutorial explains similarity within RAG pipelines, covering optimization, trade-offs, and metadata usage.",3128,0.9030202411840884,124
d1025,Latency best practices and paper,https://example.com/latency/1025,paper,"production,api","This paper explains latency within RAG pipelines, covering optimization, trade-offs, and metadata usage.",2983,0.47326780350138453,103
d1026,Faiss best practices and benchmark,https://example.com/faiss/1026,benchmark,"production,api","This benchmark explains faiss within RAG pipelines, covering optimization, trade-offs, and metadata usage.",82,0.8209431103674292,193
d1027,Fastapi best practices and benchmark,https://example.com/fastapi/1027,benchmark,"api,pytorch","This benchmark explains fastapi within RAG pipelines, covering optimization, trade-offs, and metadata usage.",844,0.66080243829824,6
d1028,Reranker best practices and benchmark,https://example.com/reranker/1028,benchmark,"api,python","This benchmark explains reranker within RAG pipelines, covering optimization, trade-offs, and metadata usage.",798,0.5824916971338985,86
d1029,Hallucination best practices and benchmark,https://example.com/hallucination/1029,benchmark,transformers,"This benchmark explains hallucination within RAG pipelines, covering optimization, trade-offs, and metadata usage.",1273,0.7650264604629091,183
d1030,Rag best practices and benchmark,https://example.com/rag/1030,benchmark,production,"This benchmark explains rag within RAG pipelines, covering optimization, trade-offs, and metadata usage.",303,0.6511006513808597,277
d1031,Latency best practices and doc,https://example.com/latency/1031,doc,transformers,"This doc explains latency within RAG pipelines, covering optimization, trade-offs, and metadata usage.",3463,0.6669722555605953,151
d1032,Vector Db best practices and paper,https://example.com/vector-db/1032,paper,"pytorch,sklearn","This paper explains vector db within RAG pipelines, covering optimization, trade-offs, and metadata usage.",388,0.23139614405512857,165
d1033,Prompting best practices and blog,https://example.com/prompting/1033,blog,ui,"This blog explains prompting within RAG pipelines, covering optimization, trade-offs, and metadata usage.",451,0.9324349925925006,275
d1034,Random Forest best practices and paper,https://example.com/random-forest/1034,paper,faiss,"This paper explains random forest within RAG pipelines, covering optimization, trade-offs, and metadata usage.",3394,0.5583141915147154,65
d1035,Similarity best practices and benchmark,https://example.com/similarity/1035,benchmark,"production,sklearn","This benchmark explains similarity within RAG pipelines, covering optimization, trade-offs, and metadata usage.",3550,0.37054320921713646,11
d1036,Rag best practices and benchmark,https://example.com/rag/1036,benchmark,"production,faiss","This benchmark explains rag within RAG pipelines, covering optimization, trade-offs, and metadata usage.",2603,0.8970690537846404,95
d1037,Metadata best practices and paper,https://example.com/metadata/1037,paper,"production,api,ui","This paper explains metadata within RAG pipelines, covering optimization, trade-offs, and metadata usage.",1176,0.40760246554328533,268
d1038,Embeddings best practices and doc,https://example.com/embeddings/1038,doc,indexing,"This doc explains embeddings within RAG pipelines, covering optimization, trade-offs, and metadata usage.",532,0.36299885161876094,142
d1039,Faiss best practices and tutorial,https://example.com/faiss/1039,tutorial,transformers,"This tutorial explains faiss within RAG pipelines, covering optimization, trade-offs, and metadata usage.",1293,0.6421479459025721,97
d1040,Rag best practices and blog,https://example.com/rag/1040,blog,indexing,"This blog explains rag within RAG pipelines, covering optimization, trade-offs, and metadata usage.",285,0.9046437799847584,297
d1041,Bm25 best practices and tutorial,https://example.com/bm25/1041,tutorial,"faiss,sklearn","This tutorial explains bm25 within RAG pipelines, covering optimization, trade-offs, and metadata usage.",3167,0.4747791161821178,220
d1042,Metadata best practices and doc,https://example.com/metadata/1042,doc,ui,"This doc explains metadata within RAG pipelines, covering optimization, trade-offs, and metadata usage.",910,0.7373248818169287,99
d1043,Latency best practices and doc,https://example.com/latency/1043,doc,"indexing,production,api","This doc explains latency within RAG pipelines, covering optimization, trade-offs, and metadata usage.",2583,0.3440856681869085,14
d1044,Prompting best practices and tutorial,https://example.com/prompting/1044,tutorial,"sklearn,ui","This tutorial explains prompting within RAG pipelines, covering optimization, trade-offs, and metadata usage.",62,0.4886843354007826,197
d1045,Vector Db best practices and tutorial,https://example.com/vector-db/1045,tutorial,"production,pytorch,python","This tutorial explains vector db within RAG pipelines, covering optimization, trade-offs, and metadata usage.",892,0.5978563424424743,6
d1046,Mpnet best practices and benchmark,https://example.com/mpnet/1046,benchmark,"indexing,faiss","This benchmark explains mpnet within RAG pipelines, covering optimization, trade-offs, and metadata usage.",1145,0.29180663579785027,204
d1047,Random Forest best practices and doc,https://example.com/random-forest/1047,doc,"api,production,ui","This doc explains random forest within RAG pipelines, covering optimization, trade-offs, and metadata usage.",434,0.7649822116972378,103
d1048,Ranking best practices and blog,https://example.com/ranking/1048,blog,api,"This blog explains ranking within RAG pipelines, covering optimization, trade-offs, and metadata usage.",3624,0.3276727254445578,51
d1049,Metadata best practices and blog,https://example.com/metadata/1049,blog,faiss,"This blog explains metadata within RAG pipelines, covering optimization, trade-offs, and metadata usage.",1352,0.2390665812272675,5
d1050,Rag best practices and benchmark,https://example.com/rag/1050,benchmark,api,"This benchmark explains rag within RAG pipelines, covering optimization, trade-offs, and metadata usage.",566,0.5383913341501494,21
d1051,Throughput best practices and paper,https://example.com/throughput/1051,paper,"faiss,pytorch,ui","This paper explains throughput within RAG pipelines, covering optimization, trade-offs, and metadata usage.",515,0.48133523980667764,134
d1052,Prompting best practices and tutorial,https://example.com/prompting/1052,tutorial,production,"This tutorial explains prompting within RAG pipelines, covering optimization, trade-offs, and metadata usage.",1226,0.2767777475113421,36
d1053,Rag best practices and blog,https://example.com/rag/1053,blog,transformers,"This blog explains rag within RAG pipelines, covering optimization, trade-offs, and metadata usage.",3189,0.5603852861145114,30
d1054,Evaluation best practices and blog,https://example.com/evaluation/1054,blog,production,"This blog explains evaluation within RAG pipelines, covering optimization, trade-offs, and metadata usage.",3414,0.3447308313258829,1
d1055,Embeddings best practices and paper,https://example.com/embeddings/1055,paper,"python,production,ui","This paper explains embeddings within RAG pipelines, covering optimization, trade-offs, and metadata usage.",3558,0.7343609628199002,121
d1056,Vector Db best practices and doc,https://example.com/vector-db/1056,doc,transformers,"This doc explains vector db within RAG pipelines, covering optimization, trade-offs, and metadata usage.",2655,0.5282089179912881,32
d1057,Prompting best practices and blog,https://example.com/prompting/1057,blog,indexing,"This blog explains prompting within RAG pipelines, covering optimization, trade-offs, and metadata usage.",998,0.42945724732293117,87
d1058,Streamlit best practices and paper,https://example.com/streamlit/1058,paper,"faiss,api","This paper explains streamlit within RAG pipelines, covering optimization, trade-offs, and metadata usage.",3601,0.35109242168550814,152
d1059,Bm25 best practices and tutorial,https://example.com/bm25/1059,tutorial,"transformers,faiss,production","This tutorial explains bm25 within RAG pipelines, covering optimization, trade-offs, and metadata usage.",2548,0.8030253337881161,77
d1060,Bert best practices and doc,https://example.com/bert/1060,doc,"api,transformers,sklearn","This doc explains bert within RAG pipelines, covering optimization, trade-offs, and metadata usage.",2142,0.3455000333697078,127
d1061,Fastapi best practices and doc,https://example.com/fastapi/1061,doc,"transformers,python","This doc explains fastapi within RAG pipelines, covering optimization, trade-offs, and metadata usage.",1205,0.4763511524829478,265
d1062,Metadata best practices and tutorial,https://example.com/metadata/1062,tutorial,indexing,"This tutorial explains metadata within RAG pipelines, covering optimization, trade-offs, and metadata usage.",2670,0.8877174393963383,260
d1063,Faiss best practices and blog,https://example.com/faiss/1063,blog,"sklearn,ui,faiss","This blog explains faiss within RAG pipelines, covering optimization, trade-offs, and metadata usage.",1729,0.4864065591266176,257
d1064,Fastapi best practices and doc,https://example.com/fastapi/1064,doc,"ui,api","This doc explains fastapi within RAG pipelines, covering optimization, trade-offs, and metadata usage.",3348,0.7485454338312065,53
d1065,Evaluation best practices and benchmark,https://example.com/evaluation/1065,benchmark,indexing,"This benchmark explains evaluation within RAG pipelines, covering optimization, trade-offs, and metadata usage.",1193,0.48378201110402835,295
d1066,Streamlit best practices and tutorial,https://example.com/streamlit/1066,tutorial,python,"This tutorial explains streamlit within RAG pipelines, covering optimization, trade-offs, and metadata usage.",2858,0.6161190502824263,235
d1067,Throughput best practices and paper,https://example.com/throughput/1067,paper,"faiss,pytorch","This paper explains throughput within RAG pipelines, covering optimization, trade-offs, and metadata usage.",1837,0.8469980943148183,134
d1068,Similarity best practices and doc,https://example.com/similarity/1068,doc,"api,sklearn,pytorch","This doc explains similarity within RAG pipelines, covering optimization, trade-offs, and metadata usage.",3438,0.3967183705391111,72
d1069,Latency best practices and tutorial,https://example.com/latency/1069,tutorial,"production,faiss","This tutorial explains latency within RAG pipelines, covering optimization, trade-offs, and metadata usage.",2700,0.4515844444619458,217
d1070,Random Forest best practices and tutorial,https://example.com/random-forest/1070,tutorial,"production,indexing","This tutorial explains random forest within RAG pipelines, covering optimization, trade-offs, and metadata usage.",1312,0.33795083935176484,88
d1071,Fastapi best practices and paper,https://example.com/fastapi/1071,paper,"ui,pytorch","This paper explains fastapi within RAG pipelines, covering optimization, trade-offs, and metadata usage.",1386,0.678655053934522,104
d1072,Hallucination best practices and paper,https://example.com/hallucination/1072,paper,"production,sklearn","This paper explains hallucination within RAG pipelines, covering optimization, trade-offs, and metadata usage.",489,0.5051644699361402,275
d1073,Evaluation best practices and paper,https://example.com/evaluation/1073,paper,ui,"This paper explains evaluation within RAG pipelines, covering optimization, trade-offs, and metadata usage.",1805,0.8478687126978162,190
d1074,Similarity best practices and tutorial,https://example.com/similarity/1074,tutorial,sklearn,"This tutorial explains similarity within RAG pipelines, covering optimization, trade-offs, and metadata usage.",1264,0.6517061415108447,43
d1075,Metadata best practices and benchmark,https://example.com/metadata/1075,benchmark,"python,transformers","This benchmark explains metadata within RAG pipelines, covering optimization, trade-offs, and metadata usage.",2809,0.7569267963167385,229
d1076,Metadata best practices and paper,https://example.com/metadata/1076,paper,transformers,"This paper explains metadata within RAG pipelines, covering optimization, trade-offs, and metadata usage.",1631,0.7817025441699734,107
d1077,Rag best practices and doc,https://example.com/rag/1077,doc,"ui,pytorch","This doc explains rag within RAG pipelines, covering optimization, trade-offs, and metadata usage.",2629,0.45476279410213255,83
d1078,Hallucination best practices and tutorial,https://example.com/hallucination/1078,tutorial,"ui,indexing,sklearn","This tutorial explains hallucination within RAG pipelines, covering optimization, trade-offs, and metadata usage.",2242,0.7425571273718448,20
d1079,Evaluation best practices and doc,https://example.com/evaluation/1079,doc,"python,api","This doc explains evaluation within RAG pipelines, covering optimization, trade-offs, and metadata usage.",464,0.7648685142656573,273
d1080,Bm25 best practices and doc,https://example.com/bm25/1080,doc,"indexing,api","This doc explains bm25 within RAG pipelines, covering optimization, trade-offs, and metadata usage.",2286,0.64672806350768,278
d1081,Rag best practices and blog,https://example.com/rag/1081,blog,"ui,pytorch","This blog explains rag within RAG pipelines, covering optimization, trade-offs, and metadata usage.",2378,0.25794952269024024,193
d1082,Latency best practices and tutorial,https://example.com/latency/1082,tutorial,"ui,transformers,indexing","This tutorial explains latency within RAG pipelines, covering optimization, trade-offs, and metadata usage.",2904,0.7880456807305303,128
d1083,Retrieval best practices and benchmark,https://example.com/retrieval/1083,benchmark,faiss,"This benchmark explains retrieval within RAG pipelines, covering optimization, trade-offs, and metadata usage.",85,0.9477697712293798,43
d1084,Latency best practices and tutorial,https://example.com/latency/1084,tutorial,"production,faiss","This tutorial explains latency within RAG pipelines, covering optimization, trade-offs, and metadata usage.",2159,0.3917208079768173,204
d1085,Reranker best practices and doc,https://example.com/reranker/1085,doc,faiss,"This doc explains reranker within RAG pipelines, covering optimization, trade-offs, and metadata usage.",590,0.3643375055634759,248
d1086,Latency best practices and doc,https://example.com/latency/1086,doc,"python,pytorch,api","This doc explains latency within RAG pipelines, covering optimization, trade-offs, and metadata usage.",3293,0.2644992287262147,233
d1087,Random Forest best practices and tutorial,https://example.com/random-forest/1087,tutorial,"indexing,pytorch","This tutorial explains random forest within RAG pipelines, covering optimization, trade-offs, and metadata usage.",1470,0.4907583861561691,168
d1088,Latency best practices and benchmark,https://example.com/latency/1088,benchmark,"production,transformers","This benchmark explains latency within RAG pipelines, covering optimization, trade-offs, and metadata usage.",21,0.4341350544550972,123
d1089,Metadata best practices and paper,https://example.com/metadata/1089,paper,"ui,production,sklearn","This paper explains metadata within RAG pipelines, covering optimization, trade-offs, and metadata usage.",1365,0.4881560024033697,60
d1090,Reranker best practices and tutorial,https://example.com/reranker/1090,tutorial,"transformers,api","This tutorial explains reranker within RAG pipelines, covering optimization, trade-offs, and metadata usage.",442,0.3225624331551972,106
d1091,Evaluation best practices and paper,https://example.com/evaluation/1091,paper,"api,pytorch,production","This paper explains evaluation within RAG pipelines, covering optimization, trade-offs, and metadata usage.",1833,0.3415494157572219,99
d1092,Reranker best practices and doc,https://example.com/reranker/1092,doc,"production,pytorch","This doc explains reranker within RAG pipelines, covering optimization, trade-offs, and metadata usage.",1092,0.31081508380408057,287
d1093,Retrieval best practices and paper,https://example.com/retrieval/1093,paper,"ui,sklearn","This paper explains retrieval within RAG pipelines, covering optimization, trade-offs, and metadata usage.",3587,0.20456770975634508,235
d1094,Streamlit best practices and benchmark,https://example.com/streamlit/1094,benchmark,"indexing,ui","This benchmark explains streamlit within RAG pipelines, covering optimization, trade-offs, and metadata usage.",484,0.8958786635624127,245
d1095,Faiss best practices and doc,https://example.com/faiss/1095,doc,"production,transformers","This doc explains faiss within RAG pipelines, covering optimization, trade-offs, and metadata usage.",89,0.5201988948247522,197
d1096,Similarity best practices and doc,https://example.com/similarity/1096,doc,sklearn,"This doc explains similarity within RAG pipelines, covering optimization, trade-offs, and metadata usage.",971,0.3531414797315031,248
d1097,Retrieval best practices and benchmark,https://example.com/retrieval/1097,benchmark,production,"This benchmark explains retrieval within RAG pipelines, covering optimization, trade-offs, and metadata usage.",2776,0.8089070829405447,38
d1098,Random Forest best practices and benchmark,https://example.com/random-forest/1098,benchmark,"ui,sklearn,python","This benchmark explains random forest within RAG pipelines, covering optimization, trade-offs, and metadata usage.",6,0.46403039753256564,247
d1099,Reranker best practices and blog,https://example.com/reranker/1099,blog,"indexing,production","This blog explains reranker within RAG pipelines, covering optimization, trade-offs, and metadata usage.",2423,0.7606294158229647,172
d1100,Throughput best practices and tutorial,https://example.com/throughput/1100,tutorial,"ui,python,sklearn","This tutorial explains throughput within RAG pipelines, covering optimization, trade-offs, and metadata usage.",3494,0.34394203138650803,193
d1101,Faiss best practices and tutorial,https://example.com/faiss/1101,tutorial,"indexing,production,sklearn","This tutorial explains faiss within RAG pipelines, covering optimization, trade-offs, and metadata usage.",2339,0.24140167490605338,221
d1102,Rag best practices and benchmark,https://example.com/rag/1102,benchmark,"transformers,indexing,python","This benchmark explains rag within RAG pipelines, covering optimization, trade-offs, and metadata usage.",523,0.6744284148394903,28
d1103,Prompting best practices and tutorial,https://example.com/prompting/1103,tutorial,"python,faiss,indexing","This tutorial explains prompting within RAG pipelines, covering optimization, trade-offs, and metadata usage.",2205,0.3571973362450824,38
d1104,Embeddings best practices and blog,https://example.com/embeddings/1104,blog,"faiss,indexing","This blog explains embeddings within RAG pipelines, covering optimization, trade-offs, and metadata usage.",1918,0.20023581473306523,7
d1105,Similarity best practices and paper,https://example.com/similarity/1105,paper,"ui,production","This paper explains similarity within RAG pipelines, covering optimization, trade-offs, and metadata usage.",3407,0.860393732269489,273
d1106,Latency best practices and tutorial,https://example.com/latency/1106,tutorial,"faiss,api","This tutorial explains latency within RAG pipelines, covering optimization, trade-offs, and metadata usage.",2285,0.6974285213829134,93
d1107,Throughput best practices and paper,https://example.com/throughput/1107,paper,sklearn,"This paper explains throughput within RAG pipelines, covering optimization, trade-offs, and metadata usage.",3059,0.3878817770667463,258
d1108,Streamlit best practices and benchmark,https://example.com/streamlit/1108,benchmark,pytorch,"This benchmark explains streamlit within RAG pipelines, covering optimization, trade-offs, and metadata usage.",1135,0.39117567785192786,7
d1109,Latency best practices and tutorial,https://example.com/latency/1109,tutorial,"python,sklearn","This tutorial explains latency within RAG pipelines, covering optimization, trade-offs, and metadata usage.",2318,0.856174302917371,187
d1110,Bm25 best practices and paper,https://example.com/bm25/1110,paper,sklearn,"This paper explains bm25 within RAG pipelines, covering optimization, trade-offs, and metadata usage.",112,0.7894751160879703,120
d1111,Random Forest best practices and blog,https://example.com/random-forest/1111,blog,faiss,"This blog explains random forest within RAG pipelines, covering optimization, trade-offs, and metadata usage.",1658,0.551064036091695,161
d1112,Reranker best practices and paper,https://example.com/reranker/1112,paper,python,"This paper explains reranker within RAG pipelines, covering optimization, trade-offs, and metadata usage.",1302,0.3320324899199417,294
d1113,Mpnet best practices and tutorial,https://example.com/mpnet/1113,tutorial,faiss,"This tutorial explains mpnet within RAG pipelines, covering optimization, trade-offs, and metadata usage.",1616,0.5327521808620252,171
d1114,Metadata best practices and paper,https://example.com/metadata/1114,paper,"api,transformers","This paper explains metadata within RAG pipelines, covering optimization, trade-offs, and metadata usage.",785,0.8864343320227852,84
d1115,Streamlit best practices and paper,https://example.com/streamlit/1115,paper,python,"This paper explains streamlit within RAG pipelines, covering optimization, trade-offs, and metadata usage.",500,0.8079204575886345,286
d1116,Reranker best practices and paper,https://example.com/reranker/1116,paper,"ui,faiss,sklearn","This paper explains reranker within RAG pipelines, covering optimization, trade-offs, and metadata usage.",1736,0.7641238001483304,251
d1117,Mpnet best practices and paper,https://example.com/mpnet/1117,paper,"transformers,indexing","This paper explains mpnet within RAG pipelines, covering optimization, trade-offs, and metadata usage.",798,0.9213618060502096,0
d1118,Hallucination best practices and blog,https://example.com/hallucination/1118,blog,"faiss,transformers","This blog explains hallucination within RAG pipelines, covering optimization, trade-offs, and metadata usage.",53,0.4175358835801951,165
d1119,Embeddings best practices and benchmark,https://example.com/embeddings/1119,benchmark,"indexing,api","This benchmark explains embeddings within RAG pipelines, covering optimization, trade-offs, and metadata usage.",2589,0.41589605036808697,136
d1120,Fastapi best practices and tutorial,https://example.com/fastapi/1120,tutorial,"python,sklearn","This tutorial explains fastapi within RAG pipelines, covering optimization, trade-offs, and metadata usage.",1207,0.8592529136020395,198
d1121,Throughput best practices and paper,https://example.com/throughput/1121,paper,transformers,"This paper explains throughput within RAG pipelines, covering optimization, trade-offs, and metadata usage.",2043,0.3119535756809273,201
d1122,Metadata best practices and benchmark,https://example.com/metadata/1122,benchmark,"production,faiss","This benchmark explains metadata within RAG pipelines, covering optimization, trade-offs, and metadata usage.",946,0.8995595570055936,52
d1123,Evaluation best practices and paper,https://example.com/evaluation/1123,paper,"api,python","This paper explains evaluation within RAG pipelines, covering optimization, trade-offs, and metadata usage.",2249,0.8594286641749831,58
d1124,Embeddings best practices and tutorial,https://example.com/embeddings/1124,tutorial,api,"This tutorial explains embeddings within RAG pipelines, covering optimization, trade-offs, and metadata usage.",2967,0.847045109947201,150
d1125,Latency best practices and paper,https://example.com/latency/1125,paper,production,"This paper explains latency within RAG pipelines, covering optimization, trade-offs, and metadata usage.",16,0.7075539721170601,294
d1126,Ranking best practices and benchmark,https://example.com/ranking/1126,benchmark,"transformers,sklearn,faiss","This benchmark explains ranking within RAG pipelines, covering optimization, trade-offs, and metadata usage.",2637,0.7377189469208556,97
d1127,Reranker best practices and doc,https://example.com/reranker/1127,doc,"production,sklearn,python","This doc explains reranker within RAG pipelines, covering optimization, trade-offs, and metadata usage.",1636,0.6602853625444394,146
d1128,Bert best practices and blog,https://example.com/bert/1128,blog,"faiss,sklearn,python","This blog explains bert within RAG pipelines, covering optimization, trade-offs, and metadata usage.",2232,0.6752028394563958,170
d1129,Hallucination best practices and benchmark,https://example.com/hallucination/1129,benchmark,"python,faiss","This benchmark explains hallucination within RAG pipelines, covering optimization, trade-offs, and metadata usage.",124,0.598742321351664,142
d1130,Bert best practices and tutorial,https://example.com/bert/1130,tutorial,"sklearn,transformers,ui","This tutorial explains bert within RAG pipelines, covering optimization, trade-offs, and metadata usage.",1057,0.2431670269579659,166
d1131,Mpnet best practices and blog,https://example.com/mpnet/1131,blog,"pytorch,api","This blog explains mpnet within RAG pipelines, covering optimization, trade-offs, and metadata usage.",2010,0.7331657620471173,14
d1132,Evaluation best practices and paper,https://example.com/evaluation/1132,paper,"transformers,faiss","This paper explains evaluation within RAG pipelines, covering optimization, trade-offs, and metadata usage.",3376,0.5303392589122,68
d1133,Embeddings best practices and benchmark,https://example.com/embeddings/1133,benchmark,"ui,production","This benchmark explains embeddings within RAG pipelines, covering optimization, trade-offs, and metadata usage.",3542,0.43382859408343777,132
d1134,Bm25 best practices and doc,https://example.com/bm25/1134,doc,"ui,production","This doc explains bm25 within RAG pipelines, covering optimization, trade-offs, and metadata usage.",598,0.7511372404887025,182
d1135,Prompting best practices and doc,https://example.com/prompting/1135,doc,faiss,"This doc explains prompting within RAG pipelines, covering optimization, trade-offs, and metadata usage.",296,0.5159551704136429,91
d1136,Reranker best practices and tutorial,https://example.com/reranker/1136,tutorial,"python,production","This tutorial explains reranker within RAG pipelines, covering optimization, trade-offs, and metadata usage.",3552,0.7015210721325646,33
d1137,Bm25 best practices and paper,https://example.com/bm25/1137,paper,"python,transformers,production","This paper explains bm25 within RAG pipelines, covering optimization, trade-offs, and metadata usage.",393,0.7977285439365989,117
d1138,Prompting best practices and doc,https://example.com/prompting/1138,doc,"pytorch,faiss","This doc explains prompting within RAG pipelines, covering optimization, trade-offs, and metadata usage.",191,0.6353051271353152,68
d1139,Latency best practices and tutorial,https://example.com/latency/1139,tutorial,"pytorch,python","This tutorial explains latency within RAG pipelines, covering optimization, trade-offs, and metadata usage.",3616,0.5336756134751239,265
d1140,Reranker best practices and blog,https://example.com/reranker/1140,blog,"pytorch,indexing","This blog explains reranker within RAG pipelines, covering optimization, trade-offs, and metadata usage.",689,0.8839036870002648,60
d1141,Evaluation best practices and doc,https://example.com/evaluation/1141,doc,ui,"This doc explains evaluation within RAG pipelines, covering optimization, trade-offs, and metadata usage.",579,0.5138980827774899,224
d1142,Bm25 best practices and tutorial,https://example.com/bm25/1142,tutorial,"indexing,python","This tutorial explains bm25 within RAG pipelines, covering optimization, trade-offs, and metadata usage.",1062,0.7220307210680696,62
d1143,Streamlit best practices and paper,https://example.com/streamlit/1143,paper,"pytorch,faiss,api","This paper explains streamlit within RAG pipelines, covering optimization, trade-offs, and metadata usage.",2185,0.8516371932665119,184
d1144,Hallucination best practices and paper,https://example.com/hallucination/1144,paper,"python,sklearn","This paper explains hallucination within RAG pipelines, covering optimization, trade-offs, and metadata usage.",2300,0.32368655645646016,271
d1145,Fastapi best practices and blog,https://example.com/fastapi/1145,blog,"pytorch,ui,indexing","This blog explains fastapi within RAG pipelines, covering optimization, trade-offs, and metadata usage.",1047,0.32998156992193706,111
d1146,Reranker best practices and blog,https://example.com/reranker/1146,blog,"api,production","This blog explains reranker within RAG pipelines, covering optimization, trade-offs, and metadata usage.",3117,0.3464578851549425,20
d1147,Fastapi best practices and doc,https://example.com/fastapi/1147,doc,"sklearn,production,python","This doc explains fastapi within RAG pipelines, covering optimization, trade-offs, and metadata usage.",381,0.8417040954477086,160
d1148,Random Forest best practices and doc,https://example.com/random-forest/1148,doc,python,"This doc explains random forest within RAG pipelines, covering optimization, trade-offs, and metadata usage.",21,0.8755112748216822,37
d1149,Hallucination best practices and benchmark,https://example.com/hallucination/1149,benchmark,transformers,"This benchmark explains hallucination within RAG pipelines, covering optimization, trade-offs, and metadata usage.",2158,0.2729094783387046,247
d1150,Latency best practices and tutorial,https://example.com/latency/1150,tutorial,"sklearn,production,ui","This tutorial explains latency within RAG pipelines, covering optimization, trade-offs, and metadata usage.",3501,0.8294776790508154,271
d1151,Evaluation best practices and tutorial,https://example.com/evaluation/1151,tutorial,"sklearn,api","This tutorial explains evaluation within RAG pipelines, covering optimization, trade-offs, and metadata usage.",2263,0.9372541243071413,165
d1152,Fastapi best practices and doc,https://example.com/fastapi/1152,doc,transformers,"This doc explains fastapi within RAG pipelines, covering optimization, trade-offs, and metadata usage.",2338,0.8196842158995965,59
d1153,Ranking best practices and benchmark,https://example.com/ranking/1153,benchmark,indexing,"This benchmark explains ranking within RAG pipelines, covering optimization, trade-offs, and metadata usage.",472,0.7725402906074625,30
d1154,Rag best practices and tutorial,https://example.com/rag/1154,tutorial,api,"This tutorial explains rag within RAG pipelines, covering optimization, trade-offs, and metadata usage.",1125,0.8003373592388381,266
d1155,Evaluation best practices and benchmark,https://example.com/evaluation/1155,benchmark,"pytorch,ui","This benchmark explains evaluation within RAG pipelines, covering optimization, trade-offs, and metadata usage.",2810,0.42404264373082384,271
d1156,Random Forest best practices and paper,https://example.com/random-forest/1156,paper,"production,faiss,api","This paper explains random forest within RAG pipelines, covering optimization, trade-offs, and metadata usage.",2166,0.9142225983242236,46
d1157,Streamlit best practices and doc,https://example.com/streamlit/1157,doc,"python,production,ui","This doc explains streamlit within RAG pipelines, covering optimization, trade-offs, and metadata usage.",3515,0.680255465843363,215
d1158,Throughput best practices and doc,https://example.com/throughput/1158,doc,"faiss,sklearn,pytorch","This doc explains throughput within RAG pipelines, covering optimization, trade-offs, and metadata usage.",1120,0.915483636700313,54
d1159,Bert best practices and benchmark,https://example.com/bert/1159,benchmark,"api,python,production","This benchmark explains bert within RAG pipelines, covering optimization, trade-offs, and metadata usage.",180,0.7646643527433732,227
d1160,Random Forest best practices and tutorial,https://example.com/random-forest/1160,tutorial,"python,indexing","This tutorial explains random forest within RAG pipelines, covering optimization, trade-offs, and metadata usage.",1185,0.37976427563084114,147
d1161,Retrieval best practices and tutorial,https://example.com/retrieval/1161,tutorial,pytorch,"This tutorial explains retrieval within RAG pipelines, covering optimization, trade-offs, and metadata usage.",2487,0.7584844731511506,273
d1162,Rag best practices and benchmark,https://example.com/rag/1162,benchmark,"faiss,transformers","This benchmark explains rag within RAG pipelines, covering optimization, trade-offs, and metadata usage.",2999,0.6622303220390675,107
d1163,Prompting best practices and paper,https://example.com/prompting/1163,paper,"faiss,api,python","This paper explains prompting within RAG pipelines, covering optimization, trade-offs, and metadata usage.",3039,0.5952665369692816,72
d1164,Rag best practices and paper,https://example.com/rag/1164,paper,api,"This paper explains rag within RAG pipelines, covering optimization, trade-offs, and metadata usage.",1331,0.6117359554513435,212
d1165,Similarity best practices and doc,https://example.com/similarity/1165,doc,transformers,"This doc explains similarity within RAG pipelines, covering optimization, trade-offs, and metadata usage.",3180,0.945761425210274,298
d1166,Random Forest best practices and blog,https://example.com/random-forest/1166,blog,"transformers,python,production","This blog explains random forest within RAG pipelines, covering optimization, trade-offs, and metadata usage.",475,0.8109996995605839,263
d1167,Evaluation best practices and benchmark,https://example.com/evaluation/1167,benchmark,"ui,api","This benchmark explains evaluation within RAG pipelines, covering optimization, trade-offs, and metadata usage.",3645,0.2993385486081533,207
d1168,Random Forest best practices and tutorial,https://example.com/random-forest/1168,tutorial,"production,indexing,faiss","This tutorial explains random forest within RAG pipelines, covering optimization, trade-offs, and metadata usage.",3276,0.694692767653414,272
d1169,Vector Db best practices and paper,https://example.com/vector-db/1169,paper,"api,faiss","This paper explains vector db within RAG pipelines, covering optimization, trade-offs, and metadata usage.",3251,0.6232649802118431,228
d1170,Prompting best practices and blog,https://example.com/prompting/1170,blog,"faiss,api,indexing","This blog explains prompting within RAG pipelines, covering optimization, trade-offs, and metadata usage.",1237,0.7662140990614841,18
d1171,Latency best practices and blog,https://example.com/latency/1171,blog,faiss,"This blog explains latency within RAG pipelines, covering optimization, trade-offs, and metadata usage.",2841,0.7374051455014572,203
d1172,Mpnet best practices and blog,https://example.com/mpnet/1172,blog,"pytorch,transformers,python","This blog explains mpnet within RAG pipelines, covering optimization, trade-offs, and metadata usage.",2204,0.5075378849719832,105
d1173,Bm25 best practices and doc,https://example.com/bm25/1173,doc,"faiss,python,transformers","This doc explains bm25 within RAG pipelines, covering optimization, trade-offs, and metadata usage.",1105,0.31881028508583353,109
d1174,Mpnet best practices and doc,https://example.com/mpnet/1174,doc,transformers,"This doc explains mpnet within RAG pipelines, covering optimization, trade-offs, and metadata usage.",2658,0.7938723823960132,157
d1175,Similarity best practices and doc,https://example.com/similarity/1175,doc,ui,"This doc explains similarity within RAG pipelines, covering optimization, trade-offs, and metadata usage.",3225,0.6900232149522738,99
d1176,Prompting best practices and blog,https://example.com/prompting/1176,blog,indexing,"This blog explains prompting within RAG pipelines, covering optimization, trade-offs, and metadata usage.",843,0.5844599360402214,262
d1177,Throughput best practices and blog,https://example.com/throughput/1177,blog,pytorch,"This blog explains throughput within RAG pipelines, covering optimization, trade-offs, and metadata usage.",275,0.44961864673632435,113
d1178,Prompting best practices and paper,https://example.com/prompting/1178,paper,"sklearn,python","This paper explains prompting within RAG pipelines, covering optimization, trade-offs, and metadata usage.",2347,0.9060079827853706,266
d1179,Throughput best practices and paper,https://example.com/throughput/1179,paper,indexing,"This paper explains throughput within RAG pipelines, covering optimization, trade-offs, and metadata usage.",2581,0.9461460527289567,235
d1180,Latency best practices and benchmark,https://example.com/latency/1180,benchmark,indexing,"This benchmark explains latency within RAG pipelines, covering optimization, trade-offs, and metadata usage.",365,0.23250670778094795,75
d1181,Prompting best practices and benchmark,https://example.com/prompting/1181,benchmark,"sklearn,faiss","This benchmark explains prompting within RAG pipelines, covering optimization, trade-offs, and metadata usage.",3072,0.38933844402244333,166
d1182,Mpnet best practices and doc,https://example.com/mpnet/1182,doc,pytorch,"This doc explains mpnet within RAG pipelines, covering optimization, trade-offs, and metadata usage.",2081,0.7508253726341232,193
d1183,Fastapi best practices and doc,https://example.com/fastapi/1183,doc,transformers,"This doc explains fastapi within RAG pipelines, covering optimization, trade-offs, and metadata usage.",2115,0.7366579978381116,247
d1184,Faiss best practices and tutorial,https://example.com/faiss/1184,tutorial,faiss,"This tutorial explains faiss within RAG pipelines, covering optimization, trade-offs, and metadata usage.",786,0.4170621001670196,191
d1185,Vector Db best practices and tutorial,https://example.com/vector-db/1185,tutorial,production,"This tutorial explains vector db within RAG pipelines, covering optimization, trade-offs, and metadata usage.",1725,0.5583431801137866,49
d1186,Bm25 best practices and doc,https://example.com/bm25/1186,doc,production,"This doc explains bm25 within RAG pipelines, covering optimization, trade-offs, and metadata usage.",1604,0.41075945562614635,213
d1187,Ranking best practices and paper,https://example.com/ranking/1187,paper,sklearn,"This paper explains ranking within RAG pipelines, covering optimization, trade-offs, and metadata usage.",782,0.9198603747026577,235
d1188,Similarity best practices and blog,https://example.com/similarity/1188,blog,transformers,"This blog explains similarity within RAG pipelines, covering optimization, trade-offs, and metadata usage.",1388,0.3185377183391346,78
d1189,Reranker best practices and benchmark,https://example.com/reranker/1189,benchmark,python,"This benchmark explains reranker within RAG pipelines, covering optimization, trade-offs, and metadata usage.",3506,0.6413853324684695,289
d1190,Rag best practices and blog,https://example.com/rag/1190,blog,"production,transformers,api","This blog explains rag within RAG pipelines, covering optimization, trade-offs, and metadata usage.",1955,0.830583574205324,34
d1191,Bert best practices and blog,https://example.com/bert/1191,blog,python,"This blog explains bert within RAG pipelines, covering optimization, trade-offs, and metadata usage.",3506,0.22048558780343874,249
d1192,Reranker best practices and tutorial,https://example.com/reranker/1192,tutorial,"faiss,transformers,pytorch","This tutorial explains reranker within RAG pipelines, covering optimization, trade-offs, and metadata usage.",2854,0.667646565777806,190
d1193,Vector Db best practices and paper,https://example.com/vector-db/1193,paper,api,"This paper explains vector db within RAG pipelines, covering optimization, trade-offs, and metadata usage.",2799,0.2785982668575464,288
d1194,Vector Db best practices and blog,https://example.com/vector-db/1194,blog,faiss,"This blog explains vector db within RAG pipelines, covering optimization, trade-offs, and metadata usage.",2015,0.6459396644771098,79
d1195,Prompting best practices and doc,https://example.com/prompting/1195,doc,"pytorch,api,faiss","This doc explains prompting within RAG pipelines, covering optimization, trade-offs, and metadata usage.",3221,0.20700092991501873,139
d1196,Faiss best practices and doc,https://example.com/faiss/1196,doc,pytorch,"This doc explains faiss within RAG pipelines, covering optimization, trade-offs, and metadata usage.",3000,0.326975211514588,168
d1197,Bm25 best practices and benchmark,https://example.com/bm25/1197,benchmark,"ui,pytorch,sklearn","This benchmark explains bm25 within RAG pipelines, covering optimization, trade-offs, and metadata usage.",2662,0.3858345608297709,297
d1198,Throughput best practices and paper,https://example.com/throughput/1198,paper,production,"This paper explains throughput within RAG pipelines, covering optimization, trade-offs, and metadata usage.",2180,0.6144960170777349,80
d1199,Retrieval best practices and paper,https://example.com/retrieval/1199,paper,"faiss,indexing","This paper explains retrieval within RAG pipelines, covering optimization, trade-offs, and metadata usage.",2072,0.7195561252001597,250
d1200,Prompting best practices and blog,https://example.com/prompting/1200,blog,transformers,"This blog explains prompting within RAG pipelines, covering optimization, trade-offs, and metadata usage.",2916,0.22795616599477903,244
d1201,Mpnet best practices and paper,https://example.com/mpnet/1201,paper,sklearn,"This paper explains mpnet within RAG pipelines, covering optimization, trade-offs, and metadata usage.",613,0.47627831194513587,200
d1202,Evaluation best practices and doc,https://example.com/evaluation/1202,doc,"python,sklearn","This doc explains evaluation within RAG pipelines, covering optimization, trade-offs, and metadata usage.",3315,0.23418549025065846,137
d1203,Bm25 best practices and blog,https://example.com/bm25/1203,blog,"sklearn,api","This blog explains bm25 within RAG pipelines, covering optimization, trade-offs, and metadata usage.",769,0.7010419892650617,22
d1204,Rag best practices and paper,https://example.com/rag/1204,paper,production,"This paper explains rag within RAG pipelines, covering optimization, trade-offs, and metadata usage.",3139,0.5731697429874196,46
d1205,Random Forest best practices and paper,https://example.com/random-forest/1205,paper,"ui,python,production","This paper explains random forest within RAG pipelines, covering optimization, trade-offs, and metadata usage.",3538,0.6656477806883118,85
d1206,Prompting best practices and doc,https://example.com/prompting/1206,doc,"transformers,production","This doc explains prompting within RAG pipelines, covering optimization, trade-offs, and metadata usage.",1085,0.9465567961583752,160
d1207,Random Forest best practices and benchmark,https://example.com/random-forest/1207,benchmark,api,"This benchmark explains random forest within RAG pipelines, covering optimization, trade-offs, and metadata usage.",2483,0.45871387386504947,226
d1208,Latency best practices and tutorial,https://example.com/latency/1208,tutorial,"sklearn,ui","This tutorial explains latency within RAG pipelines, covering optimization, trade-offs, and metadata usage.",48,0.8205444966766313,161
d1209,Prompting best practices and paper,https://example.com/prompting/1209,paper,"pytorch,faiss,sklearn","This paper explains prompting within RAG pipelines, covering optimization, trade-offs, and metadata usage.",2279,0.912525847403101,113
d1210,Fastapi best practices and blog,https://example.com/fastapi/1210,blog,sklearn,"This blog explains fastapi within RAG pipelines, covering optimization, trade-offs, and metadata usage.",2358,0.9225345122888908,206
d1211,Mpnet best practices and benchmark,https://example.com/mpnet/1211,benchmark,"production,transformers","This benchmark explains mpnet within RAG pipelines, covering optimization, trade-offs, and metadata usage.",3572,0.8119482966494371,174
d1212,Embeddings best practices and benchmark,https://example.com/embeddings/1212,benchmark,"production,ui,transformers","This benchmark explains embeddings within RAG pipelines, covering optimization, trade-offs, and metadata usage.",1304,0.3173216210250239,170
d1213,Bm25 best practices and tutorial,https://example.com/bm25/1213,tutorial,"sklearn,faiss","This tutorial explains bm25 within RAG pipelines, covering optimization, trade-offs, and metadata usage.",526,0.7871266654657276,256
d1214,Embeddings best practices and benchmark,https://example.com/embeddings/1214,benchmark,"faiss,indexing,api","This benchmark explains embeddings within RAG pipelines, covering optimization, trade-offs, and metadata usage.",1411,0.2903613531043383,187
d1215,Reranker best practices and tutorial,https://example.com/reranker/1215,tutorial,sklearn,"This tutorial explains reranker within RAG pipelines, covering optimization, trade-offs, and metadata usage.",3616,0.7578870448250161,246
d1216,Reranker best practices and benchmark,https://example.com/reranker/1216,benchmark,"api,ui,transformers","This benchmark explains reranker within RAG pipelines, covering optimization, trade-offs, and metadata usage.",1693,0.828977851091484,263
d1217,Faiss best practices and benchmark,https://example.com/faiss/1217,benchmark,api,"This benchmark explains faiss within RAG pipelines, covering optimization, trade-offs, and metadata usage.",2879,0.8928566596880612,35
d1218,Ranking best practices and tutorial,https://example.com/ranking/1218,tutorial,"sklearn,production","This tutorial explains ranking within RAG pipelines, covering optimization, trade-offs, and metadata usage.",1543,0.21547571602441057,37
d1219,Streamlit best practices and benchmark,https://example.com/streamlit/1219,benchmark,"python,ui,transformers","This benchmark explains streamlit within RAG pipelines, covering optimization, trade-offs, and metadata usage.",1341,0.51939991863157,66
d1220,Bert best practices and blog,https://example.com/bert/1220,blog,api,"This blog explains bert within RAG pipelines, covering optimization, trade-offs, and metadata usage.",2912,0.947500278606513,233
d1221,Evaluation best practices and blog,https://example.com/evaluation/1221,blog,"api,transformers","This blog explains evaluation within RAG pipelines, covering optimization, trade-offs, and metadata usage.",1701,0.39962136377300883,28
d1222,Bert best practices and blog,https://example.com/bert/1222,blog,"sklearn,python","This blog explains bert within RAG pipelines, covering optimization, trade-offs, and metadata usage.",2615,0.368931727024709,254
d1223,Metadata best practices and tutorial,https://example.com/metadata/1223,tutorial,indexing,"This tutorial explains metadata within RAG pipelines, covering optimization, trade-offs, and metadata usage.",1330,0.6278622386033019,40
d1224,Ranking best practices and benchmark,https://example.com/ranking/1224,benchmark,"indexing,faiss,ui","This benchmark explains ranking within RAG pipelines, covering optimization, trade-offs, and metadata usage.",397,0.5010637545826093,46
d1225,Latency best practices and paper,https://example.com/latency/1225,paper,"transformers,ui,pytorch","This paper explains latency within RAG pipelines, covering optimization, trade-offs, and metadata usage.",3485,0.30235262340701674,86
d1226,Rag best practices and benchmark,https://example.com/rag/1226,benchmark,transformers,"This benchmark explains rag within RAG pipelines, covering optimization, trade-offs, and metadata usage.",274,0.33724170014515154,3
d1227,Faiss best practices and benchmark,https://example.com/faiss/1227,benchmark,"faiss,indexing","This benchmark explains faiss within RAG pipelines, covering optimization, trade-offs, and metadata usage.",447,0.2515084891618775,107
d1228,Faiss best practices and benchmark,https://example.com/faiss/1228,benchmark,python,"This benchmark explains faiss within RAG pipelines, covering optimization, trade-offs, and metadata usage.",249,0.6295281019498953,9
d1229,Hallucination best practices and tutorial,https://example.com/hallucination/1229,tutorial,api,"This tutorial explains hallucination within RAG pipelines, covering optimization, trade-offs, and metadata usage.",3439,0.5687071919884966,240
d1230,Faiss best practices and paper,https://example.com/faiss/1230,paper,"production,api","This paper explains faiss within RAG pipelines, covering optimization, trade-offs, and metadata usage.",3104,0.28736046194990744,19
d1231,Embeddings best practices and doc,https://example.com/embeddings/1231,doc,"python,indexing","This doc explains embeddings within RAG pipelines, covering optimization, trade-offs, and metadata usage.",484,0.2488082203831369,112
d1232,Embeddings best practices and blog,https://example.com/embeddings/1232,blog,"transformers,python","This blog explains embeddings within RAG pipelines, covering optimization, trade-offs, and metadata usage.",83,0.34832534124369846,165
d1233,Bm25 best practices and benchmark,https://example.com/bm25/1233,benchmark,"transformers,faiss,ui","This benchmark explains bm25 within RAG pipelines, covering optimization, trade-offs, and metadata usage.",985,0.29693831671071463,293
d1234,Retrieval best practices and paper,https://example.com/retrieval/1234,paper,"sklearn,production","This paper explains retrieval within RAG pipelines, covering optimization, trade-offs, and metadata usage.",3419,0.3958790630124431,114
d1235,Ranking best practices and benchmark,https://example.com/ranking/1235,benchmark,"api,production","This benchmark explains ranking within RAG pipelines, covering optimization, trade-offs, and metadata usage.",2038,0.2988590528141266,116
d1236,Bm25 best practices and benchmark,https://example.com/bm25/1236,benchmark,pytorch,"This benchmark explains bm25 within RAG pipelines, covering optimization, trade-offs, and metadata usage.",1693,0.4732883044227824,16
d1237,Faiss best practices and doc,https://example.com/faiss/1237,doc,"production,ui","This doc explains faiss within RAG pipelines, covering optimization, trade-offs, and metadata usage.",644,0.38373564424262174,95
d1238,Fastapi best practices and tutorial,https://example.com/fastapi/1238,tutorial,"python,production","This tutorial explains fastapi within RAG pipelines, covering optimization, trade-offs, and metadata usage.",3460,0.6808923726668108,86
d1239,Rag best practices and doc,https://example.com/rag/1239,doc,pytorch,"This doc explains rag within RAG pipelines, covering optimization, trade-offs, and metadata usage.",1072,0.38518192859559897,98
d1240,Metadata best practices and benchmark,https://example.com/metadata/1240,benchmark,ui,"This benchmark explains metadata within RAG pipelines, covering optimization, trade-offs, and metadata usage.",2386,0.5337764718736491,54
d1241,Hallucination best practices and tutorial,https://example.com/hallucination/1241,tutorial,ui,"This tutorial explains hallucination within RAG pipelines, covering optimization, trade-offs, and metadata usage.",2749,0.680128436081187,28
d1242,Metadata best practices and doc,https://example.com/metadata/1242,doc,"transformers,api","This doc explains metadata within RAG pipelines, covering optimization, trade-offs, and metadata usage.",2513,0.8888178002089411,97
d1243,Latency best practices and doc,https://example.com/latency/1243,doc,"pytorch,python,faiss","This doc explains latency within RAG pipelines, covering optimization, trade-offs, and metadata usage.",2797,0.5168878021842607,84
d1244,Ranking best practices and tutorial,https://example.com/ranking/1244,tutorial,"production,sklearn","This tutorial explains ranking within RAG pipelines, covering optimization, trade-offs, and metadata usage.",2001,0.8986242046060195,1
d1245,Random Forest best practices and doc,https://example.com/random-forest/1245,doc,"transformers,ui","This doc explains random forest within RAG pipelines, covering optimization, trade-offs, and metadata usage.",21,0.8686818322537488,171
d1246,Latency best practices and doc,https://example.com/latency/1246,doc,"faiss,sklearn","This doc explains latency within RAG pipelines, covering optimization, trade-offs, and metadata usage.",2332,0.7239103354412839,103
d1247,Hallucination best practices and benchmark,https://example.com/hallucination/1247,benchmark,"sklearn,transformers","This benchmark explains hallucination within RAG pipelines, covering optimization, trade-offs, and metadata usage.",1442,0.5191579760372911,128
d1248,Ranking best practices and benchmark,https://example.com/ranking/1248,benchmark,"sklearn,indexing,pytorch","This benchmark explains ranking within RAG pipelines, covering optimization, trade-offs, and metadata usage.",1921,0.22753414068533728,129
d1249,Fastapi best practices and blog,https://example.com/fastapi/1249,blog,"faiss,api,sklearn","This blog explains fastapi within RAG pipelines, covering optimization, trade-offs, and metadata usage.",1414,0.7395939547490227,218
d1250,Faiss best practices and paper,https://example.com/faiss/1250,paper,"faiss,api","This paper explains faiss within RAG pipelines, covering optimization, trade-offs, and metadata usage.",2583,0.30205423387508096,251
d1251,Throughput best practices and tutorial,https://example.com/throughput/1251,tutorial,"production,api","This tutorial explains throughput within RAG pipelines, covering optimization, trade-offs, and metadata usage.",1956,0.7911642814997923,124
d1252,Prompting best practices and tutorial,https://example.com/prompting/1252,tutorial,"indexing,ui","This tutorial explains prompting within RAG pipelines, covering optimization, trade-offs, and metadata usage.",3572,0.5737428680915679,151
d1253,Rag best practices and blog,https://example.com/rag/1253,blog,pytorch,"This blog explains rag within RAG pipelines, covering optimization, trade-offs, and metadata usage.",1796,0.7080159718363312,44
d1254,Similarity best practices and paper,https://example.com/similarity/1254,paper,indexing,"This paper explains similarity within RAG pipelines, covering optimization, trade-offs, and metadata usage.",288,0.8345378728838619,9
d1255,Bm25 best practices and tutorial,https://example.com/bm25/1255,tutorial,"pytorch,faiss,transformers","This tutorial explains bm25 within RAG pipelines, covering optimization, trade-offs, and metadata usage.",1787,0.31654974967405486,74
d1256,Hallucination best practices and blog,https://example.com/hallucination/1256,blog,"sklearn,pytorch,python","This blog explains hallucination within RAG pipelines, covering optimization, trade-offs, and metadata usage.",1266,0.36198436180959714,133
d1257,Metadata best practices and blog,https://example.com/metadata/1257,blog,faiss,"This blog explains metadata within RAG pipelines, covering optimization, trade-offs, and metadata usage.",170,0.28507363352449966,152
d1258,Throughput best practices and blog,https://example.com/throughput/1258,blog,pytorch,"This blog explains throughput within RAG pipelines, covering optimization, trade-offs, and metadata usage.",565,0.5253120195823806,135
d1259,Mpnet best practices and benchmark,https://example.com/mpnet/1259,benchmark,"ui,indexing","This benchmark explains mpnet within RAG pipelines, covering optimization, trade-offs, and metadata usage.",3500,0.46406209597569414,67
d1260,Embeddings best practices and tutorial,https://example.com/embeddings/1260,tutorial,"indexing,api","This tutorial explains embeddings within RAG pipelines, covering optimization, trade-offs, and metadata usage.",2271,0.6244361838493664,251
d1261,Fastapi best practices and doc,https://example.com/fastapi/1261,doc,transformers,"This doc explains fastapi within RAG pipelines, covering optimization, trade-offs, and metadata usage.",81,0.793766108882987,11
d1262,Faiss best practices and tutorial,https://example.com/faiss/1262,tutorial,pytorch,"This tutorial explains faiss within RAG pipelines, covering optimization, trade-offs, and metadata usage.",1842,0.9226410230443824,281
d1263,Similarity best practices and doc,https://example.com/similarity/1263,doc,"ui,python","This doc explains similarity within RAG pipelines, covering optimization, trade-offs, and metadata usage.",870,0.5220442455722614,61
d1264,Rag best practices and paper,https://example.com/rag/1264,paper,"sklearn,indexing,ui","This paper explains rag within RAG pipelines, covering optimization, trade-offs, and metadata usage.",1076,0.5616445922437269,33
d1265,Reranker best practices and paper,https://example.com/reranker/1265,paper,"python,faiss,transformers","This paper explains reranker within RAG pipelines, covering optimization, trade-offs, and metadata usage.",348,0.5399645562261146,211
d1266,Similarity best practices and benchmark,https://example.com/similarity/1266,benchmark,python,"This benchmark explains similarity within RAG pipelines, covering optimization, trade-offs, and metadata usage.",674,0.22800106463311876,240
d1267,Random Forest best practices and tutorial,https://example.com/random-forest/1267,tutorial,"production,python","This tutorial explains random forest within RAG pipelines, covering optimization, trade-offs, and metadata usage.",2972,0.21936274565860284,178
d1268,Embeddings best practices and tutorial,https://example.com/embeddings/1268,tutorial,"faiss,sklearn,python","This tutorial explains embeddings within RAG pipelines, covering optimization, trade-offs, and metadata usage.",1438,0.2444983742937256,224
d1269,Similarity best practices and doc,https://example.com/similarity/1269,doc,api,"This doc explains similarity within RAG pipelines, covering optimization, trade-offs, and metadata usage.",2541,0.26497939422148753,116
d1270,Fastapi best practices and benchmark,https://example.com/fastapi/1270,benchmark,"sklearn,api","This benchmark explains fastapi within RAG pipelines, covering optimization, trade-offs, and metadata usage.",711,0.45087931995550307,290
d1271,Similarity best practices and benchmark,https://example.com/similarity/1271,benchmark,"api,ui,indexing","This benchmark explains similarity within RAG pipelines, covering optimization, trade-offs, and metadata usage.",1825,0.2987575640278682,297
d1272,Faiss best practices and doc,https://example.com/faiss/1272,doc,"faiss,indexing,api","This doc explains faiss within RAG pipelines, covering optimization, trade-offs, and metadata usage.",1153,0.3533166034176572,289
d1273,Streamlit best practices and blog,https://example.com/streamlit/1273,blog,"python,sklearn","This blog explains streamlit within RAG pipelines, covering optimization, trade-offs, and metadata usage.",3080,0.2666503731351798,216
d1274,Embeddings best practices and doc,https://example.com/embeddings/1274,doc,"production,pytorch,indexing","This doc explains embeddings within RAG pipelines, covering optimization, trade-offs, and metadata usage.",1631,0.834461751089659,47
d1275,Retrieval best practices and benchmark,https://example.com/retrieval/1275,benchmark,python,"This benchmark explains retrieval within RAG pipelines, covering optimization, trade-offs, and metadata usage.",3237,0.5793733224173944,207
d1276,Embeddings best practices and blog,https://example.com/embeddings/1276,blog,"api,faiss,transformers","This blog explains embeddings within RAG pipelines, covering optimization, trade-offs, and metadata usage.",1278,0.4838799473664727,69
d1277,Reranker best practices and benchmark,https://example.com/reranker/1277,benchmark,faiss,"This benchmark explains reranker within RAG pipelines, covering optimization, trade-offs, and metadata usage.",1014,0.3382152966761677,179
d1278,Latency best practices and benchmark,https://example.com/latency/1278,benchmark,"transformers,pytorch","This benchmark explains latency within RAG pipelines, covering optimization, trade-offs, and metadata usage.",2728,0.5276335243922259,74
d1279,Embeddings best practices and benchmark,https://example.com/embeddings/1279,benchmark,"transformers,sklearn","This benchmark explains embeddings within RAG pipelines, covering optimization, trade-offs, and metadata usage.",979,0.48428530312393003,223
d1280,Metadata best practices and blog,https://example.com/metadata/1280,blog,"transformers,python","This blog explains metadata within RAG pipelines, covering optimization, trade-offs, and metadata usage.",2049,0.8547731854127179,214
d1281,Fastapi best practices and benchmark,https://example.com/fastapi/1281,benchmark,"indexing,transformers,pytorch","This benchmark explains fastapi within RAG pipelines, covering optimization, trade-offs, and metadata usage.",339,0.9160286839295237,191
d1282,Bert best practices and doc,https://example.com/bert/1282,doc,"faiss,api","This doc explains bert within RAG pipelines, covering optimization, trade-offs, and metadata usage.",1833,0.889451945996053,231
d1283,Faiss best practices and doc,https://example.com/faiss/1283,doc,"api,pytorch","This doc explains faiss within RAG pipelines, covering optimization, trade-offs, and metadata usage.",1431,0.44613345845410385,149
d1284,Bert best practices and benchmark,https://example.com/bert/1284,benchmark,"api,sklearn","This benchmark explains bert within RAG pipelines, covering optimization, trade-offs, and metadata usage.",374,0.6795552427187002,104
d1285,Streamlit best practices and blog,https://example.com/streamlit/1285,blog,indexing,"This blog explains streamlit within RAG pipelines, covering optimization, trade-offs, and metadata usage.",1576,0.4692596241078488,260
d1286,Prompting best practices and blog,https://example.com/prompting/1286,blog,transformers,"This blog explains prompting within RAG pipelines, covering optimization, trade-offs, and metadata usage.",856,0.7265412968214373,166
d1287,Mpnet best practices and benchmark,https://example.com/mpnet/1287,benchmark,pytorch,"This benchmark explains mpnet within RAG pipelines, covering optimization, trade-offs, and metadata usage.",1017,0.7278633065152675,291
d1288,Latency best practices and paper,https://example.com/latency/1288,paper,transformers,"This paper explains latency within RAG pipelines, covering optimization, trade-offs, and metadata usage.",2345,0.8567943137498317,88
d1289,Metadata best practices and paper,https://example.com/metadata/1289,paper,"api,sklearn","This paper explains metadata within RAG pipelines, covering optimization, trade-offs, and metadata usage.",2996,0.6939283717595781,261
d1290,Bert best practices and doc,https://example.com/bert/1290,doc,python,"This doc explains bert within RAG pipelines, covering optimization, trade-offs, and metadata usage.",2232,0.406789387713583,263
d1291,Faiss best practices and tutorial,https://example.com/faiss/1291,tutorial,"transformers,python,pytorch","This tutorial explains faiss within RAG pipelines, covering optimization, trade-offs, and metadata usage.",3357,0.4391473621220715,187
d1292,Random Forest best practices and tutorial,https://example.com/random-forest/1292,tutorial,"api,production","This tutorial explains random forest within RAG pipelines, covering optimization, trade-offs, and metadata usage.",1376,0.31663445075920427,237
d1293,Retrieval best practices and blog,https://example.com/retrieval/1293,blog,"python,pytorch,api","This blog explains retrieval within RAG pipelines, covering optimization, trade-offs, and metadata usage.",1968,0.5934756172964661,0
d1294,Random Forest best practices and tutorial,https://example.com/random-forest/1294,tutorial,"ui,python,sklearn","This tutorial explains random forest within RAG pipelines, covering optimization, trade-offs, and metadata usage.",430,0.35887584609388357,194
d1295,Bert best practices and tutorial,https://example.com/bert/1295,tutorial,"transformers,ui,sklearn","This tutorial explains bert within RAG pipelines, covering optimization, trade-offs, and metadata usage.",1442,0.318112151731763,160
d1296,Embeddings best practices and blog,https://example.com/embeddings/1296,blog,python,"This blog explains embeddings within RAG pipelines, covering optimization, trade-offs, and metadata usage.",1162,0.7181773856656435,263
d1297,Faiss best practices and paper,https://example.com/faiss/1297,paper,"api,faiss","This paper explains faiss within RAG pipelines, covering optimization, trade-offs, and metadata usage.",2266,0.26011040740290625,234
d1298,Streamlit best practices and tutorial,https://example.com/streamlit/1298,tutorial,pytorch,"This tutorial explains streamlit within RAG pipelines, covering optimization, trade-offs, and metadata usage.",1035,0.550029957561569,118
d1299,Streamlit best practices and tutorial,https://example.com/streamlit/1299,tutorial,"transformers,sklearn","This tutorial explains streamlit within RAG pipelines, covering optimization, trade-offs, and metadata usage.",3382,0.8874949701468005,32
d1300,Bm25 best practices and blog,https://example.com/bm25/1300,blog,"production,sklearn","This blog explains bm25 within RAG pipelines, covering optimization, trade-offs, and metadata usage.",2349,0.8407482737334449,94
d1301,Ranking best practices and blog,https://example.com/ranking/1301,blog,"faiss,indexing","This blog explains ranking within RAG pipelines, covering optimization, trade-offs, and metadata usage.",2728,0.8096014185693869,251
d1302,Throughput best practices and paper,https://example.com/throughput/1302,paper,pytorch,"This paper explains throughput within RAG pipelines, covering optimization, trade-offs, and metadata usage.",66,0.5514816922560469,207
d1303,Retrieval best practices and doc,https://example.com/retrieval/1303,doc,"indexing,pytorch,production","This doc explains retrieval within RAG pipelines, covering optimization, trade-offs, and metadata usage.",1329,0.405161985144873,147
d1304,Metadata best practices and doc,https://example.com/metadata/1304,doc,"faiss,transformers,production","This doc explains metadata within RAG pipelines, covering optimization, trade-offs, and metadata usage.",3595,0.7346537914752569,153
d1305,Streamlit best practices and paper,https://example.com/streamlit/1305,paper,"faiss,api,pytorch","This paper explains streamlit within RAG pipelines, covering optimization, trade-offs, and metadata usage.",581,0.8414837509058013,166
d1306,Similarity best practices and paper,https://example.com/similarity/1306,paper,"sklearn,ui,indexing","This paper explains similarity within RAG pipelines, covering optimization, trade-offs, and metadata usage.",3139,0.6554057997411038,120
d1307,Evaluation best practices and benchmark,https://example.com/evaluation/1307,benchmark,"python,sklearn","This benchmark explains evaluation within RAG pipelines, covering optimization, trade-offs, and metadata usage.",2487,0.7927358823080213,13
d1308,Metadata best practices and blog,https://example.com/metadata/1308,blog,transformers,"This blog explains metadata within RAG pipelines, covering optimization, trade-offs, and metadata usage.",1765,0.7680296499098391,104
d1309,Embeddings best practices and blog,https://example.com/embeddings/1309,blog,"faiss,ui,production","This blog explains embeddings within RAG pipelines, covering optimization, trade-offs, and metadata usage.",3618,0.3909104088395069,266
d1310,Retrieval best practices and doc,https://example.com/retrieval/1310,doc,pytorch,"This doc explains retrieval within RAG pipelines, covering optimization, trade-offs, and metadata usage.",1675,0.39575458160194743,297
d1311,Hallucination best practices and doc,https://example.com/hallucination/1311,doc,"python,sklearn,pytorch","This doc explains hallucination within RAG pipelines, covering optimization, trade-offs, and metadata usage.",1212,0.5314828535640556,3
d1312,Metadata best practices and blog,https://example.com/metadata/1312,blog,"python,faiss","This blog explains metadata within RAG pipelines, covering optimization, trade-offs, and metadata usage.",670,0.4452418357252168,274
d1313,Metadata best practices and blog,https://example.com/metadata/1313,blog,"python,ui,api","This blog explains metadata within RAG pipelines, covering optimization, trade-offs, and metadata usage.",1945,0.23498517819395956,282
d1314,Hallucination best practices and blog,https://example.com/hallucination/1314,blog,"ui,api","This blog explains hallucination within RAG pipelines, covering optimization, trade-offs, and metadata usage.",3244,0.3345277940470278,44
d1315,Ranking best practices and doc,https://example.com/ranking/1315,doc,production,"This doc explains ranking within RAG pipelines, covering optimization, trade-offs, and metadata usage.",746,0.7487360676581989,140
d1316,Streamlit best practices and doc,https://example.com/streamlit/1316,doc,transformers,"This doc explains streamlit within RAG pipelines, covering optimization, trade-offs, and metadata usage.",2761,0.9267311774307807,91
d1317,Ranking best practices and blog,https://example.com/ranking/1317,blog,indexing,"This blog explains ranking within RAG pipelines, covering optimization, trade-offs, and metadata usage.",1302,0.4568263172463783,65
d1318,Faiss best practices and benchmark,https://example.com/faiss/1318,benchmark,pytorch,"This benchmark explains faiss within RAG pipelines, covering optimization, trade-offs, and metadata usage.",689,0.584691183166502,7
d1319,Ranking best practices and tutorial,https://example.com/ranking/1319,tutorial,transformers,"This tutorial explains ranking within RAG pipelines, covering optimization, trade-offs, and metadata usage.",1063,0.7284788891976157,297
d1320,Evaluation best practices and tutorial,https://example.com/evaluation/1320,tutorial,"python,sklearn","This tutorial explains evaluation within RAG pipelines, covering optimization, trade-offs, and metadata usage.",1829,0.6402990600116015,36
d1321,Retrieval best practices and blog,https://example.com/retrieval/1321,blog,"ui,indexing,python","This blog explains retrieval within RAG pipelines, covering optimization, trade-offs, and metadata usage.",3381,0.5884938294155716,276
d1322,Hallucination best practices and paper,https://example.com/hallucination/1322,paper,"indexing,api,production","This paper explains hallucination within RAG pipelines, covering optimization, trade-offs, and metadata usage.",257,0.40998326536710744,216
d1323,Metadata best practices and benchmark,https://example.com/metadata/1323,benchmark,production,"This benchmark explains metadata within RAG pipelines, covering optimization, trade-offs, and metadata usage.",1300,0.25890872287434297,251
d1324,Latency best practices and tutorial,https://example.com/latency/1324,tutorial,"transformers,ui","This tutorial explains latency within RAG pipelines, covering optimization, trade-offs, and metadata usage.",506,0.8565786798456811,43
d1325,Hallucination best practices and paper,https://example.com/hallucination/1325,paper,"indexing,transformers","This paper explains hallucination within RAG pipelines, covering optimization, trade-offs, and metadata usage.",470,0.908232304639355,35
d1326,Vector Db best practices and blog,https://example.com/vector-db/1326,blog,"faiss,api,sklearn","This blog explains vector db within RAG pipelines, covering optimization, trade-offs, and metadata usage.",3399,0.8737567296518216,184
d1327,Metadata best practices and doc,https://example.com/metadata/1327,doc,"faiss,ui","This doc explains metadata within RAG pipelines, covering optimization, trade-offs, and metadata usage.",115,0.5248409056147348,181
d1328,Ranking best practices and doc,https://example.com/ranking/1328,doc,"api,ui","This doc explains ranking within RAG pipelines, covering optimization, trade-offs, and metadata usage.",723,0.9198990181229219,290
d1329,Similarity best practices and benchmark,https://example.com/similarity/1329,benchmark,"api,sklearn","This benchmark explains similarity within RAG pipelines, covering optimization, trade-offs, and metadata usage.",3458,0.559263842985442,53
d1330,Reranker best practices and paper,https://example.com/reranker/1330,paper,production,"This paper explains reranker within RAG pipelines, covering optimization, trade-offs, and metadata usage.",2061,0.847886421388881,290
d1331,Rag best practices and blog,https://example.com/rag/1331,blog,api,"This blog explains rag within RAG pipelines, covering optimization, trade-offs, and metadata usage.",2462,0.5261008134124456,207
d1332,Rag best practices and benchmark,https://example.com/rag/1332,benchmark,"ui,pytorch,faiss","This benchmark explains rag within RAG pipelines, covering optimization, trade-offs, and metadata usage.",3602,0.270009684260504,80
d1333,Embeddings best practices and paper,https://example.com/embeddings/1333,paper,ui,"This paper explains embeddings within RAG pipelines, covering optimization, trade-offs, and metadata usage.",2008,0.4037718104545027,34
d1334,Similarity best practices and tutorial,https://example.com/similarity/1334,tutorial,"ui,production,faiss","This tutorial explains similarity within RAG pipelines, covering optimization, trade-offs, and metadata usage.",3009,0.28144296272867575,66
d1335,Rag best practices and tutorial,https://example.com/rag/1335,tutorial,"transformers,pytorch,ui","This tutorial explains rag within RAG pipelines, covering optimization, trade-offs, and metadata usage.",1821,0.938971942427187,33
d1336,Reranker best practices and tutorial,https://example.com/reranker/1336,tutorial,"python,ui","This tutorial explains reranker within RAG pipelines, covering optimization, trade-offs, and metadata usage.",1099,0.40022883900963,73
d1337,Vector Db best practices and benchmark,https://example.com/vector-db/1337,benchmark,pytorch,"This benchmark explains vector db within RAG pipelines, covering optimization, trade-offs, and metadata usage.",1239,0.5209352903674624,0
d1338,Prompting best practices and tutorial,https://example.com/prompting/1338,tutorial,"sklearn,api,faiss","This tutorial explains prompting within RAG pipelines, covering optimization, trade-offs, and metadata usage.",731,0.7249596390714772,60
d1339,Hallucination best practices and doc,https://example.com/hallucination/1339,doc,faiss,"This doc explains hallucination within RAG pipelines, covering optimization, trade-offs, and metadata usage.",2221,0.6345600221973542,264
d1340,Ranking best practices and doc,https://example.com/ranking/1340,doc,sklearn,"This doc explains ranking within RAG pipelines, covering optimization, trade-offs, and metadata usage.",1648,0.7268371798900883,36
d1341,Rag best practices and doc,https://example.com/rag/1341,doc,"faiss,production","This doc explains rag within RAG pipelines, covering optimization, trade-offs, and metadata usage.",197,0.3545704297478305,245
d1342,Reranker best practices and paper,https://example.com/reranker/1342,paper,"indexing,production","This paper explains reranker within RAG pipelines, covering optimization, trade-offs, and metadata usage.",2686,0.2192778286814557,21
d1343,Streamlit best practices and benchmark,https://example.com/streamlit/1343,benchmark,api,"This benchmark explains streamlit within RAG pipelines, covering optimization, trade-offs, and metadata usage.",630,0.9419264367633067,198
d1344,Prompting best practices and doc,https://example.com/prompting/1344,doc,"pytorch,sklearn","This doc explains prompting within RAG pipelines, covering optimization, trade-offs, and metadata usage.",1832,0.649834741966314,113
d1345,Evaluation best practices and benchmark,https://example.com/evaluation/1345,benchmark,"indexing,transformers,python","This benchmark explains evaluation within RAG pipelines, covering optimization, trade-offs, and metadata usage.",1978,0.30183936921994536,265
d1346,Latency best practices and benchmark,https://example.com/latency/1346,benchmark,api,"This benchmark explains latency within RAG pipelines, covering optimization, trade-offs, and metadata usage.",3412,0.8046654355811225,214
d1347,Fastapi best practices and blog,https://example.com/fastapi/1347,blog,ui,"This blog explains fastapi within RAG pipelines, covering optimization, trade-offs, and metadata usage.",277,0.4756312587899861,253
d1348,Ranking best practices and paper,https://example.com/ranking/1348,paper,"transformers,indexing","This paper explains ranking within RAG pipelines, covering optimization, trade-offs, and metadata usage.",2331,0.302898356279499,204
d1349,Rag best practices and blog,https://example.com/rag/1349,blog,"sklearn,indexing,production","This blog explains rag within RAG pipelines, covering optimization, trade-offs, and metadata usage.",3636,0.8657833152814889,198
d1350,Mpnet best practices and blog,https://example.com/mpnet/1350,blog,"pytorch,transformers,python","This blog explains mpnet within RAG pipelines, covering optimization, trade-offs, and metadata usage.",143,0.8644813348195146,282
d1351,Similarity best practices and blog,https://example.com/similarity/1351,blog,"sklearn,indexing","This blog explains similarity within RAG pipelines, covering optimization, trade-offs, and metadata usage.",1672,0.8692828279674252,17
d1352,Throughput best practices and benchmark,https://example.com/throughput/1352,benchmark,"production,pytorch","This benchmark explains throughput within RAG pipelines, covering optimization, trade-offs, and metadata usage.",1345,0.2923704394046671,102
d1353,Mpnet best practices and doc,https://example.com/mpnet/1353,doc,"pytorch,ui","This doc explains mpnet within RAG pipelines, covering optimization, trade-offs, and metadata usage.",2088,0.9344226606912309,186
d1354,Embeddings best practices and tutorial,https://example.com/embeddings/1354,tutorial,"sklearn,ui","This tutorial explains embeddings within RAG pipelines, covering optimization, trade-offs, and metadata usage.",1248,0.5986851582479862,50
d1355,Vector Db best practices and doc,https://example.com/vector-db/1355,doc,python,"This doc explains vector db within RAG pipelines, covering optimization, trade-offs, and metadata usage.",1568,0.842261536725317,46
d1356,Throughput best practices and paper,https://example.com/throughput/1356,paper,"faiss,production","This paper explains throughput within RAG pipelines, covering optimization, trade-offs, and metadata usage.",290,0.7549209734236426,251
d1357,Bert best practices and benchmark,https://example.com/bert/1357,benchmark,"pytorch,sklearn","This benchmark explains bert within RAG pipelines, covering optimization, trade-offs, and metadata usage.",1916,0.4842723249960769,118
d1358,Similarity best practices and blog,https://example.com/similarity/1358,blog,pytorch,"This blog explains similarity within RAG pipelines, covering optimization, trade-offs, and metadata usage.",257,0.4920836804019659,127
d1359,Rag best practices and tutorial,https://example.com/rag/1359,tutorial,python,"This tutorial explains rag within RAG pipelines, covering optimization, trade-offs, and metadata usage.",913,0.633459178557219,225
d1360,Hallucination best practices and benchmark,https://example.com/hallucination/1360,benchmark,"ui,api","This benchmark explains hallucination within RAG pipelines, covering optimization, trade-offs, and metadata usage.",1991,0.2737134276066854,238
d1361,Prompting best practices and benchmark,https://example.com/prompting/1361,benchmark,indexing,"This benchmark explains prompting within RAG pipelines, covering optimization, trade-offs, and metadata usage.",513,0.7943836319875717,179
d1362,Similarity best practices and paper,https://example.com/similarity/1362,paper,"transformers,python","This paper explains similarity within RAG pipelines, covering optimization, trade-offs, and metadata usage.",1057,0.2063461393169982,18
d1363,Fastapi best practices and tutorial,https://example.com/fastapi/1363,tutorial,transformers,"This tutorial explains fastapi within RAG pipelines, covering optimization, trade-offs, and metadata usage.",1307,0.5943989232218849,183
d1364,Evaluation best practices and blog,https://example.com/evaluation/1364,blog,"production,transformers,python","This blog explains evaluation within RAG pipelines, covering optimization, trade-offs, and metadata usage.",410,0.8824828298878389,233
d1365,Mpnet best practices and blog,https://example.com/mpnet/1365,blog,transformers,"This blog explains mpnet within RAG pipelines, covering optimization, trade-offs, and metadata usage.",3075,0.8638778249545502,239
d1366,Metadata best practices and blog,https://example.com/metadata/1366,blog,indexing,"This blog explains metadata within RAG pipelines, covering optimization, trade-offs, and metadata usage.",3275,0.6433121164211419,13
d1367,Vector Db best practices and benchmark,https://example.com/vector-db/1367,benchmark,"ui,sklearn,pytorch","This benchmark explains vector db within RAG pipelines, covering optimization, trade-offs, and metadata usage.",3503,0.5568725445120934,249
d1368,Mpnet best practices and benchmark,https://example.com/mpnet/1368,benchmark,"transformers,production","This benchmark explains mpnet within RAG pipelines, covering optimization, trade-offs, and metadata usage.",977,0.548514813270861,174
d1369,Streamlit best practices and benchmark,https://example.com/streamlit/1369,benchmark,"sklearn,transformers","This benchmark explains streamlit within RAG pipelines, covering optimization, trade-offs, and metadata usage.",196,0.6109549629598374,118
d1370,Ranking best practices and paper,https://example.com/ranking/1370,paper,"python,production,transformers","This paper explains ranking within RAG pipelines, covering optimization, trade-offs, and metadata usage.",1831,0.2456351545220075,185
d1371,Vector Db best practices and doc,https://example.com/vector-db/1371,doc,"production,sklearn","This doc explains vector db within RAG pipelines, covering optimization, trade-offs, and metadata usage.",310,0.7686918365036457,215
d1372,Ranking best practices and benchmark,https://example.com/ranking/1372,benchmark,"pytorch,api","This benchmark explains ranking within RAG pipelines, covering optimization, trade-offs, and metadata usage.",1276,0.6363536443553344,214
d1373,Faiss best practices and doc,https://example.com/faiss/1373,doc,"sklearn,api","This doc explains faiss within RAG pipelines, covering optimization, trade-offs, and metadata usage.",724,0.6167840995560476,57
d1374,Fastapi best practices and tutorial,https://example.com/fastapi/1374,tutorial,"faiss,pytorch","This tutorial explains fastapi within RAG pipelines, covering optimization, trade-offs, and metadata usage.",1778,0.48469365250413593,147
d1375,Retrieval best practices and benchmark,https://example.com/retrieval/1375,benchmark,"faiss,sklearn,production","This benchmark explains retrieval within RAG pipelines, covering optimization, trade-offs, and metadata usage.",1001,0.7910546956910796,127
d1376,Evaluation best practices and tutorial,https://example.com/evaluation/1376,tutorial,production,"This tutorial explains evaluation within RAG pipelines, covering optimization, trade-offs, and metadata usage.",2309,0.27936556452839245,101
d1377,Reranker best practices and blog,https://example.com/reranker/1377,blog,api,"This blog explains reranker within RAG pipelines, covering optimization, trade-offs, and metadata usage.",1452,0.34256926967976375,190
d1378,Faiss best practices and tutorial,https://example.com/faiss/1378,tutorial,"faiss,pytorch,indexing","This tutorial explains faiss within RAG pipelines, covering optimization, trade-offs, and metadata usage.",91,0.2250518472975307,146
d1379,Evaluation best practices and blog,https://example.com/evaluation/1379,blog,"faiss,production","This blog explains evaluation within RAG pipelines, covering optimization, trade-offs, and metadata usage.",1355,0.6649780104623185,258
d1380,Embeddings best practices and doc,https://example.com/embeddings/1380,doc,"faiss,sklearn","This doc explains embeddings within RAG pipelines, covering optimization, trade-offs, and metadata usage.",2739,0.9303183258264853,77
d1381,Metadata best practices and blog,https://example.com/metadata/1381,blog,pytorch,"This blog explains metadata within RAG pipelines, covering optimization, trade-offs, and metadata usage.",3340,0.6771289498140283,16
d1382,Rag best practices and benchmark,https://example.com/rag/1382,benchmark,"ui,faiss,sklearn","This benchmark explains rag within RAG pipelines, covering optimization, trade-offs, and metadata usage.",3254,0.454438342551047,216
d1383,Metadata best practices and doc,https://example.com/metadata/1383,doc,faiss,"This doc explains metadata within RAG pipelines, covering optimization, trade-offs, and metadata usage.",2873,0.5131551769463691,66
d1384,Vector Db best practices and paper,https://example.com/vector-db/1384,paper,"pytorch,indexing,ui","This paper explains vector db within RAG pipelines, covering optimization, trade-offs, and metadata usage.",1422,0.5058280479974304,212
d1385,Rag best practices and tutorial,https://example.com/rag/1385,tutorial,"pytorch,api","This tutorial explains rag within RAG pipelines, covering optimization, trade-offs, and metadata usage.",90,0.3612662662982874,98
d1386,Ranking best practices and tutorial,https://example.com/ranking/1386,tutorial,ui,"This tutorial explains ranking within RAG pipelines, covering optimization, trade-offs, and metadata usage.",1212,0.26391625683239656,271
d1387,Embeddings best practices and paper,https://example.com/embeddings/1387,paper,"transformers,pytorch","This paper explains embeddings within RAG pipelines, covering optimization, trade-offs, and metadata usage.",1691,0.23256504517576548,155
d1388,Mpnet best practices and doc,https://example.com/mpnet/1388,doc,"api,sklearn","This doc explains mpnet within RAG pipelines, covering optimization, trade-offs, and metadata usage.",2454,0.5284276868192475,170
d1389,Faiss best practices and paper,https://example.com/faiss/1389,paper,transformers,"This paper explains faiss within RAG pipelines, covering optimization, trade-offs, and metadata usage.",518,0.21953933928313024,150
d1390,Throughput best practices and paper,https://example.com/throughput/1390,paper,"indexing,production,api","This paper explains throughput within RAG pipelines, covering optimization, trade-offs, and metadata usage.",2643,0.49833104085676266,195
d1391,Embeddings best practices and benchmark,https://example.com/embeddings/1391,benchmark,"faiss,indexing,ui","This benchmark explains embeddings within RAG pipelines, covering optimization, trade-offs, and metadata usage.",2657,0.6564603040568586,79
d1392,Bert best practices and doc,https://example.com/bert/1392,doc,"transformers,pytorch","This doc explains bert within RAG pipelines, covering optimization, trade-offs, and metadata usage.",1011,0.3575036291191992,19
d1393,Ranking best practices and tutorial,https://example.com/ranking/1393,tutorial,ui,"This tutorial explains ranking within RAG pipelines, covering optimization, trade-offs, and metadata usage.",373,0.21038573448047596,277
d1394,Throughput best practices and doc,https://example.com/throughput/1394,doc,"pytorch,indexing,ui","This doc explains throughput within RAG pipelines, covering optimization, trade-offs, and metadata usage.",1901,0.4378772709936791,208
d1395,Embeddings best practices and blog,https://example.com/embeddings/1395,blog,"python,faiss,ui","This blog explains embeddings within RAG pipelines, covering optimization, trade-offs, and metadata usage.",2363,0.4777456062021343,296
d1396,Bert best practices and doc,https://example.com/bert/1396,doc,"faiss,sklearn","This doc explains bert within RAG pipelines, covering optimization, trade-offs, and metadata usage.",863,0.7622984877097361,221
d1397,Latency best practices and benchmark,https://example.com/latency/1397,benchmark,"faiss,production","This benchmark explains latency within RAG pipelines, covering optimization, trade-offs, and metadata usage.",3368,0.6459265288377314,84
d1398,Prompting best practices and doc,https://example.com/prompting/1398,doc,"sklearn,indexing,transformers","This doc explains prompting within RAG pipelines, covering optimization, trade-offs, and metadata usage.",601,0.3267772599047229,100
d1399,Rag best practices and paper,https://example.com/rag/1399,paper,"production,pytorch,indexing","This paper explains rag within RAG pipelines, covering optimization, trade-offs, and metadata usage.",1883,0.7423033156107837,72
d1400,Fastapi best practices and blog,https://example.com/fastapi/1400,blog,"faiss,sklearn,production","This blog explains fastapi within RAG pipelines, covering optimization, trade-offs, and metadata usage.",988,0.6226021220468612,271
d1401,Prompting best practices and tutorial,https://example.com/prompting/1401,tutorial,pytorch,"This tutorial explains prompting within RAG pipelines, covering optimization, trade-offs, and metadata usage.",3191,0.570555970981755,212
d1402,Bm25 best practices and blog,https://example.com/bm25/1402,blog,"ui,transformers","This blog explains bm25 within RAG pipelines, covering optimization, trade-offs, and metadata usage.",1062,0.7426511629224113,232
d1403,Streamlit best practices and doc,https://example.com/streamlit/1403,doc,"faiss,indexing,ui","This doc explains streamlit within RAG pipelines, covering optimization, trade-offs, and metadata usage.",3562,0.28939451329297844,290
d1404,Throughput best practices and doc,https://example.com/throughput/1404,doc,"pytorch,transformers,production","This doc explains throughput within RAG pipelines, covering optimization, trade-offs, and metadata usage.",1563,0.473560760218027,165
d1405,Ranking best practices and benchmark,https://example.com/ranking/1405,benchmark,"pytorch,python","This benchmark explains ranking within RAG pipelines, covering optimization, trade-offs, and metadata usage.",1063,0.49699444353527705,172
d1406,Hallucination best practices and tutorial,https://example.com/hallucination/1406,tutorial,"python,sklearn","This tutorial explains hallucination within RAG pipelines, covering optimization, trade-offs, and metadata usage.",3400,0.6482286267198822,51
d1407,Latency best practices and blog,https://example.com/latency/1407,blog,"indexing,pytorch,api","This blog explains latency within RAG pipelines, covering optimization, trade-offs, and metadata usage.",2687,0.620913142087091,285
d1408,Latency best practices and tutorial,https://example.com/latency/1408,tutorial,"python,api,indexing","This tutorial explains latency within RAG pipelines, covering optimization, trade-offs, and metadata usage.",2573,0.9266102931973679,211
d1409,Retrieval best practices and benchmark,https://example.com/retrieval/1409,benchmark,transformers,"This benchmark explains retrieval within RAG pipelines, covering optimization, trade-offs, and metadata usage.",2085,0.43764131433494297,229
d1410,Fastapi best practices and doc,https://example.com/fastapi/1410,doc,"production,api","This doc explains fastapi within RAG pipelines, covering optimization, trade-offs, and metadata usage.",700,0.24332301094610714,1
d1411,Streamlit best practices and tutorial,https://example.com/streamlit/1411,tutorial,api,"This tutorial explains streamlit within RAG pipelines, covering optimization, trade-offs, and metadata usage.",261,0.5889745065100147,272
d1412,Evaluation best practices and doc,https://example.com/evaluation/1412,doc,"api,sklearn,faiss","This doc explains evaluation within RAG pipelines, covering optimization, trade-offs, and metadata usage.",558,0.7565373149906904,259
d1413,Similarity best practices and doc,https://example.com/similarity/1413,doc,"python,transformers,sklearn","This doc explains similarity within RAG pipelines, covering optimization, trade-offs, and metadata usage.",326,0.5408462961231477,267
d1414,Latency best practices and benchmark,https://example.com/latency/1414,benchmark,pytorch,"This benchmark explains latency within RAG pipelines, covering optimization, trade-offs, and metadata usage.",434,0.5962193672032676,0
d1415,Bm25 best practices and tutorial,https://example.com/bm25/1415,tutorial,"sklearn,production,transformers","This tutorial explains bm25 within RAG pipelines, covering optimization, trade-offs, and metadata usage.",3351,0.9256640039540422,73
d1416,Bm25 best practices and paper,https://example.com/bm25/1416,paper,sklearn,"This paper explains bm25 within RAG pipelines, covering optimization, trade-offs, and metadata usage.",1920,0.6150300287935164,8
d1417,Bm25 best practices and benchmark,https://example.com/bm25/1417,benchmark,"faiss,indexing,pytorch","This benchmark explains bm25 within RAG pipelines, covering optimization, trade-offs, and metadata usage.",1853,0.5916326419937987,30
d1418,Metadata best practices and blog,https://example.com/metadata/1418,blog,faiss,"This blog explains metadata within RAG pipelines, covering optimization, trade-offs, and metadata usage.",291,0.8747695637721904,183
d1419,Latency best practices and tutorial,https://example.com/latency/1419,tutorial,pytorch,"This tutorial explains latency within RAG pipelines, covering optimization, trade-offs, and metadata usage.",2199,0.2929146522753703,62
d1420,Bm25 best practices and tutorial,https://example.com/bm25/1420,tutorial,"python,production","This tutorial explains bm25 within RAG pipelines, covering optimization, trade-offs, and metadata usage.",1826,0.8652669429187876,221
d1421,Ranking best practices and benchmark,https://example.com/ranking/1421,benchmark,"python,production","This benchmark explains ranking within RAG pipelines, covering optimization, trade-offs, and metadata usage.",413,0.3740187153552497,25
d1422,Embeddings best practices and benchmark,https://example.com/embeddings/1422,benchmark,"transformers,pytorch,python","This benchmark explains embeddings within RAG pipelines, covering optimization, trade-offs, and metadata usage.",3583,0.41876606860055055,153
d1423,Fastapi best practices and benchmark,https://example.com/fastapi/1423,benchmark,sklearn,"This benchmark explains fastapi within RAG pipelines, covering optimization, trade-offs, and metadata usage.",1208,0.5220281567751337,110
d1424,Retrieval best practices and tutorial,https://example.com/retrieval/1424,tutorial,"pytorch,ui","This tutorial explains retrieval within RAG pipelines, covering optimization, trade-offs, and metadata usage.",272,0.6380164631196404,42
d1425,Rag best practices and blog,https://example.com/rag/1425,blog,ui,"This blog explains rag within RAG pipelines, covering optimization, trade-offs, and metadata usage.",1611,0.40500747761742517,3
d1426,Faiss best practices and tutorial,https://example.com/faiss/1426,tutorial,"python,ui","This tutorial explains faiss within RAG pipelines, covering optimization, trade-offs, and metadata usage.",1399,0.9105377837763251,215
d1427,Similarity best practices and blog,https://example.com/similarity/1427,blog,"ui,faiss,production","This blog explains similarity within RAG pipelines, covering optimization, trade-offs, and metadata usage.",54,0.5973721500483202,91
d1428,Ranking best practices and doc,https://example.com/ranking/1428,doc,"pytorch,api","This doc explains ranking within RAG pipelines, covering optimization, trade-offs, and metadata usage.",1440,0.28668410476525136,298
d1429,Metadata best practices and benchmark,https://example.com/metadata/1429,benchmark,"python,api,transformers","This benchmark explains metadata within RAG pipelines, covering optimization, trade-offs, and metadata usage.",2770,0.6744367830464313,62
d1430,Reranker best practices and doc,https://example.com/reranker/1430,doc,"indexing,pytorch,python","This doc explains reranker within RAG pipelines, covering optimization, trade-offs, and metadata usage.",614,0.5598833602830439,98
d1431,Reranker best practices and blog,https://example.com/reranker/1431,blog,"api,transformers,indexing","This blog explains reranker within RAG pipelines, covering optimization, trade-offs, and metadata usage.",1956,0.5591603742012075,79
d1432,Metadata best practices and paper,https://example.com/metadata/1432,paper,ui,"This paper explains metadata within RAG pipelines, covering optimization, trade-offs, and metadata usage.",286,0.454596477928018,3
d1433,Latency best practices and paper,https://example.com/latency/1433,paper,"api,production","This paper explains latency within RAG pipelines, covering optimization, trade-offs, and metadata usage.",3025,0.23357711749131152,81
d1434,Fastapi best practices and doc,https://example.com/fastapi/1434,doc,"transformers,python","This doc explains fastapi within RAG pipelines, covering optimization, trade-offs, and metadata usage.",3580,0.9184398745765514,44
d1435,Vector Db best practices and blog,https://example.com/vector-db/1435,blog,"production,sklearn,api","This blog explains vector db within RAG pipelines, covering optimization, trade-offs, and metadata usage.",2567,0.48703290769822233,268
d1436,Bert best practices and doc,https://example.com/bert/1436,doc,pytorch,"This doc explains bert within RAG pipelines, covering optimization, trade-offs, and metadata usage.",3235,0.4993667224824145,195
d1437,Prompting best practices and tutorial,https://example.com/prompting/1437,tutorial,"python,api,sklearn","This tutorial explains prompting within RAG pipelines, covering optimization, trade-offs, and metadata usage.",1064,0.4378457559174006,299
d1438,Latency best practices and blog,https://example.com/latency/1438,blog,"indexing,transformers,pytorch","This blog explains latency within RAG pipelines, covering optimization, trade-offs, and metadata usage.",3080,0.2978506660793212,199
d1439,Fastapi best practices and blog,https://example.com/fastapi/1439,blog,sklearn,"This blog explains fastapi within RAG pipelines, covering optimization, trade-offs, and metadata usage.",93,0.30197704254527885,203
d1440,Mpnet best practices and paper,https://example.com/mpnet/1440,paper,"indexing,faiss,python","This paper explains mpnet within RAG pipelines, covering optimization, trade-offs, and metadata usage.",983,0.774101288322504,213
d1441,Bert best practices and tutorial,https://example.com/bert/1441,tutorial,"python,transformers,faiss","This tutorial explains bert within RAG pipelines, covering optimization, trade-offs, and metadata usage.",2891,0.7462241490054942,229
d1442,Rag best practices and doc,https://example.com/rag/1442,doc,"api,production","This doc explains rag within RAG pipelines, covering optimization, trade-offs, and metadata usage.",765,0.633914186986914,299
d1443,Streamlit best practices and benchmark,https://example.com/streamlit/1443,benchmark,"api,pytorch,ui","This benchmark explains streamlit within RAG pipelines, covering optimization, trade-offs, and metadata usage.",521,0.32409472729633726,57
d1444,Fastapi best practices and blog,https://example.com/fastapi/1444,blog,"faiss,python","This blog explains fastapi within RAG pipelines, covering optimization, trade-offs, and metadata usage.",1284,0.8987858600369347,239
d1445,Embeddings best practices and blog,https://example.com/embeddings/1445,blog,"indexing,sklearn,python","This blog explains embeddings within RAG pipelines, covering optimization, trade-offs, and metadata usage.",1243,0.5778129253498228,6
d1446,Metadata best practices and blog,https://example.com/metadata/1446,blog,"ui,python,faiss","This blog explains metadata within RAG pipelines, covering optimization, trade-offs, and metadata usage.",597,0.2866144052172117,1
d1447,Throughput best practices and benchmark,https://example.com/throughput/1447,benchmark,"indexing,pytorch,sklearn","This benchmark explains throughput within RAG pipelines, covering optimization, trade-offs, and metadata usage.",3579,0.7174550222090545,130
d1448,Similarity best practices and paper,https://example.com/similarity/1448,paper,production,"This paper explains similarity within RAG pipelines, covering optimization, trade-offs, and metadata usage.",829,0.39544174586107395,120
d1449,Prompting best practices and paper,https://example.com/prompting/1449,paper,faiss,"This paper explains prompting within RAG pipelines, covering optimization, trade-offs, and metadata usage.",1104,0.5949731999339187,197
d1450,Mpnet best practices and paper,https://example.com/mpnet/1450,paper,"sklearn,production","This paper explains mpnet within RAG pipelines, covering optimization, trade-offs, and metadata usage.",2524,0.9169882020051512,238
d1451,Prompting best practices and tutorial,https://example.com/prompting/1451,tutorial,"faiss,python,ui","This tutorial explains prompting within RAG pipelines, covering optimization, trade-offs, and metadata usage.",1472,0.4579311465986908,112
d1452,Throughput best practices and tutorial,https://example.com/throughput/1452,tutorial,"api,indexing,sklearn","This tutorial explains throughput within RAG pipelines, covering optimization, trade-offs, and metadata usage.",1967,0.23039527557219686,163
d1453,Throughput best practices and tutorial,https://example.com/throughput/1453,tutorial,"sklearn,indexing","This tutorial explains throughput within RAG pipelines, covering optimization, trade-offs, and metadata usage.",1295,0.6940570178340029,236
d1454,Fastapi best practices and doc,https://example.com/fastapi/1454,doc,"api,production,indexing","This doc explains fastapi within RAG pipelines, covering optimization, trade-offs, and metadata usage.",1977,0.40637266226000823,214
d1455,Random Forest best practices and tutorial,https://example.com/random-forest/1455,tutorial,transformers,"This tutorial explains random forest within RAG pipelines, covering optimization, trade-offs, and metadata usage.",920,0.5928366431776959,59
d1456,Evaluation best practices and tutorial,https://example.com/evaluation/1456,tutorial,"faiss,production","This tutorial explains evaluation within RAG pipelines, covering optimization, trade-offs, and metadata usage.",1866,0.4394676818344033,8
d1457,Throughput best practices and tutorial,https://example.com/throughput/1457,tutorial,"production,pytorch,api","This tutorial explains throughput within RAG pipelines, covering optimization, trade-offs, and metadata usage.",2855,0.4803896786026178,59
d1458,Evaluation best practices and doc,https://example.com/evaluation/1458,doc,"api,sklearn,pytorch","This doc explains evaluation within RAG pipelines, covering optimization, trade-offs, and metadata usage.",2137,0.8348715096900488,144
d1459,Fastapi best practices and blog,https://example.com/fastapi/1459,blog,sklearn,"This blog explains fastapi within RAG pipelines, covering optimization, trade-offs, and metadata usage.",377,0.815048366017247,211
d1460,Retrieval best practices and blog,https://example.com/retrieval/1460,blog,"indexing,ui,production","This blog explains retrieval within RAG pipelines, covering optimization, trade-offs, and metadata usage.",2558,0.6507134332623246,236
d1461,Prompting best practices and blog,https://example.com/prompting/1461,blog,"ui,pytorch","This blog explains prompting within RAG pipelines, covering optimization, trade-offs, and metadata usage.",1867,0.6032794887903004,183
d1462,Prompting best practices and tutorial,https://example.com/prompting/1462,tutorial,"transformers,indexing","This tutorial explains prompting within RAG pipelines, covering optimization, trade-offs, and metadata usage.",1153,0.23821548354211508,213
d1463,Evaluation best practices and benchmark,https://example.com/evaluation/1463,benchmark,"python,sklearn,api","This benchmark explains evaluation within RAG pipelines, covering optimization, trade-offs, and metadata usage.",1787,0.2409417874448196,168
d1464,Fastapi best practices and paper,https://example.com/fastapi/1464,paper,"pytorch,indexing","This paper explains fastapi within RAG pipelines, covering optimization, trade-offs, and metadata usage.",1193,0.84501783716259,107
d1465,Vector Db best practices and benchmark,https://example.com/vector-db/1465,benchmark,indexing,"This benchmark explains vector db within RAG pipelines, covering optimization, trade-offs, and metadata usage.",1259,0.732396724420624,71
d1466,Ranking best practices and doc,https://example.com/ranking/1466,doc,"pytorch,faiss","This doc explains ranking within RAG pipelines, covering optimization, trade-offs, and metadata usage.",297,0.754831221200795,183
d1467,Random Forest best practices and doc,https://example.com/random-forest/1467,doc,api,"This doc explains random forest within RAG pipelines, covering optimization, trade-offs, and metadata usage.",182,0.299545360444487,47
d1468,Faiss best practices and benchmark,https://example.com/faiss/1468,benchmark,"api,indexing,pytorch","This benchmark explains faiss within RAG pipelines, covering optimization, trade-offs, and metadata usage.",647,0.3404229695673886,172
d1469,Random Forest best practices and paper,https://example.com/random-forest/1469,paper,python,"This paper explains random forest within RAG pipelines, covering optimization, trade-offs, and metadata usage.",746,0.30833854963945495,248
d1470,Bm25 best practices and doc,https://example.com/bm25/1470,doc,"production,faiss,sklearn","This doc explains bm25 within RAG pipelines, covering optimization, trade-offs, and metadata usage.",2290,0.6823097582671971,272
d1471,Ranking best practices and blog,https://example.com/ranking/1471,blog,"production,ui","This blog explains ranking within RAG pipelines, covering optimization, trade-offs, and metadata usage.",2742,0.5984911121091719,143
d1472,Latency best practices and blog,https://example.com/latency/1472,blog,ui,"This blog explains latency within RAG pipelines, covering optimization, trade-offs, and metadata usage.",109,0.2948088077313792,236
d1473,Random Forest best practices and paper,https://example.com/random-forest/1473,paper,"pytorch,sklearn","This paper explains random forest within RAG pipelines, covering optimization, trade-offs, and metadata usage.",842,0.6635068327868214,120
d1474,Rag best practices and paper,https://example.com/rag/1474,paper,ui,"This paper explains rag within RAG pipelines, covering optimization, trade-offs, and metadata usage.",2130,0.9281244873928516,260
d1475,Retrieval best practices and blog,https://example.com/retrieval/1475,blog,python,"This blog explains retrieval within RAG pipelines, covering optimization, trade-offs, and metadata usage.",2435,0.22763865545753986,14
d1476,Mpnet best practices and paper,https://example.com/mpnet/1476,paper,"sklearn,faiss,ui","This paper explains mpnet within RAG pipelines, covering optimization, trade-offs, and metadata usage.",3532,0.521568427441798,290
d1477,Faiss best practices and paper,https://example.com/faiss/1477,paper,"python,sklearn","This paper explains faiss within RAG pipelines, covering optimization, trade-offs, and metadata usage.",2316,0.47087998281326776,265
d1478,Metadata best practices and doc,https://example.com/metadata/1478,doc,"indexing,ui","This doc explains metadata within RAG pipelines, covering optimization, trade-offs, and metadata usage.",2055,0.5661889177109747,192
d1479,Retrieval best practices and tutorial,https://example.com/retrieval/1479,tutorial,"indexing,sklearn,production","This tutorial explains retrieval within RAG pipelines, covering optimization, trade-offs, and metadata usage.",2437,0.24083032054580586,263
d1480,Similarity best practices and paper,https://example.com/similarity/1480,paper,"production,transformers","This paper explains similarity within RAG pipelines, covering optimization, trade-offs, and metadata usage.",2654,0.3982371892482379,143
d1481,Rag best practices and tutorial,https://example.com/rag/1481,tutorial,faiss,"This tutorial explains rag within RAG pipelines, covering optimization, trade-offs, and metadata usage.",297,0.9147098855186089,47
d1482,Hallucination best practices and blog,https://example.com/hallucination/1482,blog,"ui,transformers","This blog explains hallucination within RAG pipelines, covering optimization, trade-offs, and metadata usage.",426,0.30594460692957004,212
d1483,Retrieval best practices and paper,https://example.com/retrieval/1483,paper,"sklearn,indexing","This paper explains retrieval within RAG pipelines, covering optimization, trade-offs, and metadata usage.",1215,0.87283238296749,231
d1484,Similarity best practices and benchmark,https://example.com/similarity/1484,benchmark,python,"This benchmark explains similarity within RAG pipelines, covering optimization, trade-offs, and metadata usage.",1535,0.3270804504087864,27
d1485,Latency best practices and doc,https://example.com/latency/1485,doc,"ui,sklearn,api","This doc explains latency within RAG pipelines, covering optimization, trade-offs, and metadata usage.",1603,0.6021766512665725,252
d1486,Embeddings best practices and benchmark,https://example.com/embeddings/1486,benchmark,"python,faiss","This benchmark explains embeddings within RAG pipelines, covering optimization, trade-offs, and metadata usage.",1088,0.9179143619070047,23
d1487,Bert best practices and blog,https://example.com/bert/1487,blog,"sklearn,transformers","This blog explains bert within RAG pipelines, covering optimization, trade-offs, and metadata usage.",1484,0.9087476209207537,113
d1488,Ranking best practices and tutorial,https://example.com/ranking/1488,tutorial,pytorch,"This tutorial explains ranking within RAG pipelines, covering optimization, trade-offs, and metadata usage.",1922,0.612057118505104,236
d1489,Evaluation best practices and tutorial,https://example.com/evaluation/1489,tutorial,sklearn,"This tutorial explains evaluation within RAG pipelines, covering optimization, trade-offs, and metadata usage.",1747,0.3956080532827033,67
d1490,Ranking best practices and tutorial,https://example.com/ranking/1490,tutorial,pytorch,"This tutorial explains ranking within RAG pipelines, covering optimization, trade-offs, and metadata usage.",486,0.8415752672277528,221
d1491,Fastapi best practices and benchmark,https://example.com/fastapi/1491,benchmark,"faiss,pytorch","This benchmark explains fastapi within RAG pipelines, covering optimization, trade-offs, and metadata usage.",1662,0.7770053381911917,299
d1492,Streamlit best practices and blog,https://example.com/streamlit/1492,blog,python,"This blog explains streamlit within RAG pipelines, covering optimization, trade-offs, and metadata usage.",1299,0.5865232616220404,96
d1493,Ranking best practices and blog,https://example.com/ranking/1493,blog,production,"This blog explains ranking within RAG pipelines, covering optimization, trade-offs, and metadata usage.",2953,0.6317046855136726,287
d1494,Streamlit best practices and blog,https://example.com/streamlit/1494,blog,ui,"This blog explains streamlit within RAG pipelines, covering optimization, trade-offs, and metadata usage.",1900,0.752948390068882,229
d1495,Reranker best practices and tutorial,https://example.com/reranker/1495,tutorial,"faiss,sklearn","This tutorial explains reranker within RAG pipelines, covering optimization, trade-offs, and metadata usage.",585,0.354568384188283,250
d1496,Faiss best practices and benchmark,https://example.com/faiss/1496,benchmark,"production,python","This benchmark explains faiss within RAG pipelines, covering optimization, trade-offs, and metadata usage.",2581,0.3483533402548772,31
d1497,Faiss best practices and paper,https://example.com/faiss/1497,paper,"api,python","This paper explains faiss within RAG pipelines, covering optimization, trade-offs, and metadata usage.",2552,0.9444888458746523,56
d1498,Bm25 best practices and tutorial,https://example.com/bm25/1498,tutorial,"ui,indexing","This tutorial explains bm25 within RAG pipelines, covering optimization, trade-offs, and metadata usage.",1129,0.6859169012473699,249
d1499,Reranker best practices and doc,https://example.com/reranker/1499,doc,ui,"This doc explains reranker within RAG pipelines, covering optimization, trade-offs, and metadata usage.",2331,0.5256115882702797,2
d1500,Fastapi best practices and tutorial,https://example.com/fastapi/1500,tutorial,"pytorch,production","This tutorial explains fastapi within RAG pipelines, covering optimization, trade-offs, and metadata usage.",1736,0.8600419992560431,274
d1501,Reranker best practices and benchmark,https://example.com/reranker/1501,benchmark,"api,python,faiss","This benchmark explains reranker within RAG pipelines, covering optimization, trade-offs, and metadata usage.",3116,0.6816936028813245,196
d1502,Similarity best practices and paper,https://example.com/similarity/1502,paper,"pytorch,sklearn","This paper explains similarity within RAG pipelines, covering optimization, trade-offs, and metadata usage.",2175,0.4356249589306894,71
d1503,Metadata best practices and blog,https://example.com/metadata/1503,blog,"indexing,faiss","This blog explains metadata within RAG pipelines, covering optimization, trade-offs, and metadata usage.",376,0.7483729321574011,161
d1504,Prompting best practices and benchmark,https://example.com/prompting/1504,benchmark,transformers,"This benchmark explains prompting within RAG pipelines, covering optimization, trade-offs, and metadata usage.",3104,0.5615830401908184,195
d1505,Random Forest best practices and blog,https://example.com/random-forest/1505,blog,faiss,"This blog explains random forest within RAG pipelines, covering optimization, trade-offs, and metadata usage.",2703,0.9145881121815875,271
d1506,Similarity best practices and tutorial,https://example.com/similarity/1506,tutorial,production,"This tutorial explains similarity within RAG pipelines, covering optimization, trade-offs, and metadata usage.",2489,0.7859783879598885,54
d1507,Metadata best practices and blog,https://example.com/metadata/1507,blog,indexing,"This blog explains metadata within RAG pipelines, covering optimization, trade-offs, and metadata usage.",1238,0.46510615385431137,244
d1508,Latency best practices and blog,https://example.com/latency/1508,blog,"sklearn,transformers","This blog explains latency within RAG pipelines, covering optimization, trade-offs, and metadata usage.",1375,0.405938001996832,144
d1509,Similarity best practices and blog,https://example.com/similarity/1509,blog,"sklearn,transformers,pytorch","This blog explains similarity within RAG pipelines, covering optimization, trade-offs, and metadata usage.",1336,0.776612969948119,165
d1510,Similarity best practices and paper,https://example.com/similarity/1510,paper,"ui,indexing,pytorch","This paper explains similarity within RAG pipelines, covering optimization, trade-offs, and metadata usage.",211,0.21623965627402764,48
d1511,Random Forest best practices and benchmark,https://example.com/random-forest/1511,benchmark,"api,production,python","This benchmark explains random forest within RAG pipelines, covering optimization, trade-offs, and metadata usage.",1626,0.7578321374495782,269
d1512,Streamlit best practices and paper,https://example.com/streamlit/1512,paper,"faiss,sklearn","This paper explains streamlit within RAG pipelines, covering optimization, trade-offs, and metadata usage.",2637,0.5761556840749213,7
d1513,Vector Db best practices and doc,https://example.com/vector-db/1513,doc,transformers,"This doc explains vector db within RAG pipelines, covering optimization, trade-offs, and metadata usage.",2088,0.5993975968887,133
d1514,Prompting best practices and doc,https://example.com/prompting/1514,doc,"indexing,sklearn,api","This doc explains prompting within RAG pipelines, covering optimization, trade-offs, and metadata usage.",1322,0.652390019804503,175
d1515,Reranker best practices and blog,https://example.com/reranker/1515,blog,api,"This blog explains reranker within RAG pipelines, covering optimization, trade-offs, and metadata usage.",1125,0.7372526000972022,209
d1516,Evaluation best practices and blog,https://example.com/evaluation/1516,blog,"transformers,indexing,faiss","This blog explains evaluation within RAG pipelines, covering optimization, trade-offs, and metadata usage.",174,0.24437123487326007,5
d1517,Bm25 best practices and paper,https://example.com/bm25/1517,paper,"python,ui","This paper explains bm25 within RAG pipelines, covering optimization, trade-offs, and metadata usage.",130,0.3726585190845022,56
d1518,Vector Db best practices and doc,https://example.com/vector-db/1518,doc,"indexing,transformers,faiss","This doc explains vector db within RAG pipelines, covering optimization, trade-offs, and metadata usage.",2519,0.26534698403537993,33
d1519,Ranking best practices and paper,https://example.com/ranking/1519,paper,pytorch,"This paper explains ranking within RAG pipelines, covering optimization, trade-offs, and metadata usage.",2534,0.9211499319058529,100
d1520,Prompting best practices and blog,https://example.com/prompting/1520,blog,"python,indexing,production","This blog explains prompting within RAG pipelines, covering optimization, trade-offs, and metadata usage.",1227,0.48766392270051767,283
d1521,Ranking best practices and doc,https://example.com/ranking/1521,doc,"sklearn,indexing,transformers","This doc explains ranking within RAG pipelines, covering optimization, trade-offs, and metadata usage.",923,0.2409778994981445,159
d1522,Metadata best practices and tutorial,https://example.com/metadata/1522,tutorial,pytorch,"This tutorial explains metadata within RAG pipelines, covering optimization, trade-offs, and metadata usage.",2466,0.7034603216746966,265
d1523,Hallucination best practices and paper,https://example.com/hallucination/1523,paper,faiss,"This paper explains hallucination within RAG pipelines, covering optimization, trade-offs, and metadata usage.",2307,0.8896490485889619,204
d1524,Retrieval best practices and paper,https://example.com/retrieval/1524,paper,faiss,"This paper explains retrieval within RAG pipelines, covering optimization, trade-offs, and metadata usage.",1996,0.8700318619128142,256
d1525,Throughput best practices and benchmark,https://example.com/throughput/1525,benchmark,python,"This benchmark explains throughput within RAG pipelines, covering optimization, trade-offs, and metadata usage.",268,0.5299981789989066,36
d1526,Embeddings best practices and paper,https://example.com/embeddings/1526,paper,"faiss,api,production","This paper explains embeddings within RAG pipelines, covering optimization, trade-offs, and metadata usage.",3581,0.9325027751045496,271
d1527,Faiss best practices and doc,https://example.com/faiss/1527,doc,"python,sklearn,production","This doc explains faiss within RAG pipelines, covering optimization, trade-offs, and metadata usage.",477,0.9358878291431139,2
d1528,Bm25 best practices and benchmark,https://example.com/bm25/1528,benchmark,api,"This benchmark explains bm25 within RAG pipelines, covering optimization, trade-offs, and metadata usage.",2391,0.4752271205797746,5
d1529,Faiss best practices and paper,https://example.com/faiss/1529,paper,"python,transformers,indexing","This paper explains faiss within RAG pipelines, covering optimization, trade-offs, and metadata usage.",2494,0.4830438285537409,166
d1530,Retrieval best practices and tutorial,https://example.com/retrieval/1530,tutorial,"pytorch,faiss,sklearn","This tutorial explains retrieval within RAG pipelines, covering optimization, trade-offs, and metadata usage.",2191,0.8792961729731414,111
d1531,Streamlit best practices and benchmark,https://example.com/streamlit/1531,benchmark,"python,sklearn,indexing","This benchmark explains streamlit within RAG pipelines, covering optimization, trade-offs, and metadata usage.",78,0.7277796013724669,89
d1532,Bm25 best practices and blog,https://example.com/bm25/1532,blog,"indexing,production","This blog explains bm25 within RAG pipelines, covering optimization, trade-offs, and metadata usage.",1470,0.5844642623505862,295
d1533,Bert best practices and blog,https://example.com/bert/1533,blog,"ui,production,api","This blog explains bert within RAG pipelines, covering optimization, trade-offs, and metadata usage.",1582,0.441979800757898,19
d1534,Evaluation best practices and benchmark,https://example.com/evaluation/1534,benchmark,"faiss,production,indexing","This benchmark explains evaluation within RAG pipelines, covering optimization, trade-offs, and metadata usage.",1560,0.5024309902585262,124
d1535,Throughput best practices and benchmark,https://example.com/throughput/1535,benchmark,sklearn,"This benchmark explains throughput within RAG pipelines, covering optimization, trade-offs, and metadata usage.",1242,0.7446563925679675,205
d1536,Streamlit best practices and benchmark,https://example.com/streamlit/1536,benchmark,pytorch,"This benchmark explains streamlit within RAG pipelines, covering optimization, trade-offs, and metadata usage.",2001,0.27986742318401514,222
d1537,Hallucination best practices and tutorial,https://example.com/hallucination/1537,tutorial,"production,pytorch","This tutorial explains hallucination within RAG pipelines, covering optimization, trade-offs, and metadata usage.",3602,0.8764218578820204,284
d1538,Fastapi best practices and tutorial,https://example.com/fastapi/1538,tutorial,"transformers,sklearn,faiss","This tutorial explains fastapi within RAG pipelines, covering optimization, trade-offs, and metadata usage.",1389,0.6327308653082739,266
d1539,Similarity best practices and tutorial,https://example.com/similarity/1539,tutorial,api,"This tutorial explains similarity within RAG pipelines, covering optimization, trade-offs, and metadata usage.",2587,0.91192409909327,149
d1540,Vector Db best practices and blog,https://example.com/vector-db/1540,blog,"production,indexing","This blog explains vector db within RAG pipelines, covering optimization, trade-offs, and metadata usage.",1778,0.4453674956435316,274
d1541,Prompting best practices and doc,https://example.com/prompting/1541,doc,"pytorch,sklearn,production","This doc explains prompting within RAG pipelines, covering optimization, trade-offs, and metadata usage.",2683,0.4378482603778999,115
d1542,Fastapi best practices and doc,https://example.com/fastapi/1542,doc,"faiss,transformers,python","This doc explains fastapi within RAG pipelines, covering optimization, trade-offs, and metadata usage.",2526,0.36069186720009644,12
d1543,Ranking best practices and doc,https://example.com/ranking/1543,doc,"ui,python,api","This doc explains ranking within RAG pipelines, covering optimization, trade-offs, and metadata usage.",736,0.5170313108325373,165
d1544,Random Forest best practices and benchmark,https://example.com/random-forest/1544,benchmark,"indexing,faiss","This benchmark explains random forest within RAG pipelines, covering optimization, trade-offs, and metadata usage.",3301,0.5381549548251718,43
d1545,Evaluation best practices and doc,https://example.com/evaluation/1545,doc,"transformers,faiss","This doc explains evaluation within RAG pipelines, covering optimization, trade-offs, and metadata usage.",1720,0.9439470569134942,153
d1546,Metadata best practices and tutorial,https://example.com/metadata/1546,tutorial,"indexing,sklearn,transformers","This tutorial explains metadata within RAG pipelines, covering optimization, trade-offs, and metadata usage.",2916,0.39902491207518487,158
d1547,Vector Db best practices and benchmark,https://example.com/vector-db/1547,benchmark,"transformers,ui,indexing","This benchmark explains vector db within RAG pipelines, covering optimization, trade-offs, and metadata usage.",751,0.5387641218543084,200
d1548,Bm25 best practices and benchmark,https://example.com/bm25/1548,benchmark,api,"This benchmark explains bm25 within RAG pipelines, covering optimization, trade-offs, and metadata usage.",2892,0.572964518158255,250
d1549,Rag best practices and doc,https://example.com/rag/1549,doc,"indexing,transformers","This doc explains rag within RAG pipelines, covering optimization, trade-offs, and metadata usage.",2422,0.51784207282176,9
d1550,Bm25 best practices and blog,https://example.com/bm25/1550,blog,transformers,"This blog explains bm25 within RAG pipelines, covering optimization, trade-offs, and metadata usage.",3486,0.6381046853318837,74
d1551,Rag best practices and paper,https://example.com/rag/1551,paper,"python,pytorch,production","This paper explains rag within RAG pipelines, covering optimization, trade-offs, and metadata usage.",2448,0.596180470190494,48
d1552,Fastapi best practices and blog,https://example.com/fastapi/1552,blog,"production,transformers","This blog explains fastapi within RAG pipelines, covering optimization, trade-offs, and metadata usage.",3374,0.33571446206097,152
d1553,Hallucination best practices and blog,https://example.com/hallucination/1553,blog,"faiss,pytorch","This blog explains hallucination within RAG pipelines, covering optimization, trade-offs, and metadata usage.",2095,0.7845062382351651,130
d1554,Reranker best practices and blog,https://example.com/reranker/1554,blog,python,"This blog explains reranker within RAG pipelines, covering optimization, trade-offs, and metadata usage.",958,0.23396391881872744,82
d1555,Retrieval best practices and blog,https://example.com/retrieval/1555,blog,"sklearn,faiss,api","This blog explains retrieval within RAG pipelines, covering optimization, trade-offs, and metadata usage.",815,0.8476133324730897,58
d1556,Metadata best practices and tutorial,https://example.com/metadata/1556,tutorial,"api,ui","This tutorial explains metadata within RAG pipelines, covering optimization, trade-offs, and metadata usage.",2061,0.2884066030677199,117
d1557,Similarity best practices and paper,https://example.com/similarity/1557,paper,"pytorch,python","This paper explains similarity within RAG pipelines, covering optimization, trade-offs, and metadata usage.",3369,0.5286214483994343,196
d1558,Faiss best practices and paper,https://example.com/faiss/1558,paper,production,"This paper explains faiss within RAG pipelines, covering optimization, trade-offs, and metadata usage.",2263,0.4975054605975512,246
d1559,Vector Db best practices and doc,https://example.com/vector-db/1559,doc,"production,pytorch","This doc explains vector db within RAG pipelines, covering optimization, trade-offs, and metadata usage.",4,0.580765834801823,132
d1560,Evaluation best practices and blog,https://example.com/evaluation/1560,blog,"sklearn,ui,python","This blog explains evaluation within RAG pipelines, covering optimization, trade-offs, and metadata usage.",2153,0.6060874704161681,174
d1561,Throughput best practices and doc,https://example.com/throughput/1561,doc,faiss,"This doc explains throughput within RAG pipelines, covering optimization, trade-offs, and metadata usage.",18,0.8426361332027457,243
d1562,Evaluation best practices and paper,https://example.com/evaluation/1562,paper,"indexing,sklearn,api","This paper explains evaluation within RAG pipelines, covering optimization, trade-offs, and metadata usage.",711,0.29032924535863114,272
d1563,Bm25 best practices and tutorial,https://example.com/bm25/1563,tutorial,"transformers,faiss","This tutorial explains bm25 within RAG pipelines, covering optimization, trade-offs, and metadata usage.",1057,0.9065508002535196,105
d1564,Reranker best practices and paper,https://example.com/reranker/1564,paper,sklearn,"This paper explains reranker within RAG pipelines, covering optimization, trade-offs, and metadata usage.",2473,0.20289791175628116,190
d1565,Latency best practices and doc,https://example.com/latency/1565,doc,"pytorch,indexing","This doc explains latency within RAG pipelines, covering optimization, trade-offs, and metadata usage.",449,0.23916121631175732,207
d1566,Ranking best practices and tutorial,https://example.com/ranking/1566,tutorial,api,"This tutorial explains ranking within RAG pipelines, covering optimization, trade-offs, and metadata usage.",2881,0.7130386559131907,285
d1567,Throughput best practices and blog,https://example.com/throughput/1567,blog,transformers,"This blog explains throughput within RAG pipelines, covering optimization, trade-offs, and metadata usage.",1638,0.3511669457535054,262
d1568,Bm25 best practices and doc,https://example.com/bm25/1568,doc,"python,transformers,pytorch","This doc explains bm25 within RAG pipelines, covering optimization, trade-offs, and metadata usage.",282,0.4841972430916236,66
d1569,Throughput best practices and benchmark,https://example.com/throughput/1569,benchmark,"api,indexing,ui","This benchmark explains throughput within RAG pipelines, covering optimization, trade-offs, and metadata usage.",1658,0.7346598925003951,71
d1570,Retrieval best practices and blog,https://example.com/retrieval/1570,blog,ui,"This blog explains retrieval within RAG pipelines, covering optimization, trade-offs, and metadata usage.",3118,0.6761301642622295,123
d1571,Random Forest best practices and doc,https://example.com/random-forest/1571,doc,ui,"This doc explains random forest within RAG pipelines, covering optimization, trade-offs, and metadata usage.",204,0.4846633303060085,262
d1572,Embeddings best practices and paper,https://example.com/embeddings/1572,paper,faiss,"This paper explains embeddings within RAG pipelines, covering optimization, trade-offs, and metadata usage.",3531,0.46562343122454686,241
d1573,Hallucination best practices and blog,https://example.com/hallucination/1573,blog,api,"This blog explains hallucination within RAG pipelines, covering optimization, trade-offs, and metadata usage.",391,0.7857750556643168,205
d1574,Hallucination best practices and paper,https://example.com/hallucination/1574,paper,"ui,production,api","This paper explains hallucination within RAG pipelines, covering optimization, trade-offs, and metadata usage.",1072,0.7260551465362848,176
d1575,Prompting best practices and paper,https://example.com/prompting/1575,paper,"pytorch,sklearn","This paper explains prompting within RAG pipelines, covering optimization, trade-offs, and metadata usage.",2946,0.6944957583231894,166
d1576,Similarity best practices and benchmark,https://example.com/similarity/1576,benchmark,"faiss,indexing","This benchmark explains similarity within RAG pipelines, covering optimization, trade-offs, and metadata usage.",2485,0.43816617041567973,173
d1577,Bert best practices and paper,https://example.com/bert/1577,paper,"python,sklearn,indexing","This paper explains bert within RAG pipelines, covering optimization, trade-offs, and metadata usage.",2078,0.8032634520209381,43
d1578,Vector Db best practices and tutorial,https://example.com/vector-db/1578,tutorial,"faiss,indexing,transformers","This tutorial explains vector db within RAG pipelines, covering optimization, trade-offs, and metadata usage.",578,0.6527155720861639,207
d1579,Bert best practices and paper,https://example.com/bert/1579,paper,pytorch,"This paper explains bert within RAG pipelines, covering optimization, trade-offs, and metadata usage.",930,0.7560210297123993,215
d1580,Rag best practices and paper,https://example.com/rag/1580,paper,"ui,api,pytorch","This paper explains rag within RAG pipelines, covering optimization, trade-offs, and metadata usage.",3373,0.2803029296237121,179
d1581,Retrieval best practices and paper,https://example.com/retrieval/1581,paper,"pytorch,ui","This paper explains retrieval within RAG pipelines, covering optimization, trade-offs, and metadata usage.",435,0.7273890611792408,64
d1582,Metadata best practices and blog,https://example.com/metadata/1582,blog,"indexing,python,sklearn","This blog explains metadata within RAG pipelines, covering optimization, trade-offs, and metadata usage.",2493,0.7940494063184731,78
d1583,Rag best practices and tutorial,https://example.com/rag/1583,tutorial,api,"This tutorial explains rag within RAG pipelines, covering optimization, trade-offs, and metadata usage.",1064,0.7558943942969083,252
d1584,Evaluation best practices and doc,https://example.com/evaluation/1584,doc,api,"This doc explains evaluation within RAG pipelines, covering optimization, trade-offs, and metadata usage.",3180,0.5749680951407072,38
d1585,Embeddings best practices and doc,https://example.com/embeddings/1585,doc,"pytorch,production","This doc explains embeddings within RAG pipelines, covering optimization, trade-offs, and metadata usage.",2734,0.6415750247151636,55
d1586,Hallucination best practices and doc,https://example.com/hallucination/1586,doc,indexing,"This doc explains hallucination within RAG pipelines, covering optimization, trade-offs, and metadata usage.",3132,0.39598258659227226,12
d1587,Latency best practices and tutorial,https://example.com/latency/1587,tutorial,"python,ui","This tutorial explains latency within RAG pipelines, covering optimization, trade-offs, and metadata usage.",1682,0.7829189894806903,194
d1588,Retrieval best practices and benchmark,https://example.com/retrieval/1588,benchmark,"pytorch,sklearn,production","This benchmark explains retrieval within RAG pipelines, covering optimization, trade-offs, and metadata usage.",1944,0.73136008903449,98
d1589,Embeddings best practices and tutorial,https://example.com/embeddings/1589,tutorial,"pytorch,api","This tutorial explains embeddings within RAG pipelines, covering optimization, trade-offs, and metadata usage.",2394,0.7295980660477364,65
d1590,Mpnet best practices and doc,https://example.com/mpnet/1590,doc,"indexing,transformers","This doc explains mpnet within RAG pipelines, covering optimization, trade-offs, and metadata usage.",287,0.3122669183585981,30
d1591,Streamlit best practices and paper,https://example.com/streamlit/1591,paper,"faiss,transformers","This paper explains streamlit within RAG pipelines, covering optimization, trade-offs, and metadata usage.",2863,0.9188186028098506,22
d1592,Throughput best practices and paper,https://example.com/throughput/1592,paper,"faiss,indexing","This paper explains throughput within RAG pipelines, covering optimization, trade-offs, and metadata usage.",1306,0.6970161793274541,283
d1593,Bm25 best practices and benchmark,https://example.com/bm25/1593,benchmark,transformers,"This benchmark explains bm25 within RAG pipelines, covering optimization, trade-offs, and metadata usage.",1292,0.8216591689072137,185
d1594,Retrieval best practices and blog,https://example.com/retrieval/1594,blog,"indexing,ui","This blog explains retrieval within RAG pipelines, covering optimization, trade-offs, and metadata usage.",580,0.5081971456464924,42
d1595,Bert best practices and benchmark,https://example.com/bert/1595,benchmark,"faiss,ui,api","This benchmark explains bert within RAG pipelines, covering optimization, trade-offs, and metadata usage.",3360,0.8973248747206162,15
d1596,Rag best practices and blog,https://example.com/rag/1596,blog,"faiss,transformers","This blog explains rag within RAG pipelines, covering optimization, trade-offs, and metadata usage.",2088,0.6319394572420746,244
d1597,Embeddings best practices and benchmark,https://example.com/embeddings/1597,benchmark,pytorch,"This benchmark explains embeddings within RAG pipelines, covering optimization, trade-offs, and metadata usage.",290,0.5302826011885902,55
d1598,Ranking best practices and tutorial,https://example.com/ranking/1598,tutorial,"faiss,production,pytorch","This tutorial explains ranking within RAG pipelines, covering optimization, trade-offs, and metadata usage.",789,0.3279832695370205,21
d1599,Metadata best practices and doc,https://example.com/metadata/1599,doc,python,"This doc explains metadata within RAG pipelines, covering optimization, trade-offs, and metadata usage.",187,0.371634875605826,64
d1600,Retrieval best practices and paper,https://example.com/retrieval/1600,paper,"ui,python","This paper explains retrieval within RAG pipelines, covering optimization, trade-offs, and metadata usage.",316,0.7159151491950893,108
d1601,Ranking best practices and blog,https://example.com/ranking/1601,blog,"python,pytorch","This blog explains ranking within RAG pipelines, covering optimization, trade-offs, and metadata usage.",1850,0.5104094362372518,279
d1602,Throughput best practices and paper,https://example.com/throughput/1602,paper,"indexing,api,faiss","This paper explains throughput within RAG pipelines, covering optimization, trade-offs, and metadata usage.",1633,0.24390521470353832,266
d1603,Prompting best practices and benchmark,https://example.com/prompting/1603,benchmark,"ui,transformers,pytorch","This benchmark explains prompting within RAG pipelines, covering optimization, trade-offs, and metadata usage.",2971,0.9058056276850175,31
d1604,Reranker best practices and tutorial,https://example.com/reranker/1604,tutorial,pytorch,"This tutorial explains reranker within RAG pipelines, covering optimization, trade-offs, and metadata usage.",1044,0.7326143284144944,207
d1605,Mpnet best practices and tutorial,https://example.com/mpnet/1605,tutorial,"sklearn,ui,faiss","This tutorial explains mpnet within RAG pipelines, covering optimization, trade-offs, and metadata usage.",521,0.23212249932026727,26
d1606,Similarity best practices and doc,https://example.com/similarity/1606,doc,sklearn,"This doc explains similarity within RAG pipelines, covering optimization, trade-offs, and metadata usage.",760,0.21058156946338155,157
d1607,Ranking best practices and doc,https://example.com/ranking/1607,doc,"api,faiss,sklearn","This doc explains ranking within RAG pipelines, covering optimization, trade-offs, and metadata usage.",2489,0.533013513717774,270
d1608,Hallucination best practices and paper,https://example.com/hallucination/1608,paper,"transformers,ui,indexing","This paper explains hallucination within RAG pipelines, covering optimization, trade-offs, and metadata usage.",536,0.35149162245603527,230
d1609,Latency best practices and benchmark,https://example.com/latency/1609,benchmark,"ui,faiss,sklearn","This benchmark explains latency within RAG pipelines, covering optimization, trade-offs, and metadata usage.",2413,0.9080952090587919,168
d1610,Metadata best practices and tutorial,https://example.com/metadata/1610,tutorial,"python,transformers,production","This tutorial explains metadata within RAG pipelines, covering optimization, trade-offs, and metadata usage.",1216,0.5593513193471842,40
d1611,Random Forest best practices and paper,https://example.com/random-forest/1611,paper,"api,sklearn,production","This paper explains random forest within RAG pipelines, covering optimization, trade-offs, and metadata usage.",2425,0.21948316995992062,83
d1612,Latency best practices and doc,https://example.com/latency/1612,doc,"sklearn,pytorch,python","This doc explains latency within RAG pipelines, covering optimization, trade-offs, and metadata usage.",75,0.6409274810136303,252
d1613,Rag best practices and benchmark,https://example.com/rag/1613,benchmark,"indexing,production,faiss","This benchmark explains rag within RAG pipelines, covering optimization, trade-offs, and metadata usage.",2032,0.3807070054206335,0
d1614,Bm25 best practices and doc,https://example.com/bm25/1614,doc,"pytorch,faiss,ui","This doc explains bm25 within RAG pipelines, covering optimization, trade-offs, and metadata usage.",650,0.397720789451783,58
d1615,Metadata best practices and benchmark,https://example.com/metadata/1615,benchmark,"transformers,pytorch","This benchmark explains metadata within RAG pipelines, covering optimization, trade-offs, and metadata usage.",368,0.49026190984052465,146
d1616,Throughput best practices and doc,https://example.com/throughput/1616,doc,"api,production,sklearn","This doc explains throughput within RAG pipelines, covering optimization, trade-offs, and metadata usage.",1216,0.6234731989814715,109
d1617,Latency best practices and paper,https://example.com/latency/1617,paper,api,"This paper explains latency within RAG pipelines, covering optimization, trade-offs, and metadata usage.",1665,0.5220830641412789,259
d1618,Retrieval best practices and blog,https://example.com/retrieval/1618,blog,python,"This blog explains retrieval within RAG pipelines, covering optimization, trade-offs, and metadata usage.",3432,0.3277528027831928,251
d1619,Retrieval best practices and blog,https://example.com/retrieval/1619,blog,"api,transformers,indexing","This blog explains retrieval within RAG pipelines, covering optimization, trade-offs, and metadata usage.",2171,0.7364246224660784,62
d1620,Ranking best practices and benchmark,https://example.com/ranking/1620,benchmark,"transformers,api","This benchmark explains ranking within RAG pipelines, covering optimization, trade-offs, and metadata usage.",1083,0.7635030047941016,117
d1621,Fastapi best practices and benchmark,https://example.com/fastapi/1621,benchmark,"production,faiss,ui","This benchmark explains fastapi within RAG pipelines, covering optimization, trade-offs, and metadata usage.",2747,0.42847054108186655,173
d1622,Throughput best practices and doc,https://example.com/throughput/1622,doc,"faiss,python,production","This doc explains throughput within RAG pipelines, covering optimization, trade-offs, and metadata usage.",2071,0.7669530627135612,163
d1623,Bert best practices and benchmark,https://example.com/bert/1623,benchmark,production,"This benchmark explains bert within RAG pipelines, covering optimization, trade-offs, and metadata usage.",1363,0.5097076476746796,38
d1624,Throughput best practices and tutorial,https://example.com/throughput/1624,tutorial,"production,python,transformers","This tutorial explains throughput within RAG pipelines, covering optimization, trade-offs, and metadata usage.",957,0.536844592652697,68
d1625,Evaluation best practices and benchmark,https://example.com/evaluation/1625,benchmark,"api,production","This benchmark explains evaluation within RAG pipelines, covering optimization, trade-offs, and metadata usage.",352,0.9338411228588781,72
d1626,Prompting best practices and benchmark,https://example.com/prompting/1626,benchmark,api,"This benchmark explains prompting within RAG pipelines, covering optimization, trade-offs, and metadata usage.",2202,0.2576812478790609,184
d1627,Prompting best practices and blog,https://example.com/prompting/1627,blog,sklearn,"This blog explains prompting within RAG pipelines, covering optimization, trade-offs, and metadata usage.",2823,0.9046812407016833,245
d1628,Ranking best practices and tutorial,https://example.com/ranking/1628,tutorial,"production,python","This tutorial explains ranking within RAG pipelines, covering optimization, trade-offs, and metadata usage.",2102,0.24882331607039487,101
d1629,Faiss best practices and paper,https://example.com/faiss/1629,paper,"production,transformers,indexing","This paper explains faiss within RAG pipelines, covering optimization, trade-offs, and metadata usage.",3189,0.5967476983380201,23
d1630,Rag best practices and blog,https://example.com/rag/1630,blog,"python,api,faiss","This blog explains rag within RAG pipelines, covering optimization, trade-offs, and metadata usage.",821,0.7442896048252654,224
d1631,Ranking best practices and doc,https://example.com/ranking/1631,doc,api,"This doc explains ranking within RAG pipelines, covering optimization, trade-offs, and metadata usage.",1821,0.8299213833907244,77
d1632,Random Forest best practices and doc,https://example.com/random-forest/1632,doc,"sklearn,pytorch","This doc explains random forest within RAG pipelines, covering optimization, trade-offs, and metadata usage.",1321,0.909916166013691,78
d1633,Random Forest best practices and doc,https://example.com/random-forest/1633,doc,api,"This doc explains random forest within RAG pipelines, covering optimization, trade-offs, and metadata usage.",3392,0.6367776138635411,281
d1634,Evaluation best practices and paper,https://example.com/evaluation/1634,paper,"api,pytorch","This paper explains evaluation within RAG pipelines, covering optimization, trade-offs, and metadata usage.",868,0.6340585993389553,112
d1635,Streamlit best practices and doc,https://example.com/streamlit/1635,doc,indexing,"This doc explains streamlit within RAG pipelines, covering optimization, trade-offs, and metadata usage.",3231,0.4671295785765574,283
d1636,Bert best practices and blog,https://example.com/bert/1636,blog,"python,indexing,sklearn","This blog explains bert within RAG pipelines, covering optimization, trade-offs, and metadata usage.",2841,0.8771212306790335,194
d1637,Retrieval best practices and benchmark,https://example.com/retrieval/1637,benchmark,"production,faiss,pytorch","This benchmark explains retrieval within RAG pipelines, covering optimization, trade-offs, and metadata usage.",690,0.2331431143711122,166
d1638,Bert best practices and doc,https://example.com/bert/1638,doc,python,"This doc explains bert within RAG pipelines, covering optimization, trade-offs, and metadata usage.",1149,0.3944690070171098,84
d1639,Rag best practices and paper,https://example.com/rag/1639,paper,"api,faiss","This paper explains rag within RAG pipelines, covering optimization, trade-offs, and metadata usage.",2484,0.39178381520140654,175
d1640,Fastapi best practices and paper,https://example.com/fastapi/1640,paper,"faiss,api,production","This paper explains fastapi within RAG pipelines, covering optimization, trade-offs, and metadata usage.",504,0.6306026051087161,156
d1641,Bm25 best practices and benchmark,https://example.com/bm25/1641,benchmark,"indexing,pytorch","This benchmark explains bm25 within RAG pipelines, covering optimization, trade-offs, and metadata usage.",823,0.3610551946154087,261
d1642,Evaluation best practices and paper,https://example.com/evaluation/1642,paper,"faiss,transformers","This paper explains evaluation within RAG pipelines, covering optimization, trade-offs, and metadata usage.",957,0.3743844746722541,165
d1643,Rag best practices and paper,https://example.com/rag/1643,paper,"transformers,api","This paper explains rag within RAG pipelines, covering optimization, trade-offs, and metadata usage.",3353,0.9320875550302172,206
d1644,Throughput best practices and paper,https://example.com/throughput/1644,paper,"api,indexing","This paper explains throughput within RAG pipelines, covering optimization, trade-offs, and metadata usage.",584,0.6442088936165145,207
d1645,Random Forest best practices and blog,https://example.com/random-forest/1645,blog,indexing,"This blog explains random forest within RAG pipelines, covering optimization, trade-offs, and metadata usage.",707,0.6691289115613308,268
d1646,Ranking best practices and blog,https://example.com/ranking/1646,blog,"pytorch,transformers","This blog explains ranking within RAG pipelines, covering optimization, trade-offs, and metadata usage.",2730,0.7664914890008632,76
d1647,Throughput best practices and blog,https://example.com/throughput/1647,blog,sklearn,"This blog explains throughput within RAG pipelines, covering optimization, trade-offs, and metadata usage.",816,0.8964527286671244,119
d1648,Fastapi best practices and paper,https://example.com/fastapi/1648,paper,"faiss,transformers","This paper explains fastapi within RAG pipelines, covering optimization, trade-offs, and metadata usage.",2438,0.701345838278534,240
d1649,Fastapi best practices and benchmark,https://example.com/fastapi/1649,benchmark,faiss,"This benchmark explains fastapi within RAG pipelines, covering optimization, trade-offs, and metadata usage.",166,0.8779414493085396,277
d1650,Faiss best practices and blog,https://example.com/faiss/1650,blog,"python,api","This blog explains faiss within RAG pipelines, covering optimization, trade-offs, and metadata usage.",2649,0.35202752068985926,134
d1651,Rag best practices and tutorial,https://example.com/rag/1651,tutorial,"faiss,api,pytorch","This tutorial explains rag within RAG pipelines, covering optimization, trade-offs, and metadata usage.",553,0.47796621515782617,90
d1652,Reranker best practices and paper,https://example.com/reranker/1652,paper,"faiss,api","This paper explains reranker within RAG pipelines, covering optimization, trade-offs, and metadata usage.",2451,0.5214759875046748,288
d1653,Faiss best practices and benchmark,https://example.com/faiss/1653,benchmark,"sklearn,pytorch,faiss","This benchmark explains faiss within RAG pipelines, covering optimization, trade-offs, and metadata usage.",2755,0.8389510777188716,18
d1654,Random Forest best practices and blog,https://example.com/random-forest/1654,blog,"api,ui","This blog explains random forest within RAG pipelines, covering optimization, trade-offs, and metadata usage.",452,0.7877129419733655,93
d1655,Rag best practices and paper,https://example.com/rag/1655,paper,"transformers,pytorch,python","This paper explains rag within RAG pipelines, covering optimization, trade-offs, and metadata usage.",392,0.32213543979857806,209
d1656,Retrieval best practices and benchmark,https://example.com/retrieval/1656,benchmark,"python,pytorch","This benchmark explains retrieval within RAG pipelines, covering optimization, trade-offs, and metadata usage.",1590,0.8929062793403162,62
d1657,Rag best practices and doc,https://example.com/rag/1657,doc,"ui,production,indexing","This doc explains rag within RAG pipelines, covering optimization, trade-offs, and metadata usage.",3342,0.7013164372485128,156
d1658,Evaluation best practices and paper,https://example.com/evaluation/1658,paper,production,"This paper explains evaluation within RAG pipelines, covering optimization, trade-offs, and metadata usage.",3248,0.9459487468313614,287
d1659,Metadata best practices and paper,https://example.com/metadata/1659,paper,"sklearn,python,pytorch","This paper explains metadata within RAG pipelines, covering optimization, trade-offs, and metadata usage.",102,0.49345205568811307,21
d1660,Retrieval best practices and tutorial,https://example.com/retrieval/1660,tutorial,"python,indexing","This tutorial explains retrieval within RAG pipelines, covering optimization, trade-offs, and metadata usage.",1893,0.8250219870023061,219
d1661,Embeddings best practices and doc,https://example.com/embeddings/1661,doc,sklearn,"This doc explains embeddings within RAG pipelines, covering optimization, trade-offs, and metadata usage.",2746,0.3871251477749562,230
d1662,Hallucination best practices and doc,https://example.com/hallucination/1662,doc,"transformers,sklearn","This doc explains hallucination within RAG pipelines, covering optimization, trade-offs, and metadata usage.",35,0.8206321323552692,25
d1663,Bert best practices and benchmark,https://example.com/bert/1663,benchmark,"sklearn,indexing","This benchmark explains bert within RAG pipelines, covering optimization, trade-offs, and metadata usage.",3385,0.34595630060281524,280
d1664,Hallucination best practices and doc,https://example.com/hallucination/1664,doc,"sklearn,api","This doc explains hallucination within RAG pipelines, covering optimization, trade-offs, and metadata usage.",2993,0.9310845710432394,47
d1665,Reranker best practices and doc,https://example.com/reranker/1665,doc,faiss,"This doc explains reranker within RAG pipelines, covering optimization, trade-offs, and metadata usage.",3269,0.5168621951215884,111
d1666,Throughput best practices and doc,https://example.com/throughput/1666,doc,"sklearn,faiss,pytorch","This doc explains throughput within RAG pipelines, covering optimization, trade-offs, and metadata usage.",2817,0.49500799430023673,177
d1667,Faiss best practices and blog,https://example.com/faiss/1667,blog,faiss,"This blog explains faiss within RAG pipelines, covering optimization, trade-offs, and metadata usage.",2113,0.5008259429151087,50
d1668,Similarity best practices and benchmark,https://example.com/similarity/1668,benchmark,"faiss,pytorch","This benchmark explains similarity within RAG pipelines, covering optimization, trade-offs, and metadata usage.",247,0.9118476245574569,222
d1669,Faiss best practices and blog,https://example.com/faiss/1669,blog,sklearn,"This blog explains faiss within RAG pipelines, covering optimization, trade-offs, and metadata usage.",2717,0.5112956012121086,206
d1670,Throughput best practices and doc,https://example.com/throughput/1670,doc,indexing,"This doc explains throughput within RAG pipelines, covering optimization, trade-offs, and metadata usage.",166,0.45837216405920284,0
d1671,Fastapi best practices and doc,https://example.com/fastapi/1671,doc,"ui,python","This doc explains fastapi within RAG pipelines, covering optimization, trade-offs, and metadata usage.",538,0.7642613924737891,139
d1672,Latency best practices and tutorial,https://example.com/latency/1672,tutorial,"indexing,pytorch,faiss","This tutorial explains latency within RAG pipelines, covering optimization, trade-offs, and metadata usage.",1656,0.8710289746102635,291
d1673,Metadata best practices and paper,https://example.com/metadata/1673,paper,python,"This paper explains metadata within RAG pipelines, covering optimization, trade-offs, and metadata usage.",1180,0.3535414569057824,92
d1674,Bm25 best practices and blog,https://example.com/bm25/1674,blog,"indexing,api,production","This blog explains bm25 within RAG pipelines, covering optimization, trade-offs, and metadata usage.",1313,0.22740664930967486,128
d1675,Retrieval best practices and blog,https://example.com/retrieval/1675,blog,ui,"This blog explains retrieval within RAG pipelines, covering optimization, trade-offs, and metadata usage.",3399,0.8502003761392043,281
d1676,Evaluation best practices and paper,https://example.com/evaluation/1676,paper,"production,sklearn,faiss","This paper explains evaluation within RAG pipelines, covering optimization, trade-offs, and metadata usage.",3117,0.34382897799933354,142
d1677,Embeddings best practices and doc,https://example.com/embeddings/1677,doc,api,"This doc explains embeddings within RAG pipelines, covering optimization, trade-offs, and metadata usage.",3503,0.3595286040983432,175
d1678,Metadata best practices and doc,https://example.com/metadata/1678,doc,"indexing,pytorch,production","This doc explains metadata within RAG pipelines, covering optimization, trade-offs, and metadata usage.",1090,0.32277729613914385,220
d1679,Ranking best practices and blog,https://example.com/ranking/1679,blog,"pytorch,api,sklearn","This blog explains ranking within RAG pipelines, covering optimization, trade-offs, and metadata usage.",1219,0.6702461299553826,153
d1680,Reranker best practices and tutorial,https://example.com/reranker/1680,tutorial,production,"This tutorial explains reranker within RAG pipelines, covering optimization, trade-offs, and metadata usage.",684,0.877940111148662,15
d1681,Bert best practices and benchmark,https://example.com/bert/1681,benchmark,"faiss,sklearn,python","This benchmark explains bert within RAG pipelines, covering optimization, trade-offs, and metadata usage.",2663,0.7060018859418304,238
d1682,Latency best practices and tutorial,https://example.com/latency/1682,tutorial,"ui,python,production","This tutorial explains latency within RAG pipelines, covering optimization, trade-offs, and metadata usage.",1514,0.5634627043208871,270
d1683,Bert best practices and paper,https://example.com/bert/1683,paper,"ui,indexing","This paper explains bert within RAG pipelines, covering optimization, trade-offs, and metadata usage.",1387,0.7677116365940488,35
d1684,Bm25 best practices and paper,https://example.com/bm25/1684,paper,pytorch,"This paper explains bm25 within RAG pipelines, covering optimization, trade-offs, and metadata usage.",1135,0.6115646582939531,126
d1685,Metadata best practices and paper,https://example.com/metadata/1685,paper,"pytorch,faiss","This paper explains metadata within RAG pipelines, covering optimization, trade-offs, and metadata usage.",3239,0.742370445541138,172
d1686,Random Forest best practices and benchmark,https://example.com/random-forest/1686,benchmark,"transformers,indexing","This benchmark explains random forest within RAG pipelines, covering optimization, trade-offs, and metadata usage.",1547,0.6247650337859776,149
d1687,Metadata best practices and tutorial,https://example.com/metadata/1687,tutorial,faiss,"This tutorial explains metadata within RAG pipelines, covering optimization, trade-offs, and metadata usage.",3065,0.48938957175809866,51
d1688,Faiss best practices and benchmark,https://example.com/faiss/1688,benchmark,"sklearn,transformers","This benchmark explains faiss within RAG pipelines, covering optimization, trade-offs, and metadata usage.",1137,0.7018074165703845,169
d1689,Faiss best practices and blog,https://example.com/faiss/1689,blog,"api,production","This blog explains faiss within RAG pipelines, covering optimization, trade-offs, and metadata usage.",1331,0.6050604262162582,18
d1690,Hallucination best practices and blog,https://example.com/hallucination/1690,blog,"ui,api,indexing","This blog explains hallucination within RAG pipelines, covering optimization, trade-offs, and metadata usage.",2629,0.3270898847053839,151
d1691,Hallucination best practices and blog,https://example.com/hallucination/1691,blog,"ui,sklearn,indexing","This blog explains hallucination within RAG pipelines, covering optimization, trade-offs, and metadata usage.",1898,0.7344318982619986,56
d1692,Throughput best practices and benchmark,https://example.com/throughput/1692,benchmark,"python,api,faiss","This benchmark explains throughput within RAG pipelines, covering optimization, trade-offs, and metadata usage.",2496,0.4207855394172658,191
d1693,Metadata best practices and tutorial,https://example.com/metadata/1693,tutorial,"ui,sklearn,indexing","This tutorial explains metadata within RAG pipelines, covering optimization, trade-offs, and metadata usage.",1070,0.27014761348094624,100
d1694,Ranking best practices and paper,https://example.com/ranking/1694,paper,"faiss,transformers,indexing","This paper explains ranking within RAG pipelines, covering optimization, trade-offs, and metadata usage.",56,0.6136040902187319,102
d1695,Bm25 best practices and doc,https://example.com/bm25/1695,doc,faiss,"This doc explains bm25 within RAG pipelines, covering optimization, trade-offs, and metadata usage.",2046,0.6442982543688611,289
d1696,Random Forest best practices and tutorial,https://example.com/random-forest/1696,tutorial,sklearn,"This tutorial explains random forest within RAG pipelines, covering optimization, trade-offs, and metadata usage.",764,0.6839611458208081,264
d1697,Throughput best practices and doc,https://example.com/throughput/1697,doc,"transformers,python,indexing","This doc explains throughput within RAG pipelines, covering optimization, trade-offs, and metadata usage.",2374,0.32912833082721626,281
d1698,Reranker best practices and doc,https://example.com/reranker/1698,doc,production,"This doc explains reranker within RAG pipelines, covering optimization, trade-offs, and metadata usage.",2478,0.5095661382772896,96
d1699,Streamlit best practices and benchmark,https://example.com/streamlit/1699,benchmark,python,"This benchmark explains streamlit within RAG pipelines, covering optimization, trade-offs, and metadata usage.",2828,0.710035737176953,130
d1700,Metadata best practices and tutorial,https://example.com/metadata/1700,tutorial,"faiss,ui,api","This tutorial explains metadata within RAG pipelines, covering optimization, trade-offs, and metadata usage.",1197,0.9305729187096521,45
d1701,Bm25 best practices and tutorial,https://example.com/bm25/1701,tutorial,pytorch,"This tutorial explains bm25 within RAG pipelines, covering optimization, trade-offs, and metadata usage.",1832,0.8694670323571017,285
d1702,Bm25 best practices and doc,https://example.com/bm25/1702,doc,"indexing,production","This doc explains bm25 within RAG pipelines, covering optimization, trade-offs, and metadata usage.",2565,0.6937974944863026,196
d1703,Similarity best practices and benchmark,https://example.com/similarity/1703,benchmark,"indexing,sklearn","This benchmark explains similarity within RAG pipelines, covering optimization, trade-offs, and metadata usage.",818,0.5773504195934306,116
d1704,Hallucination best practices and blog,https://example.com/hallucination/1704,blog,"sklearn,pytorch","This blog explains hallucination within RAG pipelines, covering optimization, trade-offs, and metadata usage.",2763,0.5123850265069159,240
d1705,Evaluation best practices and tutorial,https://example.com/evaluation/1705,tutorial,transformers,"This tutorial explains evaluation within RAG pipelines, covering optimization, trade-offs, and metadata usage.",564,0.7951865088739762,69
d1706,Mpnet best practices and blog,https://example.com/mpnet/1706,blog,ui,"This blog explains mpnet within RAG pipelines, covering optimization, trade-offs, and metadata usage.",218,0.21441260341745902,243
d1707,Latency best practices and tutorial,https://example.com/latency/1707,tutorial,"faiss,sklearn,transformers","This tutorial explains latency within RAG pipelines, covering optimization, trade-offs, and metadata usage.",2097,0.9064726164414048,251
d1708,Evaluation best practices and tutorial,https://example.com/evaluation/1708,tutorial,"transformers,faiss,production","This tutorial explains evaluation within RAG pipelines, covering optimization, trade-offs, and metadata usage.",1072,0.503151410229794,279
d1709,Retrieval best practices and benchmark,https://example.com/retrieval/1709,benchmark,"sklearn,faiss","This benchmark explains retrieval within RAG pipelines, covering optimization, trade-offs, and metadata usage.",3274,0.8857457182154846,47
d1710,Retrieval best practices and blog,https://example.com/retrieval/1710,blog,indexing,"This blog explains retrieval within RAG pipelines, covering optimization, trade-offs, and metadata usage.",1324,0.7832244537635356,5
d1711,Evaluation best practices and tutorial,https://example.com/evaluation/1711,tutorial,"api,transformers","This tutorial explains evaluation within RAG pipelines, covering optimization, trade-offs, and metadata usage.",3215,0.6269853563085593,83
d1712,Prompting best practices and paper,https://example.com/prompting/1712,paper,"api,pytorch,transformers","This paper explains prompting within RAG pipelines, covering optimization, trade-offs, and metadata usage.",896,0.5754746428654294,158
d1713,Metadata best practices and benchmark,https://example.com/metadata/1713,benchmark,"production,faiss","This benchmark explains metadata within RAG pipelines, covering optimization, trade-offs, and metadata usage.",2089,0.3221082883824186,278
d1714,Fastapi best practices and blog,https://example.com/fastapi/1714,blog,sklearn,"This blog explains fastapi within RAG pipelines, covering optimization, trade-offs, and metadata usage.",98,0.4742624025402535,185
d1715,Reranker best practices and benchmark,https://example.com/reranker/1715,benchmark,"python,pytorch","This benchmark explains reranker within RAG pipelines, covering optimization, trade-offs, and metadata usage.",1792,0.8156500185671856,250
d1716,Ranking best practices and doc,https://example.com/ranking/1716,doc,"indexing,faiss,pytorch","This doc explains ranking within RAG pipelines, covering optimization, trade-offs, and metadata usage.",3473,0.34766760791752593,11
d1717,Fastapi best practices and benchmark,https://example.com/fastapi/1717,benchmark,"python,ui,sklearn","This benchmark explains fastapi within RAG pipelines, covering optimization, trade-offs, and metadata usage.",68,0.2841407495450996,284
d1718,Faiss best practices and paper,https://example.com/faiss/1718,paper,faiss,"This paper explains faiss within RAG pipelines, covering optimization, trade-offs, and metadata usage.",257,0.43560108057353303,2
d1719,Fastapi best practices and benchmark,https://example.com/fastapi/1719,benchmark,"sklearn,indexing","This benchmark explains fastapi within RAG pipelines, covering optimization, trade-offs, and metadata usage.",3085,0.6133100765594122,223
d1720,Streamlit best practices and doc,https://example.com/streamlit/1720,doc,"faiss,pytorch","This doc explains streamlit within RAG pipelines, covering optimization, trade-offs, and metadata usage.",2696,0.7993732715586883,194
d1721,Vector Db best practices and doc,https://example.com/vector-db/1721,doc,"faiss,python,transformers","This doc explains vector db within RAG pipelines, covering optimization, trade-offs, and metadata usage.",809,0.4249748243726259,221
d1722,Streamlit best practices and benchmark,https://example.com/streamlit/1722,benchmark,transformers,"This benchmark explains streamlit within RAG pipelines, covering optimization, trade-offs, and metadata usage.",3273,0.8503226116103835,73
d1723,Random Forest best practices and paper,https://example.com/random-forest/1723,paper,"transformers,indexing","This paper explains random forest within RAG pipelines, covering optimization, trade-offs, and metadata usage.",2014,0.5414268037159733,269
d1724,Latency best practices and doc,https://example.com/latency/1724,doc,"pytorch,faiss,api","This doc explains latency within RAG pipelines, covering optimization, trade-offs, and metadata usage.",718,0.5001549707561475,240
d1725,Bert best practices and benchmark,https://example.com/bert/1725,benchmark,"faiss,production","This benchmark explains bert within RAG pipelines, covering optimization, trade-offs, and metadata usage.",748,0.66629719027795,78
d1726,Retrieval best practices and tutorial,https://example.com/retrieval/1726,tutorial,"transformers,production","This tutorial explains retrieval within RAG pipelines, covering optimization, trade-offs, and metadata usage.",1660,0.20140613590493966,160
d1727,Bm25 best practices and benchmark,https://example.com/bm25/1727,benchmark,"python,transformers","This benchmark explains bm25 within RAG pipelines, covering optimization, trade-offs, and metadata usage.",2134,0.5646329701166255,131
d1728,Fastapi best practices and doc,https://example.com/fastapi/1728,doc,"production,sklearn","This doc explains fastapi within RAG pipelines, covering optimization, trade-offs, and metadata usage.",83,0.542381698840221,261
d1729,Ranking best practices and tutorial,https://example.com/ranking/1729,tutorial,"api,ui,faiss","This tutorial explains ranking within RAG pipelines, covering optimization, trade-offs, and metadata usage.",1161,0.5078727969657413,128
d1730,Throughput best practices and blog,https://example.com/throughput/1730,blog,python,"This blog explains throughput within RAG pipelines, covering optimization, trade-offs, and metadata usage.",2781,0.9409206301717801,89
d1731,Mpnet best practices and doc,https://example.com/mpnet/1731,doc,"pytorch,ui","This doc explains mpnet within RAG pipelines, covering optimization, trade-offs, and metadata usage.",2352,0.3952177322796435,223
d1732,Throughput best practices and tutorial,https://example.com/throughput/1732,tutorial,python,"This tutorial explains throughput within RAG pipelines, covering optimization, trade-offs, and metadata usage.",916,0.682107690716538,218
d1733,Throughput best practices and tutorial,https://example.com/throughput/1733,tutorial,indexing,"This tutorial explains throughput within RAG pipelines, covering optimization, trade-offs, and metadata usage.",2264,0.6283370764041192,190
d1734,Similarity best practices and doc,https://example.com/similarity/1734,doc,ui,"This doc explains similarity within RAG pipelines, covering optimization, trade-offs, and metadata usage.",3050,0.9020723504979122,217
d1735,Random Forest best practices and doc,https://example.com/random-forest/1735,doc,faiss,"This doc explains random forest within RAG pipelines, covering optimization, trade-offs, and metadata usage.",473,0.4573112626595483,203
d1736,Latency best practices and tutorial,https://example.com/latency/1736,tutorial,faiss,"This tutorial explains latency within RAG pipelines, covering optimization, trade-offs, and metadata usage.",3118,0.5083544901319814,271
d1737,Latency best practices and benchmark,https://example.com/latency/1737,benchmark,"sklearn,pytorch","This benchmark explains latency within RAG pipelines, covering optimization, trade-offs, and metadata usage.",858,0.677828054966729,1
d1738,Mpnet best practices and tutorial,https://example.com/mpnet/1738,tutorial,"faiss,pytorch","This tutorial explains mpnet within RAG pipelines, covering optimization, trade-offs, and metadata usage.",260,0.6028080167501007,117
d1739,Random Forest best practices and tutorial,https://example.com/random-forest/1739,tutorial,sklearn,"This tutorial explains random forest within RAG pipelines, covering optimization, trade-offs, and metadata usage.",474,0.24304934436541972,296
d1740,Random Forest best practices and paper,https://example.com/random-forest/1740,paper,indexing,"This paper explains random forest within RAG pipelines, covering optimization, trade-offs, and metadata usage.",749,0.7135856888317591,113
d1741,Faiss best practices and paper,https://example.com/faiss/1741,paper,"faiss,production","This paper explains faiss within RAG pipelines, covering optimization, trade-offs, and metadata usage.",1517,0.9115794353774409,96
d1742,Throughput best practices and benchmark,https://example.com/throughput/1742,benchmark,python,"This benchmark explains throughput within RAG pipelines, covering optimization, trade-offs, and metadata usage.",1509,0.3559790523548565,103
d1743,Random Forest best practices and tutorial,https://example.com/random-forest/1743,tutorial,"production,faiss","This tutorial explains random forest within RAG pipelines, covering optimization, trade-offs, and metadata usage.",2402,0.4044161548230205,127
d1744,Similarity best practices and paper,https://example.com/similarity/1744,paper,"ui,indexing,pytorch","This paper explains similarity within RAG pipelines, covering optimization, trade-offs, and metadata usage.",3373,0.5426582056136333,196
d1745,Mpnet best practices and doc,https://example.com/mpnet/1745,doc,"indexing,python","This doc explains mpnet within RAG pipelines, covering optimization, trade-offs, and metadata usage.",1072,0.46219843404327915,20
d1746,Prompting best practices and benchmark,https://example.com/prompting/1746,benchmark,transformers,"This benchmark explains prompting within RAG pipelines, covering optimization, trade-offs, and metadata usage.",1659,0.7467290045004316,38
d1747,Retrieval best practices and doc,https://example.com/retrieval/1747,doc,"api,faiss,indexing","This doc explains retrieval within RAG pipelines, covering optimization, trade-offs, and metadata usage.",834,0.6561664231088804,40
d1748,Prompting best practices and doc,https://example.com/prompting/1748,doc,"python,api,transformers","This doc explains prompting within RAG pipelines, covering optimization, trade-offs, and metadata usage.",1126,0.39241125877674904,234
d1749,Random Forest best practices and tutorial,https://example.com/random-forest/1749,tutorial,"sklearn,indexing,faiss","This tutorial explains random forest within RAG pipelines, covering optimization, trade-offs, and metadata usage.",326,0.22649558353096078,3
d1750,Faiss best practices and doc,https://example.com/faiss/1750,doc,"indexing,python","This doc explains faiss within RAG pipelines, covering optimization, trade-offs, and metadata usage.",2127,0.3239788606531422,107
d1751,Ranking best practices and tutorial,https://example.com/ranking/1751,tutorial,pytorch,"This tutorial explains ranking within RAG pipelines, covering optimization, trade-offs, and metadata usage.",1549,0.3575049558591702,164
d1752,Hallucination best practices and paper,https://example.com/hallucination/1752,paper,"python,transformers","This paper explains hallucination within RAG pipelines, covering optimization, trade-offs, and metadata usage.",1245,0.22914922665191614,38
d1753,Prompting best practices and tutorial,https://example.com/prompting/1753,tutorial,"api,sklearn","This tutorial explains prompting within RAG pipelines, covering optimization, trade-offs, and metadata usage.",639,0.7902350872733193,39
d1754,Embeddings best practices and doc,https://example.com/embeddings/1754,doc,api,"This doc explains embeddings within RAG pipelines, covering optimization, trade-offs, and metadata usage.",1408,0.34627491165353874,8
d1755,Vector Db best practices and tutorial,https://example.com/vector-db/1755,tutorial,"production,ui","This tutorial explains vector db within RAG pipelines, covering optimization, trade-offs, and metadata usage.",332,0.5697215517093579,240
d1756,Latency best practices and doc,https://example.com/latency/1756,doc,"sklearn,ui,transformers","This doc explains latency within RAG pipelines, covering optimization, trade-offs, and metadata usage.",1070,0.46941101451090944,297
d1757,Faiss best practices and tutorial,https://example.com/faiss/1757,tutorial,"pytorch,production","This tutorial explains faiss within RAG pipelines, covering optimization, trade-offs, and metadata usage.",3471,0.4837907009393011,159
d1758,Reranker best practices and blog,https://example.com/reranker/1758,blog,"production,api,pytorch","This blog explains reranker within RAG pipelines, covering optimization, trade-offs, and metadata usage.",3503,0.788720648090496,100
d1759,Evaluation best practices and doc,https://example.com/evaluation/1759,doc,api,"This doc explains evaluation within RAG pipelines, covering optimization, trade-offs, and metadata usage.",1475,0.3276215060499368,198
d1760,Reranker best practices and doc,https://example.com/reranker/1760,doc,"faiss,transformers","This doc explains reranker within RAG pipelines, covering optimization, trade-offs, and metadata usage.",3129,0.842444964401585,208
d1761,Retrieval best practices and doc,https://example.com/retrieval/1761,doc,"api,sklearn","This doc explains retrieval within RAG pipelines, covering optimization, trade-offs, and metadata usage.",2892,0.7917695911723466,124
d1762,Ranking best practices and benchmark,https://example.com/ranking/1762,benchmark,ui,"This benchmark explains ranking within RAG pipelines, covering optimization, trade-offs, and metadata usage.",1191,0.4024915530118688,71
d1763,Mpnet best practices and tutorial,https://example.com/mpnet/1763,tutorial,"python,indexing","This tutorial explains mpnet within RAG pipelines, covering optimization, trade-offs, and metadata usage.",582,0.27621158217321196,178
d1764,Latency best practices and paper,https://example.com/latency/1764,paper,"api,transformers","This paper explains latency within RAG pipelines, covering optimization, trade-offs, and metadata usage.",556,0.7984439397187919,126
d1765,Streamlit best practices and benchmark,https://example.com/streamlit/1765,benchmark,"sklearn,production","This benchmark explains streamlit within RAG pipelines, covering optimization, trade-offs, and metadata usage.",365,0.926375541522062,30
d1766,Vector Db best practices and doc,https://example.com/vector-db/1766,doc,"indexing,faiss,production","This doc explains vector db within RAG pipelines, covering optimization, trade-offs, and metadata usage.",1802,0.7985603282145242,134
d1767,Rag best practices and benchmark,https://example.com/rag/1767,benchmark,pytorch,"This benchmark explains rag within RAG pipelines, covering optimization, trade-offs, and metadata usage.",54,0.31782642705384,178
d1768,Vector Db best practices and benchmark,https://example.com/vector-db/1768,benchmark,sklearn,"This benchmark explains vector db within RAG pipelines, covering optimization, trade-offs, and metadata usage.",487,0.3733347081701408,217
d1769,Ranking best practices and doc,https://example.com/ranking/1769,doc,"transformers,pytorch","This doc explains ranking within RAG pipelines, covering optimization, trade-offs, and metadata usage.",300,0.8640281736855879,245
d1770,Ranking best practices and benchmark,https://example.com/ranking/1770,benchmark,sklearn,"This benchmark explains ranking within RAG pipelines, covering optimization, trade-offs, and metadata usage.",642,0.6196180661519182,223
d1771,Similarity best practices and blog,https://example.com/similarity/1771,blog,"faiss,sklearn","This blog explains similarity within RAG pipelines, covering optimization, trade-offs, and metadata usage.",1734,0.5066354248380915,40
d1772,Random Forest best practices and tutorial,https://example.com/random-forest/1772,tutorial,api,"This tutorial explains random forest within RAG pipelines, covering optimization, trade-offs, and metadata usage.",3471,0.3593717039165151,38
d1773,Similarity best practices and doc,https://example.com/similarity/1773,doc,"production,api","This doc explains similarity within RAG pipelines, covering optimization, trade-offs, and metadata usage.",735,0.882101296947118,236
d1774,Streamlit best practices and benchmark,https://example.com/streamlit/1774,benchmark,"transformers,pytorch,ui","This benchmark explains streamlit within RAG pipelines, covering optimization, trade-offs, and metadata usage.",3638,0.9116331743760706,288
d1775,Similarity best practices and paper,https://example.com/similarity/1775,paper,"transformers,api,python","This paper explains similarity within RAG pipelines, covering optimization, trade-offs, and metadata usage.",1906,0.4881425074402308,268
d1776,Embeddings best practices and blog,https://example.com/embeddings/1776,blog,"api,indexing","This blog explains embeddings within RAG pipelines, covering optimization, trade-offs, and metadata usage.",2769,0.8568839904944614,263
d1777,Retrieval best practices and doc,https://example.com/retrieval/1777,doc,"python,transformers,api","This doc explains retrieval within RAG pipelines, covering optimization, trade-offs, and metadata usage.",1905,0.6167164108939387,19
d1778,Bm25 best practices and tutorial,https://example.com/bm25/1778,tutorial,"transformers,api","This tutorial explains bm25 within RAG pipelines, covering optimization, trade-offs, and metadata usage.",2088,0.6860876037681413,24
d1779,Metadata best practices and doc,https://example.com/metadata/1779,doc,faiss,"This doc explains metadata within RAG pipelines, covering optimization, trade-offs, and metadata usage.",3423,0.33428566186079967,208
d1780,Similarity best practices and tutorial,https://example.com/similarity/1780,tutorial,indexing,"This tutorial explains similarity within RAG pipelines, covering optimization, trade-offs, and metadata usage.",1297,0.7840931060949523,179
d1781,Retrieval best practices and blog,https://example.com/retrieval/1781,blog,"sklearn,python,api","This blog explains retrieval within RAG pipelines, covering optimization, trade-offs, and metadata usage.",2494,0.49321985597616846,292
d1782,Random Forest best practices and tutorial,https://example.com/random-forest/1782,tutorial,api,"This tutorial explains random forest within RAG pipelines, covering optimization, trade-offs, and metadata usage.",932,0.6103272993915065,179
d1783,Prompting best practices and tutorial,https://example.com/prompting/1783,tutorial,"ui,indexing,production","This tutorial explains prompting within RAG pipelines, covering optimization, trade-offs, and metadata usage.",1083,0.36044138923066044,62
d1784,Evaluation best practices and paper,https://example.com/evaluation/1784,paper,"production,sklearn,pytorch","This paper explains evaluation within RAG pipelines, covering optimization, trade-offs, and metadata usage.",3531,0.2677487622710695,141
d1785,Latency best practices and blog,https://example.com/latency/1785,blog,"transformers,faiss","This blog explains latency within RAG pipelines, covering optimization, trade-offs, and metadata usage.",1715,0.8560660867543144,164
d1786,Metadata best practices and tutorial,https://example.com/metadata/1786,tutorial,"ui,production,pytorch","This tutorial explains metadata within RAG pipelines, covering optimization, trade-offs, and metadata usage.",142,0.7178106287578412,263
d1787,Prompting best practices and tutorial,https://example.com/prompting/1787,tutorial,"api,python","This tutorial explains prompting within RAG pipelines, covering optimization, trade-offs, and metadata usage.",1252,0.6757408994136529,281
d1788,Faiss best practices and tutorial,https://example.com/faiss/1788,tutorial,"api,python","This tutorial explains faiss within RAG pipelines, covering optimization, trade-offs, and metadata usage.",532,0.6488829760111883,14
d1789,Latency best practices and doc,https://example.com/latency/1789,doc,pytorch,"This doc explains latency within RAG pipelines, covering optimization, trade-offs, and metadata usage.",1944,0.7297909098586315,235
d1790,Reranker best practices and doc,https://example.com/reranker/1790,doc,python,"This doc explains reranker within RAG pipelines, covering optimization, trade-offs, and metadata usage.",792,0.28981312040541424,118
d1791,Vector Db best practices and paper,https://example.com/vector-db/1791,paper,indexing,"This paper explains vector db within RAG pipelines, covering optimization, trade-offs, and metadata usage.",2051,0.33127991607260887,95
d1792,Embeddings best practices and tutorial,https://example.com/embeddings/1792,tutorial,"indexing,python,api","This tutorial explains embeddings within RAG pipelines, covering optimization, trade-offs, and metadata usage.",1530,0.37919203459424294,284
d1793,Streamlit best practices and blog,https://example.com/streamlit/1793,blog,"indexing,transformers,api","This blog explains streamlit within RAG pipelines, covering optimization, trade-offs, and metadata usage.",290,0.5755408042810112,110
d1794,Metadata best practices and doc,https://example.com/metadata/1794,doc,"api,transformers","This doc explains metadata within RAG pipelines, covering optimization, trade-offs, and metadata usage.",2729,0.6015104738130588,79
d1795,Streamlit best practices and paper,https://example.com/streamlit/1795,paper,"api,sklearn,faiss","This paper explains streamlit within RAG pipelines, covering optimization, trade-offs, and metadata usage.",718,0.20524695635702978,224
d1796,Embeddings best practices and paper,https://example.com/embeddings/1796,paper,"indexing,sklearn","This paper explains embeddings within RAG pipelines, covering optimization, trade-offs, and metadata usage.",2488,0.9221055706712853,224
d1797,Latency best practices and paper,https://example.com/latency/1797,paper,"api,faiss","This paper explains latency within RAG pipelines, covering optimization, trade-offs, and metadata usage.",2572,0.30601275036139197,84
d1798,Bm25 best practices and benchmark,https://example.com/bm25/1798,benchmark,"indexing,ui,transformers","This benchmark explains bm25 within RAG pipelines, covering optimization, trade-offs, and metadata usage.",2288,0.5279461818035798,5
d1799,Rag best practices and benchmark,https://example.com/rag/1799,benchmark,python,"This benchmark explains rag within RAG pipelines, covering optimization, trade-offs, and metadata usage.",2417,0.2517145881843815,35
d1800,Metadata best practices and doc,https://example.com/metadata/1800,doc,"indexing,faiss,transformers","This doc explains metadata within RAG pipelines, covering optimization, trade-offs, and metadata usage.",3188,0.5364716063462653,216
d1801,Bert best practices and tutorial,https://example.com/bert/1801,tutorial,production,"This tutorial explains bert within RAG pipelines, covering optimization, trade-offs, and metadata usage.",840,0.4472386042022608,150
d1802,Random Forest best practices and benchmark,https://example.com/random-forest/1802,benchmark,"transformers,faiss","This benchmark explains random forest within RAG pipelines, covering optimization, trade-offs, and metadata usage.",2476,0.687908792641936,201
d1803,Vector Db best practices and tutorial,https://example.com/vector-db/1803,tutorial,"transformers,pytorch","This tutorial explains vector db within RAG pipelines, covering optimization, trade-offs, and metadata usage.",2328,0.7297616680511332,112
d1804,Mpnet best practices and blog,https://example.com/mpnet/1804,blog,"python,indexing","This blog explains mpnet within RAG pipelines, covering optimization, trade-offs, and metadata usage.",2366,0.43952451763040246,151
d1805,Reranker best practices and benchmark,https://example.com/reranker/1805,benchmark,"transformers,ui","This benchmark explains reranker within RAG pipelines, covering optimization, trade-offs, and metadata usage.",2806,0.8205778728409703,117
d1806,Latency best practices and tutorial,https://example.com/latency/1806,tutorial,api,"This tutorial explains latency within RAG pipelines, covering optimization, trade-offs, and metadata usage.",474,0.22373763553615544,23
d1807,Random Forest best practices and benchmark,https://example.com/random-forest/1807,benchmark,"pytorch,ui,faiss","This benchmark explains random forest within RAG pipelines, covering optimization, trade-offs, and metadata usage.",2632,0.6790177860398401,170
d1808,Streamlit best practices and benchmark,https://example.com/streamlit/1808,benchmark,"ui,api","This benchmark explains streamlit within RAG pipelines, covering optimization, trade-offs, and metadata usage.",1819,0.9325713033623542,84
d1809,Embeddings best practices and tutorial,https://example.com/embeddings/1809,tutorial,"python,ui","This tutorial explains embeddings within RAG pipelines, covering optimization, trade-offs, and metadata usage.",420,0.30600356970024345,54
d1810,Evaluation best practices and paper,https://example.com/evaluation/1810,paper,"indexing,api","This paper explains evaluation within RAG pipelines, covering optimization, trade-offs, and metadata usage.",147,0.5480672282678856,250
d1811,Faiss best practices and benchmark,https://example.com/faiss/1811,benchmark,"ui,faiss","This benchmark explains faiss within RAG pipelines, covering optimization, trade-offs, and metadata usage.",2884,0.5667230557249872,73
d1812,Mpnet best practices and tutorial,https://example.com/mpnet/1812,tutorial,ui,"This tutorial explains mpnet within RAG pipelines, covering optimization, trade-offs, and metadata usage.",2414,0.2887202168492006,211
d1813,Throughput best practices and blog,https://example.com/throughput/1813,blog,"sklearn,api,production","This blog explains throughput within RAG pipelines, covering optimization, trade-offs, and metadata usage.",3151,0.8672982408911376,205
d1814,Embeddings best practices and paper,https://example.com/embeddings/1814,paper,"indexing,python,api","This paper explains embeddings within RAG pipelines, covering optimization, trade-offs, and metadata usage.",791,0.7333327821496238,117
d1815,Throughput best practices and benchmark,https://example.com/throughput/1815,benchmark,pytorch,"This benchmark explains throughput within RAG pipelines, covering optimization, trade-offs, and metadata usage.",1893,0.8814645273159791,297
d1816,Bert best practices and blog,https://example.com/bert/1816,blog,"sklearn,python,indexing","This blog explains bert within RAG pipelines, covering optimization, trade-offs, and metadata usage.",3014,0.2174169163677819,248
d1817,Prompting best practices and tutorial,https://example.com/prompting/1817,tutorial,"indexing,sklearn","This tutorial explains prompting within RAG pipelines, covering optimization, trade-offs, and metadata usage.",1314,0.8656341614014431,119
d1818,Rag best practices and blog,https://example.com/rag/1818,blog,sklearn,"This blog explains rag within RAG pipelines, covering optimization, trade-offs, and metadata usage.",336,0.6205030766890081,270
d1819,Throughput best practices and paper,https://example.com/throughput/1819,paper,indexing,"This paper explains throughput within RAG pipelines, covering optimization, trade-offs, and metadata usage.",1076,0.30448274573114786,33
d1820,Reranker best practices and paper,https://example.com/reranker/1820,paper,"pytorch,production","This paper explains reranker within RAG pipelines, covering optimization, trade-offs, and metadata usage.",2573,0.39860655298800035,19
d1821,Embeddings best practices and blog,https://example.com/embeddings/1821,blog,"transformers,indexing,sklearn","This blog explains embeddings within RAG pipelines, covering optimization, trade-offs, and metadata usage.",1649,0.8897300544697173,174
d1822,Bm25 best practices and doc,https://example.com/bm25/1822,doc,"sklearn,pytorch,ui","This doc explains bm25 within RAG pipelines, covering optimization, trade-offs, and metadata usage.",1005,0.22496117740973812,298
d1823,Bert best practices and benchmark,https://example.com/bert/1823,benchmark,"sklearn,transformers,ui","This benchmark explains bert within RAG pipelines, covering optimization, trade-offs, and metadata usage.",3362,0.34631029934088486,236
d1824,Similarity best practices and doc,https://example.com/similarity/1824,doc,"pytorch,faiss","This doc explains similarity within RAG pipelines, covering optimization, trade-offs, and metadata usage.",985,0.46030150005963416,202
d1825,Prompting best practices and paper,https://example.com/prompting/1825,paper,api,"This paper explains prompting within RAG pipelines, covering optimization, trade-offs, and metadata usage.",253,0.7076556752546079,199
d1826,Random Forest best practices and doc,https://example.com/random-forest/1826,doc,transformers,"This doc explains random forest within RAG pipelines, covering optimization, trade-offs, and metadata usage.",2067,0.7161108511557166,245
d1827,Reranker best practices and tutorial,https://example.com/reranker/1827,tutorial,"api,sklearn","This tutorial explains reranker within RAG pipelines, covering optimization, trade-offs, and metadata usage.",3399,0.2880626661563098,108
d1828,Throughput best practices and paper,https://example.com/throughput/1828,paper,production,"This paper explains throughput within RAG pipelines, covering optimization, trade-offs, and metadata usage.",3223,0.3997250882934086,27
d1829,Vector Db best practices and benchmark,https://example.com/vector-db/1829,benchmark,"faiss,transformers","This benchmark explains vector db within RAG pipelines, covering optimization, trade-offs, and metadata usage.",99,0.606132920243754,198
d1830,Similarity best practices and tutorial,https://example.com/similarity/1830,tutorial,production,"This tutorial explains similarity within RAG pipelines, covering optimization, trade-offs, and metadata usage.",3468,0.6499643844592566,66
d1831,Latency best practices and blog,https://example.com/latency/1831,blog,"faiss,python","This blog explains latency within RAG pipelines, covering optimization, trade-offs, and metadata usage.",426,0.4356450920419076,291
d1832,Fastapi best practices and blog,https://example.com/fastapi/1832,blog,"pytorch,api","This blog explains fastapi within RAG pipelines, covering optimization, trade-offs, and metadata usage.",622,0.7468030410597803,219
d1833,Rag best practices and paper,https://example.com/rag/1833,paper,"pytorch,ui","This paper explains rag within RAG pipelines, covering optimization, trade-offs, and metadata usage.",1932,0.9381913379674467,114
d1834,Retrieval best practices and paper,https://example.com/retrieval/1834,paper,"sklearn,api","This paper explains retrieval within RAG pipelines, covering optimization, trade-offs, and metadata usage.",2693,0.8342235262397162,130
d1835,Faiss best practices and tutorial,https://example.com/faiss/1835,tutorial,"ui,faiss","This tutorial explains faiss within RAG pipelines, covering optimization, trade-offs, and metadata usage.",516,0.6569001199445814,255
d1836,Ranking best practices and benchmark,https://example.com/ranking/1836,benchmark,"pytorch,api,python","This benchmark explains ranking within RAG pipelines, covering optimization, trade-offs, and metadata usage.",2875,0.39289788569343975,287
d1837,Similarity best practices and doc,https://example.com/similarity/1837,doc,python,"This doc explains similarity within RAG pipelines, covering optimization, trade-offs, and metadata usage.",1439,0.27023210341026643,194
d1838,Retrieval best practices and doc,https://example.com/retrieval/1838,doc,"faiss,production","This doc explains retrieval within RAG pipelines, covering optimization, trade-offs, and metadata usage.",107,0.7215810914077463,7
d1839,Faiss best practices and blog,https://example.com/faiss/1839,blog,"api,pytorch","This blog explains faiss within RAG pipelines, covering optimization, trade-offs, and metadata usage.",2957,0.5265717064971065,43
d1840,Retrieval best practices and benchmark,https://example.com/retrieval/1840,benchmark,production,"This benchmark explains retrieval within RAG pipelines, covering optimization, trade-offs, and metadata usage.",2563,0.23738265802590605,202
d1841,Fastapi best practices and doc,https://example.com/fastapi/1841,doc,pytorch,"This doc explains fastapi within RAG pipelines, covering optimization, trade-offs, and metadata usage.",1688,0.47581482544608056,135
d1842,Ranking best practices and tutorial,https://example.com/ranking/1842,tutorial,"transformers,indexing","This tutorial explains ranking within RAG pipelines, covering optimization, trade-offs, and metadata usage.",459,0.9292636497049904,156
d1843,Reranker best practices and blog,https://example.com/reranker/1843,blog,"transformers,python,faiss","This blog explains reranker within RAG pipelines, covering optimization, trade-offs, and metadata usage.",179,0.5056382570432002,69
d1844,Retrieval best practices and paper,https://example.com/retrieval/1844,paper,"indexing,production,faiss","This paper explains retrieval within RAG pipelines, covering optimization, trade-offs, and metadata usage.",3179,0.49795296371680015,147
d1845,Streamlit best practices and doc,https://example.com/streamlit/1845,doc,indexing,"This doc explains streamlit within RAG pipelines, covering optimization, trade-offs, and metadata usage.",1572,0.427337265047525,48
d1846,Metadata best practices and tutorial,https://example.com/metadata/1846,tutorial,"production,indexing,pytorch","This tutorial explains metadata within RAG pipelines, covering optimization, trade-offs, and metadata usage.",1369,0.9481573611665652,270
d1847,Faiss best practices and blog,https://example.com/faiss/1847,blog,"api,sklearn","This blog explains faiss within RAG pipelines, covering optimization, trade-offs, and metadata usage.",166,0.5202661114257336,10
d1848,Prompting best practices and tutorial,https://example.com/prompting/1848,tutorial,"indexing,faiss","This tutorial explains prompting within RAG pipelines, covering optimization, trade-offs, and metadata usage.",2238,0.9387844067639135,226
d1849,Mpnet best practices and doc,https://example.com/mpnet/1849,doc,"api,transformers","This doc explains mpnet within RAG pipelines, covering optimization, trade-offs, and metadata usage.",2837,0.5480495224264312,197
d1850,Faiss best practices and paper,https://example.com/faiss/1850,paper,"faiss,pytorch","This paper explains faiss within RAG pipelines, covering optimization, trade-offs, and metadata usage.",3422,0.3096015544408145,146
d1851,Similarity best practices and blog,https://example.com/similarity/1851,blog,pytorch,"This blog explains similarity within RAG pipelines, covering optimization, trade-offs, and metadata usage.",1022,0.5742711063367913,88
d1852,Mpnet best practices and tutorial,https://example.com/mpnet/1852,tutorial,"pytorch,faiss,transformers","This tutorial explains mpnet within RAG pipelines, covering optimization, trade-offs, and metadata usage.",1987,0.8324407723341747,8
d1853,Fastapi best practices and doc,https://example.com/fastapi/1853,doc,"indexing,pytorch","This doc explains fastapi within RAG pipelines, covering optimization, trade-offs, and metadata usage.",3391,0.9091059318062504,223
d1854,Evaluation best practices and paper,https://example.com/evaluation/1854,paper,transformers,"This paper explains evaluation within RAG pipelines, covering optimization, trade-offs, and metadata usage.",2561,0.20477147925041445,32
d1855,Evaluation best practices and doc,https://example.com/evaluation/1855,doc,"api,ui,production","This doc explains evaluation within RAG pipelines, covering optimization, trade-offs, and metadata usage.",3259,0.9332820919348412,48
d1856,Throughput best practices and paper,https://example.com/throughput/1856,paper,"api,production","This paper explains throughput within RAG pipelines, covering optimization, trade-offs, and metadata usage.",272,0.8193272974306693,14
d1857,Streamlit best practices and benchmark,https://example.com/streamlit/1857,benchmark,"faiss,pytorch,api","This benchmark explains streamlit within RAG pipelines, covering optimization, trade-offs, and metadata usage.",51,0.7945005756758174,19
d1858,Evaluation best practices and blog,https://example.com/evaluation/1858,blog,"production,pytorch,faiss","This blog explains evaluation within RAG pipelines, covering optimization, trade-offs, and metadata usage.",2799,0.7124597814085185,108
d1859,Faiss best practices and doc,https://example.com/faiss/1859,doc,"production,indexing,pytorch","This doc explains faiss within RAG pipelines, covering optimization, trade-offs, and metadata usage.",2404,0.38974090858166593,8
d1860,Fastapi best practices and paper,https://example.com/fastapi/1860,paper,"transformers,sklearn","This paper explains fastapi within RAG pipelines, covering optimization, trade-offs, and metadata usage.",688,0.6680584748970062,109
d1861,Random Forest best practices and benchmark,https://example.com/random-forest/1861,benchmark,production,"This benchmark explains random forest within RAG pipelines, covering optimization, trade-offs, and metadata usage.",839,0.728692737265265,102
d1862,Throughput best practices and doc,https://example.com/throughput/1862,doc,"transformers,python,ui","This doc explains throughput within RAG pipelines, covering optimization, trade-offs, and metadata usage.",1171,0.49396284131861884,270
d1863,Prompting best practices and blog,https://example.com/prompting/1863,blog,"production,transformers,api","This blog explains prompting within RAG pipelines, covering optimization, trade-offs, and metadata usage.",1474,0.3130951374755131,255
d1864,Random Forest best practices and doc,https://example.com/random-forest/1864,doc,"ui,faiss","This doc explains random forest within RAG pipelines, covering optimization, trade-offs, and metadata usage.",788,0.85436367736593,272
d1865,Metadata best practices and tutorial,https://example.com/metadata/1865,tutorial,"api,production,ui","This tutorial explains metadata within RAG pipelines, covering optimization, trade-offs, and metadata usage.",2647,0.23375404054858326,180
d1866,Hallucination best practices and benchmark,https://example.com/hallucination/1866,benchmark,transformers,"This benchmark explains hallucination within RAG pipelines, covering optimization, trade-offs, and metadata usage.",654,0.8943972989654116,94
d1867,Vector Db best practices and benchmark,https://example.com/vector-db/1867,benchmark,"ui,production,transformers","This benchmark explains vector db within RAG pipelines, covering optimization, trade-offs, and metadata usage.",835,0.27673469381228694,146
d1868,Prompting best practices and benchmark,https://example.com/prompting/1868,benchmark,"transformers,ui","This benchmark explains prompting within RAG pipelines, covering optimization, trade-offs, and metadata usage.",255,0.5039305076124729,23
d1869,Faiss best practices and benchmark,https://example.com/faiss/1869,benchmark,"python,ui,production","This benchmark explains faiss within RAG pipelines, covering optimization, trade-offs, and metadata usage.",2927,0.276031312014439,117
d1870,Reranker best practices and benchmark,https://example.com/reranker/1870,benchmark,"production,sklearn","This benchmark explains reranker within RAG pipelines, covering optimization, trade-offs, and metadata usage.",476,0.47630444642895714,236
d1871,Faiss best practices and paper,https://example.com/faiss/1871,paper,"transformers,production","This paper explains faiss within RAG pipelines, covering optimization, trade-offs, and metadata usage.",3078,0.8328537448213771,139
d1872,Vector Db best practices and benchmark,https://example.com/vector-db/1872,benchmark,"ui,faiss","This benchmark explains vector db within RAG pipelines, covering optimization, trade-offs, and metadata usage.",2042,0.6201598032385318,68
d1873,Faiss best practices and paper,https://example.com/faiss/1873,paper,"python,api","This paper explains faiss within RAG pipelines, covering optimization, trade-offs, and metadata usage.",3327,0.8651881073054688,282
d1874,Latency best practices and paper,https://example.com/latency/1874,paper,"ui,production,python","This paper explains latency within RAG pipelines, covering optimization, trade-offs, and metadata usage.",3465,0.3017313265068967,84
d1875,Rag best practices and doc,https://example.com/rag/1875,doc,"sklearn,faiss","This doc explains rag within RAG pipelines, covering optimization, trade-offs, and metadata usage.",3548,0.24458598657951466,156
d1876,Bm25 best practices and tutorial,https://example.com/bm25/1876,tutorial,"faiss,production","This tutorial explains bm25 within RAG pipelines, covering optimization, trade-offs, and metadata usage.",3193,0.4838294989158633,14
d1877,Retrieval best practices and doc,https://example.com/retrieval/1877,doc,"ui,python","This doc explains retrieval within RAG pipelines, covering optimization, trade-offs, and metadata usage.",1369,0.6111933358602266,126
d1878,Retrieval best practices and blog,https://example.com/retrieval/1878,blog,python,"This blog explains retrieval within RAG pipelines, covering optimization, trade-offs, and metadata usage.",2357,0.2031694446538285,16
d1879,Vector Db best practices and benchmark,https://example.com/vector-db/1879,benchmark,api,"This benchmark explains vector db within RAG pipelines, covering optimization, trade-offs, and metadata usage.",1285,0.6327856089829398,189
d1880,Retrieval best practices and paper,https://example.com/retrieval/1880,paper,"faiss,indexing,api","This paper explains retrieval within RAG pipelines, covering optimization, trade-offs, and metadata usage.",1109,0.5802491135013217,233
d1881,Hallucination best practices and paper,https://example.com/hallucination/1881,paper,"indexing,faiss,python","This paper explains hallucination within RAG pipelines, covering optimization, trade-offs, and metadata usage.",2488,0.686531365033815,294
d1882,Vector Db best practices and doc,https://example.com/vector-db/1882,doc,api,"This doc explains vector db within RAG pipelines, covering optimization, trade-offs, and metadata usage.",2871,0.5352305017448311,83
d1883,Retrieval best practices and doc,https://example.com/retrieval/1883,doc,"api,production","This doc explains retrieval within RAG pipelines, covering optimization, trade-offs, and metadata usage.",2062,0.7266177464618633,78
d1884,Bert best practices and benchmark,https://example.com/bert/1884,benchmark,"production,api,python","This benchmark explains bert within RAG pipelines, covering optimization, trade-offs, and metadata usage.",3410,0.7228936785305773,25
d1885,Faiss best practices and benchmark,https://example.com/faiss/1885,benchmark,"api,python","This benchmark explains faiss within RAG pipelines, covering optimization, trade-offs, and metadata usage.",1972,0.33100796961610923,299
d1886,Faiss best practices and paper,https://example.com/faiss/1886,paper,ui,"This paper explains faiss within RAG pipelines, covering optimization, trade-offs, and metadata usage.",474,0.5141570072082187,139
d1887,Fastapi best practices and blog,https://example.com/fastapi/1887,blog,"production,api,transformers","This blog explains fastapi within RAG pipelines, covering optimization, trade-offs, and metadata usage.",1711,0.8133184955111241,266
d1888,Ranking best practices and paper,https://example.com/ranking/1888,paper,transformers,"This paper explains ranking within RAG pipelines, covering optimization, trade-offs, and metadata usage.",3567,0.8336373678781401,188
d1889,Metadata best practices and blog,https://example.com/metadata/1889,blog,python,"This blog explains metadata within RAG pipelines, covering optimization, trade-offs, and metadata usage.",456,0.7021544619584525,222
d1890,Rag best practices and blog,https://example.com/rag/1890,blog,"api,production,indexing","This blog explains rag within RAG pipelines, covering optimization, trade-offs, and metadata usage.",3189,0.6966519757237062,199
d1891,Bert best practices and blog,https://example.com/bert/1891,blog,"indexing,api","This blog explains bert within RAG pipelines, covering optimization, trade-offs, and metadata usage.",2379,0.5674854217254073,183
d1892,Reranker best practices and tutorial,https://example.com/reranker/1892,tutorial,"api,indexing,faiss","This tutorial explains reranker within RAG pipelines, covering optimization, trade-offs, and metadata usage.",1409,0.3850417881014392,106
d1893,Prompting best practices and benchmark,https://example.com/prompting/1893,benchmark,"ui,faiss,sklearn","This benchmark explains prompting within RAG pipelines, covering optimization, trade-offs, and metadata usage.",1809,0.595796132094498,221
d1894,Bert best practices and benchmark,https://example.com/bert/1894,benchmark,sklearn,"This benchmark explains bert within RAG pipelines, covering optimization, trade-offs, and metadata usage.",239,0.62645826348003,10
d1895,Bert best practices and paper,https://example.com/bert/1895,paper,"ui,indexing","This paper explains bert within RAG pipelines, covering optimization, trade-offs, and metadata usage.",1039,0.530456168142146,41
d1896,Ranking best practices and doc,https://example.com/ranking/1896,doc,"api,transformers,python","This doc explains ranking within RAG pipelines, covering optimization, trade-offs, and metadata usage.",1336,0.5408878015437497,175
d1897,Streamlit best practices and doc,https://example.com/streamlit/1897,doc,"ui,pytorch","This doc explains streamlit within RAG pipelines, covering optimization, trade-offs, and metadata usage.",701,0.5883102597214698,226
d1898,Vector Db best practices and tutorial,https://example.com/vector-db/1898,tutorial,"python,indexing","This tutorial explains vector db within RAG pipelines, covering optimization, trade-offs, and metadata usage.",648,0.42410252109348423,211
d1899,Mpnet best practices and doc,https://example.com/mpnet/1899,doc,python,"This doc explains mpnet within RAG pipelines, covering optimization, trade-offs, and metadata usage.",1451,0.5949468228406647,162
d1900,Metadata best practices and paper,https://example.com/metadata/1900,paper,"indexing,python","This paper explains metadata within RAG pipelines, covering optimization, trade-offs, and metadata usage.",1376,0.8007702827232395,75
d1901,Mpnet best practices and doc,https://example.com/mpnet/1901,doc,"production,python","This doc explains mpnet within RAG pipelines, covering optimization, trade-offs, and metadata usage.",346,0.33423321769280295,61
d1902,Evaluation best practices and blog,https://example.com/evaluation/1902,blog,"ui,transformers,pytorch","This blog explains evaluation within RAG pipelines, covering optimization, trade-offs, and metadata usage.",1393,0.3179430942027666,82
d1903,Similarity best practices and benchmark,https://example.com/similarity/1903,benchmark,indexing,"This benchmark explains similarity within RAG pipelines, covering optimization, trade-offs, and metadata usage.",731,0.6656564701866945,60
d1904,Streamlit best practices and blog,https://example.com/streamlit/1904,blog,faiss,"This blog explains streamlit within RAG pipelines, covering optimization, trade-offs, and metadata usage.",2166,0.27275540847101687,201
d1905,Random Forest best practices and tutorial,https://example.com/random-forest/1905,tutorial,indexing,"This tutorial explains random forest within RAG pipelines, covering optimization, trade-offs, and metadata usage.",2885,0.9312622459061131,109
d1906,Reranker best practices and blog,https://example.com/reranker/1906,blog,"sklearn,pytorch,indexing","This blog explains reranker within RAG pipelines, covering optimization, trade-offs, and metadata usage.",3244,0.46832066771153996,289
d1907,Streamlit best practices and benchmark,https://example.com/streamlit/1907,benchmark,"sklearn,api","This benchmark explains streamlit within RAG pipelines, covering optimization, trade-offs, and metadata usage.",445,0.6823180768829312,75
d1908,Embeddings best practices and blog,https://example.com/embeddings/1908,blog,"indexing,faiss,ui","This blog explains embeddings within RAG pipelines, covering optimization, trade-offs, and metadata usage.",487,0.8636094145625073,284
d1909,Bert best practices and blog,https://example.com/bert/1909,blog,python,"This blog explains bert within RAG pipelines, covering optimization, trade-offs, and metadata usage.",2434,0.2576556835053502,48
d1910,Prompting best practices and tutorial,https://example.com/prompting/1910,tutorial,"pytorch,python,sklearn","This tutorial explains prompting within RAG pipelines, covering optimization, trade-offs, and metadata usage.",2802,0.6733586486397529,190
d1911,Ranking best practices and paper,https://example.com/ranking/1911,paper,"faiss,api","This paper explains ranking within RAG pipelines, covering optimization, trade-offs, and metadata usage.",3397,0.33962185045675897,171
d1912,Mpnet best practices and doc,https://example.com/mpnet/1912,doc,python,"This doc explains mpnet within RAG pipelines, covering optimization, trade-offs, and metadata usage.",317,0.5271944993009849,177
d1913,Faiss best practices and paper,https://example.com/faiss/1913,paper,"transformers,python,sklearn","This paper explains faiss within RAG pipelines, covering optimization, trade-offs, and metadata usage.",64,0.47044066037156224,265
d1914,Rag best practices and paper,https://example.com/rag/1914,paper,ui,"This paper explains rag within RAG pipelines, covering optimization, trade-offs, and metadata usage.",3356,0.670648894117454,274
d1915,Throughput best practices and tutorial,https://example.com/throughput/1915,tutorial,"ui,production","This tutorial explains throughput within RAG pipelines, covering optimization, trade-offs, and metadata usage.",2983,0.5817212887406094,172
d1916,Retrieval best practices and tutorial,https://example.com/retrieval/1916,tutorial,"transformers,production,pytorch","This tutorial explains retrieval within RAG pipelines, covering optimization, trade-offs, and metadata usage.",1940,0.9217284001813748,191
d1917,Rag best practices and blog,https://example.com/rag/1917,blog,"pytorch,faiss,sklearn","This blog explains rag within RAG pipelines, covering optimization, trade-offs, and metadata usage.",297,0.7306098218265633,70
d1918,Ranking best practices and tutorial,https://example.com/ranking/1918,tutorial,"pytorch,api,ui","This tutorial explains ranking within RAG pipelines, covering optimization, trade-offs, and metadata usage.",603,0.6483311467385167,157
d1919,Retrieval best practices and paper,https://example.com/retrieval/1919,paper,"api,transformers,faiss","This paper explains retrieval within RAG pipelines, covering optimization, trade-offs, and metadata usage.",1067,0.8893894579187,44
d1920,Ranking best practices and tutorial,https://example.com/ranking/1920,tutorial,"production,indexing","This tutorial explains ranking within RAG pipelines, covering optimization, trade-offs, and metadata usage.",602,0.21540373552162176,43
d1921,Reranker best practices and paper,https://example.com/reranker/1921,paper,"sklearn,python","This paper explains reranker within RAG pipelines, covering optimization, trade-offs, and metadata usage.",1038,0.7062641456532146,202
d1922,Ranking best practices and tutorial,https://example.com/ranking/1922,tutorial,sklearn,"This tutorial explains ranking within RAG pipelines, covering optimization, trade-offs, and metadata usage.",1948,0.689918228731432,187
d1923,Fastapi best practices and blog,https://example.com/fastapi/1923,blog,api,"This blog explains fastapi within RAG pipelines, covering optimization, trade-offs, and metadata usage.",1628,0.2567645116221928,243
d1924,Retrieval best practices and doc,https://example.com/retrieval/1924,doc,production,"This doc explains retrieval within RAG pipelines, covering optimization, trade-offs, and metadata usage.",2420,0.5132943408676223,196
d1925,Metadata best practices and doc,https://example.com/metadata/1925,doc,production,"This doc explains metadata within RAG pipelines, covering optimization, trade-offs, and metadata usage.",2717,0.30865842416005973,166
d1926,Random Forest best practices and doc,https://example.com/random-forest/1926,doc,faiss,"This doc explains random forest within RAG pipelines, covering optimization, trade-offs, and metadata usage.",1659,0.7348420986377093,22
d1927,Ranking best practices and tutorial,https://example.com/ranking/1927,tutorial,sklearn,"This tutorial explains ranking within RAG pipelines, covering optimization, trade-offs, and metadata usage.",3503,0.8072662308561698,247
d1928,Rag best practices and benchmark,https://example.com/rag/1928,benchmark,python,"This benchmark explains rag within RAG pipelines, covering optimization, trade-offs, and metadata usage.",46,0.7800105144546139,158
d1929,Fastapi best practices and tutorial,https://example.com/fastapi/1929,tutorial,"production,transformers,indexing","This tutorial explains fastapi within RAG pipelines, covering optimization, trade-offs, and metadata usage.",2745,0.5699789845173169,191
d1930,Ranking best practices and blog,https://example.com/ranking/1930,blog,ui,"This blog explains ranking within RAG pipelines, covering optimization, trade-offs, and metadata usage.",837,0.7453427489878619,103
d1931,Bm25 best practices and blog,https://example.com/bm25/1931,blog,"python,api","This blog explains bm25 within RAG pipelines, covering optimization, trade-offs, and metadata usage.",658,0.4940254257960127,207
d1932,Latency best practices and tutorial,https://example.com/latency/1932,tutorial,"transformers,python,sklearn","This tutorial explains latency within RAG pipelines, covering optimization, trade-offs, and metadata usage.",2079,0.4748046028778701,294
d1933,Prompting best practices and benchmark,https://example.com/prompting/1933,benchmark,"faiss,transformers,api","This benchmark explains prompting within RAG pipelines, covering optimization, trade-offs, and metadata usage.",868,0.5283378787138542,15
d1934,Faiss best practices and tutorial,https://example.com/faiss/1934,tutorial,python,"This tutorial explains faiss within RAG pipelines, covering optimization, trade-offs, and metadata usage.",2528,0.7433538748047706,178
d1935,Retrieval best practices and tutorial,https://example.com/retrieval/1935,tutorial,"pytorch,ui,indexing","This tutorial explains retrieval within RAG pipelines, covering optimization, trade-offs, and metadata usage.",2702,0.7255344352012789,235
d1936,Streamlit best practices and paper,https://example.com/streamlit/1936,paper,"indexing,pytorch","This paper explains streamlit within RAG pipelines, covering optimization, trade-offs, and metadata usage.",53,0.7917685504505543,198
d1937,Reranker best practices and benchmark,https://example.com/reranker/1937,benchmark,api,"This benchmark explains reranker within RAG pipelines, covering optimization, trade-offs, and metadata usage.",2514,0.6836012396258748,96
d1938,Rag best practices and tutorial,https://example.com/rag/1938,tutorial,"faiss,ui","This tutorial explains rag within RAG pipelines, covering optimization, trade-offs, and metadata usage.",3648,0.42154496292208316,183
d1939,Latency best practices and doc,https://example.com/latency/1939,doc,ui,"This doc explains latency within RAG pipelines, covering optimization, trade-offs, and metadata usage.",664,0.27568627328034156,268
d1940,Throughput best practices and benchmark,https://example.com/throughput/1940,benchmark,"transformers,sklearn","This benchmark explains throughput within RAG pipelines, covering optimization, trade-offs, and metadata usage.",2801,0.3501547273196909,150
d1941,Embeddings best practices and blog,https://example.com/embeddings/1941,blog,"pytorch,ui,api","This blog explains embeddings within RAG pipelines, covering optimization, trade-offs, and metadata usage.",174,0.8426279487240691,202
d1942,Bert best practices and benchmark,https://example.com/bert/1942,benchmark,"transformers,production","This benchmark explains bert within RAG pipelines, covering optimization, trade-offs, and metadata usage.",284,0.49691383688604646,279
d1943,Prompting best practices and paper,https://example.com/prompting/1943,paper,"sklearn,pytorch,transformers","This paper explains prompting within RAG pipelines, covering optimization, trade-offs, and metadata usage.",1313,0.7555334005371581,22
d1944,Metadata best practices and benchmark,https://example.com/metadata/1944,benchmark,"pytorch,ui,indexing","This benchmark explains metadata within RAG pipelines, covering optimization, trade-offs, and metadata usage.",3474,0.924986271972323,83
d1945,Bm25 best practices and benchmark,https://example.com/bm25/1945,benchmark,"production,transformers","This benchmark explains bm25 within RAG pipelines, covering optimization, trade-offs, and metadata usage.",2024,0.6429755583688437,32
d1946,Ranking best practices and doc,https://example.com/ranking/1946,doc,"production,transformers","This doc explains ranking within RAG pipelines, covering optimization, trade-offs, and metadata usage.",1680,0.22083807193037136,171
d1947,Streamlit best practices and benchmark,https://example.com/streamlit/1947,benchmark,faiss,"This benchmark explains streamlit within RAG pipelines, covering optimization, trade-offs, and metadata usage.",3300,0.2041162971009428,42
d1948,Mpnet best practices and benchmark,https://example.com/mpnet/1948,benchmark,"production,indexing,transformers","This benchmark explains mpnet within RAG pipelines, covering optimization, trade-offs, and metadata usage.",2648,0.3392781297997367,134
d1949,Bert best practices and doc,https://example.com/bert/1949,doc,indexing,"This doc explains bert within RAG pipelines, covering optimization, trade-offs, and metadata usage.",2460,0.48709367383542806,164
d1950,Latency best practices and blog,https://example.com/latency/1950,blog,"python,production","This blog explains latency within RAG pipelines, covering optimization, trade-offs, and metadata usage.",897,0.24860577418281996,66
d1951,Prompting best practices and tutorial,https://example.com/prompting/1951,tutorial,"pytorch,sklearn,production","This tutorial explains prompting within RAG pipelines, covering optimization, trade-offs, and metadata usage.",791,0.7663731533725635,38
d1952,Vector Db best practices and benchmark,https://example.com/vector-db/1952,benchmark,"transformers,sklearn,faiss","This benchmark explains vector db within RAG pipelines, covering optimization, trade-offs, and metadata usage.",2553,0.8446230163105155,121
d1953,Bert best practices and doc,https://example.com/bert/1953,doc,faiss,"This doc explains bert within RAG pipelines, covering optimization, trade-offs, and metadata usage.",2475,0.39846243205941967,146
d1954,Prompting best practices and tutorial,https://example.com/prompting/1954,tutorial,"production,ui,indexing","This tutorial explains prompting within RAG pipelines, covering optimization, trade-offs, and metadata usage.",2213,0.5615148250296769,296
d1955,Retrieval best practices and paper,https://example.com/retrieval/1955,paper,"indexing,ui","This paper explains retrieval within RAG pipelines, covering optimization, trade-offs, and metadata usage.",1124,0.38802607186515214,72
d1956,Similarity best practices and doc,https://example.com/similarity/1956,doc,"sklearn,python,pytorch","This doc explains similarity within RAG pipelines, covering optimization, trade-offs, and metadata usage.",2699,0.3321666239048868,297
d1957,Retrieval best practices and tutorial,https://example.com/retrieval/1957,tutorial,"production,faiss","This tutorial explains retrieval within RAG pipelines, covering optimization, trade-offs, and metadata usage.",2324,0.666656885517851,54
d1958,Metadata best practices and doc,https://example.com/metadata/1958,doc,"indexing,transformers","This doc explains metadata within RAG pipelines, covering optimization, trade-offs, and metadata usage.",1055,0.682539314774929,172
d1959,Reranker best practices and benchmark,https://example.com/reranker/1959,benchmark,"faiss,python,indexing","This benchmark explains reranker within RAG pipelines, covering optimization, trade-offs, and metadata usage.",139,0.2999345061634552,251
d1960,Ranking best practices and benchmark,https://example.com/ranking/1960,benchmark,"indexing,ui,pytorch","This benchmark explains ranking within RAG pipelines, covering optimization, trade-offs, and metadata usage.",3340,0.528813182649791,181
d1961,Fastapi best practices and doc,https://example.com/fastapi/1961,doc,"api,production","This doc explains fastapi within RAG pipelines, covering optimization, trade-offs, and metadata usage.",196,0.8618928170948972,73
d1962,Mpnet best practices and tutorial,https://example.com/mpnet/1962,tutorial,"indexing,api,pytorch","This tutorial explains mpnet within RAG pipelines, covering optimization, trade-offs, and metadata usage.",75,0.38756101798040077,159
d1963,Fastapi best practices and doc,https://example.com/fastapi/1963,doc,"pytorch,ui,production","This doc explains fastapi within RAG pipelines, covering optimization, trade-offs, and metadata usage.",1445,0.7412281698808489,223
d1964,Similarity best practices and blog,https://example.com/similarity/1964,blog,"production,transformers,python","This blog explains similarity within RAG pipelines, covering optimization, trade-offs, and metadata usage.",1668,0.7200004009213465,197
d1965,Rag best practices and benchmark,https://example.com/rag/1965,benchmark,api,"This benchmark explains rag within RAG pipelines, covering optimization, trade-offs, and metadata usage.",1482,0.6956234728516868,155
d1966,Reranker best practices and paper,https://example.com/reranker/1966,paper,"faiss,production","This paper explains reranker within RAG pipelines, covering optimization, trade-offs, and metadata usage.",428,0.48167255768760603,64
d1967,Similarity best practices and paper,https://example.com/similarity/1967,paper,"python,ui,sklearn","This paper explains similarity within RAG pipelines, covering optimization, trade-offs, and metadata usage.",2467,0.23371510430851264,10
d1968,Bm25 best practices and tutorial,https://example.com/bm25/1968,tutorial,"production,api","This tutorial explains bm25 within RAG pipelines, covering optimization, trade-offs, and metadata usage.",774,0.2436251684924745,86
d1969,Random Forest best practices and blog,https://example.com/random-forest/1969,blog,sklearn,"This blog explains random forest within RAG pipelines, covering optimization, trade-offs, and metadata usage.",1188,0.7163181991392615,182
d1970,Embeddings best practices and doc,https://example.com/embeddings/1970,doc,python,"This doc explains embeddings within RAG pipelines, covering optimization, trade-offs, and metadata usage.",945,0.7177161254981947,260
d1971,Ranking best practices and tutorial,https://example.com/ranking/1971,tutorial,"pytorch,api","This tutorial explains ranking within RAG pipelines, covering optimization, trade-offs, and metadata usage.",139,0.4861690804304486,93
d1972,Hallucination best practices and doc,https://example.com/hallucination/1972,doc,transformers,"This doc explains hallucination within RAG pipelines, covering optimization, trade-offs, and metadata usage.",2376,0.3308607579572959,290
d1973,Random Forest best practices and tutorial,https://example.com/random-forest/1973,tutorial,faiss,"This tutorial explains random forest within RAG pipelines, covering optimization, trade-offs, and metadata usage.",2849,0.8631900241065333,119
d1974,Reranker best practices and benchmark,https://example.com/reranker/1974,benchmark,"api,sklearn,ui","This benchmark explains reranker within RAG pipelines, covering optimization, trade-offs, and metadata usage.",3418,0.2348135568434794,115
d1975,Latency best practices and benchmark,https://example.com/latency/1975,benchmark,"api,sklearn","This benchmark explains latency within RAG pipelines, covering optimization, trade-offs, and metadata usage.",1532,0.7956158885856504,154
d1976,Random Forest best practices and paper,https://example.com/random-forest/1976,paper,"faiss,api,production","This paper explains random forest within RAG pipelines, covering optimization, trade-offs, and metadata usage.",2523,0.32779665742634906,2
d1977,Bert best practices and blog,https://example.com/bert/1977,blog,"transformers,sklearn,ui","This blog explains bert within RAG pipelines, covering optimization, trade-offs, and metadata usage.",270,0.3384385218684842,63
d1978,Fastapi best practices and doc,https://example.com/fastapi/1978,doc,faiss,"This doc explains fastapi within RAG pipelines, covering optimization, trade-offs, and metadata usage.",1893,0.8261089468579266,165
d1979,Mpnet best practices and paper,https://example.com/mpnet/1979,paper,"production,indexing","This paper explains mpnet within RAG pipelines, covering optimization, trade-offs, and metadata usage.",1412,0.7236435947144557,76
d1980,Prompting best practices and paper,https://example.com/prompting/1980,paper,sklearn,"This paper explains prompting within RAG pipelines, covering optimization, trade-offs, and metadata usage.",2746,0.2712900336130317,31
d1981,Streamlit best practices and doc,https://example.com/streamlit/1981,doc,"sklearn,pytorch","This doc explains streamlit within RAG pipelines, covering optimization, trade-offs, and metadata usage.",895,0.3148526395159037,150
d1982,Vector Db best practices and blog,https://example.com/vector-db/1982,blog,transformers,"This blog explains vector db within RAG pipelines, covering optimization, trade-offs, and metadata usage.",1071,0.24352066550195514,277
d1983,Streamlit best practices and blog,https://example.com/streamlit/1983,blog,pytorch,"This blog explains streamlit within RAG pipelines, covering optimization, trade-offs, and metadata usage.",2101,0.3246276414017225,235
d1984,Embeddings best practices and benchmark,https://example.com/embeddings/1984,benchmark,indexing,"This benchmark explains embeddings within RAG pipelines, covering optimization, trade-offs, and metadata usage.",2966,0.6924783596116912,246
d1985,Metadata best practices and paper,https://example.com/metadata/1985,paper,transformers,"This paper explains metadata within RAG pipelines, covering optimization, trade-offs, and metadata usage.",2607,0.8213021623815162,107
d1986,Hallucination best practices and benchmark,https://example.com/hallucination/1986,benchmark,pytorch,"This benchmark explains hallucination within RAG pipelines, covering optimization, trade-offs, and metadata usage.",1912,0.3781185379266904,106
d1987,Hallucination best practices and tutorial,https://example.com/hallucination/1987,tutorial,"indexing,transformers","This tutorial explains hallucination within RAG pipelines, covering optimization, trade-offs, and metadata usage.",3489,0.8494983301264822,67
d1988,Ranking best practices and doc,https://example.com/ranking/1988,doc,"production,faiss,indexing","This doc explains ranking within RAG pipelines, covering optimization, trade-offs, and metadata usage.",2066,0.577852103513389,172
d1989,Retrieval best practices and tutorial,https://example.com/retrieval/1989,tutorial,"pytorch,sklearn,indexing","This tutorial explains retrieval within RAG pipelines, covering optimization, trade-offs, and metadata usage.",2443,0.7975202101331602,196
d1990,Bert best practices and doc,https://example.com/bert/1990,doc,"transformers,python,production","This doc explains bert within RAG pipelines, covering optimization, trade-offs, and metadata usage.",1200,0.5760461004376017,213
d1991,Prompting best practices and blog,https://example.com/prompting/1991,blog,"production,sklearn,indexing","This blog explains prompting within RAG pipelines, covering optimization, trade-offs, and metadata usage.",12,0.8442428326997691,95
d1992,Similarity best practices and tutorial,https://example.com/similarity/1992,tutorial,"indexing,ui","This tutorial explains similarity within RAG pipelines, covering optimization, trade-offs, and metadata usage.",2125,0.44512600619293474,75
d1993,Mpnet best practices and paper,https://example.com/mpnet/1993,paper,"transformers,pytorch","This paper explains mpnet within RAG pipelines, covering optimization, trade-offs, and metadata usage.",1435,0.8684654163173451,32
d1994,Mpnet best practices and paper,https://example.com/mpnet/1994,paper,"sklearn,faiss","This paper explains mpnet within RAG pipelines, covering optimization, trade-offs, and metadata usage.",2347,0.27178424574075294,12
d1995,Random Forest best practices and benchmark,https://example.com/random-forest/1995,benchmark,"production,faiss","This benchmark explains random forest within RAG pipelines, covering optimization, trade-offs, and metadata usage.",2664,0.5814071069581142,238
d1996,Evaluation best practices and tutorial,https://example.com/evaluation/1996,tutorial,"transformers,production,pytorch","This tutorial explains evaluation within RAG pipelines, covering optimization, trade-offs, and metadata usage.",2915,0.4185348937251906,263
d1997,Faiss best practices and paper,https://example.com/faiss/1997,paper,api,"This paper explains faiss within RAG pipelines, covering optimization, trade-offs, and metadata usage.",38,0.7295890027853991,230
d1998,Prompting best practices and benchmark,https://example.com/prompting/1998,benchmark,faiss,"This benchmark explains prompting within RAG pipelines, covering optimization, trade-offs, and metadata usage.",2936,0.6297841823960719,235
d1999,Bert best practices and paper,https://example.com/bert/1999,paper,api,"This paper explains bert within RAG pipelines, covering optimization, trade-offs, and metadata usage.",727,0.38080352863501726,245
